address,eth_wei
0xd29dfa22f77a86cd3c4bbc1c0ba7a826bf56775f,0
0xcc65244c3161fe1fd41d74ac4adbb4f4890fd661,0
0xe2663f0c854e6e22ae49e79b5d78c10e9584d287,0
0x87215b68724583c470b2ddfdd7f85f07491b27c2,0
0xb4a1078ab9f4986af1cc8bc7afb7d2f93bf4e800,0
0x51ad05a6ff7bb3cf2f0ae43e23037470c25f9d0a,0
0x8f6e9691a9c5259fef1164b287d77d60b5f3e7b7,0
0xd3b57cb5ca30f457dcb8e0f5212b6aee22372038,0
0x4b3cd06fb5ab8316d8ce8cf197371dd679846c22,0
0x5fd29f5c801aa7a92141b41c956419f61f08a412,0
0x2ca0792c1f058e9d828c5e6e0f4aa1b1cd834ea7,0
0x83a3531df43db1c918533e4dfb412fbbd3428280,0
0x926300ffe6103b8f744f26aa87f30a8517ab2460,0
0xe11569abda8b1a0d8c37e4614348c25e76dd0a13,0
0x3065bc7b4cb46d3c8364bd57e84a5245d3cb8e69,0
0x61b6f61d05fdda317cc0dce186eeb9323e5bc0be,0
0xe7bb4582a8bbdcb876f3347bce1c0535a76cbce3,0
0x2d921da34bc36abb5cc57c4b5c40d3c1e4ea4d2c,0
0xcb57ff6bbd8b9e1a269c10884b10dd4ec6ecfd8c,0
0xc7026ae215858c9d6c0d9d0e3bb864ee5c6c7b17,0
0xf047c24c74e9314ca674acb1c932b5cf7a716cbd,0
0x8e5b50aa8290b1804332c8d18e820e38fa727713,0
0x029ac130e3f3f8b09eff9e2c04ebebb3c6d25d9b,0
0xb8f340102f304cbe04215b371054545475bb1e03,0
0x5eb4f7b6c579965798891a6e374d7ed2b70d8f60,0
0xa91d44b92b107f7d19b4ef7f6af17ff961850a36,0
0x644679f6da917fa81d7ce1f8eb3c8a3a372243e1,0
0x93b9f413b06c1b0c15aeefafafe6fec096466dfe,0
0x3dcbd3d5f76fb8cddcc6bc0dc9553a2726e992dc,0
0x97bda6dc393c344b1b1747df583a070100543ad6,0
0x9fd8dc470885fe79463b4b7f932e8de53fb83ed1,0
0x47e47305280574f31cc2bca12c3e5ce995cfa3a2,0
0x4c09cad06cb7869240858dcee53dc05db0aa0e85,0
0x99786c973a9488a14f2b75052efd8441ca27264e,0
0x63dc59f13e95d0024953ca40f12405cff7f3c74c,0
0xdeaaa11162bc404908ff908f4f68a10842715996,0
0xbae992d743c96c597dcb1d2340504db6545b443c,0
0x17989efa080e7f1b21c912edad278f08b1b3c469,0
0x0a9c8aebbd9075fe2b1ea46b03cdb99c6903e749,0
0x8b88a54e235f65190a1c0d04388e146158aafc8d,0
0x4812c506b1dec67cc0a82c508f224a5aee2e5e49,0
0xea02a9bb906be331a8a8a6f61299783b0b694145,0
0x34c1ba318f7b0d852e33a0f65960f44e99dc83b6,0
0x1a87745a8cd5220ef96419cc3c41d4a2c536d782,0
0xc7c49d0de423ac499af57bcd8e0568a8e6fa5bef,0
0xea441b2c3bb9c7250b6b501c366c64d9ce2bf6b9,0
0x4f24cb29acf27b7781154b3e30f9b7dc7a27b7de,0
0x38e618461ac27fa5a29c0d1d8bed85df99d6e217,0
0x57d670e297ffa6d076ae21b4fdd1e2c9220aaabf,0
0x54fefb5b7ce632d47801a0fcd96c011b32bca9dc,0
0xe88762a7802df67a8f93c3502d1598db84f22f90,0
0xb7f6006fef318644f6b81e2f1a24c0ba870ca06a,0
0x4cbbfb4e42c56567159c57b70dbddc35b63c654c,0
0xd996596b5993fc348e827b3428d6d2fe78be439b,0
0x385e64e5ad5be588805c1393147e63952dce646e,0
0xecce1552e39c324d2f8b0f626f3bc55ca35f5a6a,0
0xf138eb73a61490351e7244d54b105d0d8087a908,0
0x08989363783adce7feea368b99cc5a1f7de5a7f5,0
0xc10d2c4494953a85dec4ed655ef2a5e87d5f274c,0
0xda36273e0e5de53986c9e7f6d527e20cd5513e4f,0
0x7c1041a2d3f6e467e524ccc9e553cc309d98c2ec,0
0x4830745cabb40d53ad3ae1b240f1f964ea324c49,0
0x428df80bc0c6f9dffe3fe2b7526909f15ce154db,0
0x396d811635318e745a3c3831b439d6f53acf039d,0
0x8e49baa35a5c88c264ec84871341fb58cd7e5e84,0
0x778c0437876a905e352d9f353df0407ec1cf8a2e,0
0x4249ea5fba011012a2b0181af11af7c81b856094,0
0xc0915361d3e7f553d92d0e01d6f60d6bb66059e3,0
0xca158b87fcebebc416e6bc107ed3c7312e757fce,0
0xf907db4df19f672ef0e764b9d8b6402c74b69b46,0
0xd5a30fb21eb38f2ce196856152594a9ae9b5923d,0
0xeca34c84675a8a6c931c24bd882b3b6187c7d11f,0
0xd2d3f212d0a854824d11c3b7b03752b9209ad4b9,0
0x644ba90f340e7c11efc4c1c96cde277b5daa2d91,0
0xb25283b50330bc48106a6daab9e0f22ce732c16c,0
0x7e06230b2d8ecfc05db864c523ddb8a0bc378246,0
0x5534e976d7521badf97152132d2963cb0e993e95,0
0xdbbe04174cc6eb9f02720f43e124255653124ee9,0
0xb1aea657fb312046cd21b0b561f75677ae316049,0
0xe15ebe8d72323f2cd81becc8212cd79675029380,0
0xec061f184b387cb422ea957a786d6035959728b2,0
0x9ae8f6d390e37231185cc3fc329278942c3bf6fa,0
0xa16fa5acb60638729069bb6a170bd3e94ce2f386,0
0xd55d3c10b0c938e434d0d8e6e862f6fd6f12243d,0
0xf4352845efc1cf4013925da616b77d4d74ab7b5d,0
0x28e06f7fab2c57f415875efc16a3e944b565ea0a,0
0x53a709c3d06a4307d59473ab93d536a9d2b5b46f,0
0xc1bc60a9d3ef81310f91f173316c3ffd97199e0e,0
0x19f6a97674a4a6771ef67d8eef18c35e702ad4ec,0
0x96bedc81e9cda5bcf659448b754c24e1654cd13b,0
0xc691e71f099465b1fd5e6c993e925c47a94f0357,0
0x7f4e7c79977038666993ef253a182d9ee7af259a,0
0x292020f9574cae168137e2ab2eff10ce19021564,0
0x70ddccb2fa01a525d5654d609eaf23f968454625,0
0xfe2110dc885b98ffec1337001cba14e4a26e853e,0
0xe93360ce6ebad3f577b9e0102a42fd3f719663b5,0
0x778b2875e598123793f5056cd693171f383a0fe8,0
0xdd47ba8940f3e52b55f33061fc495c9a6611dc22,0
0xad529d1c32d70484d73f82e8365d7e2469b34678,0
0x069ec08ec584f38e2ec7673cc8259fa1c6781e66,0
0x699e791bdb15cc112e4d765c0ea1f68288156a6b,0
0xba8d8a193de8fc8d24c6c8a961921c5840a526b5,0
0x6b3f0925dcf2be2fae2ce2fb865afe7a578cd693,0
0x78fe178d517d1aa79a3e7a7d4d3e97526a039bcd,0
0xadfd9321058b88e25cc3e678bc11cd07917c9ac2,0
0xdba222e8592b42beb4a7779920536a94fab745a2,0
0x123d4af83ef239abd472037e7ce4416190f55e18,0
0x03319412e21314cc543b108d58a1fb872e9ec83b,0
0x3d7e0c23f276558274682e15d96f2b961ea3e041,0
0x125a279396d4c654c7d46c36eb121d7e3ea7ebf5,0
0x5940568810594ea69aada75fb95eb7371c172de4,0
0x1b08807d589acd2940e47ddf9df0534074811802,0
0x51a1e1ced3485718fa0e46eadc1ae60852676492,0
0x8a5094859eee871070bfd79e6ef67c1fee4f5bb2,0
0x3b5c49ec79e491118ce2a7474588908593c9af54,0
0x7499cd4fba26e801bd21a5422204e615f2cbec44,0
0x4a5e7517663a1b7a5e4eb7d0631da1d4a0e6495d,0
0xd71adca6361f4d13504b78cc6bca8a0bada1a305,0
0x959e29361be0aa2fd1d8c686a572c4e471194589,0
0x022086b2fceebcc3113b82d47603ea96203b6e9a,0
0xb239356bfd3eeee1bebf865ab65e8d2119adf0e6,0
0x620190e812149588b7f814be5e70d9bb39b6b493,0
0x889bb7f0521d7631857f996937c180b3fff045c6,0
0x40eccd0d0f5cc9c9d52063f5cde5b2e88cdb39ef,0
0x06b8905387a2daccd14344bcdd85e1d95bafd208,0
0x5103e37722f89c817c629f14522c9ce144084f37,0
0x7897fbe03b7fe21e428ad19ccb22dc2279f6c86f,0
0xbf8a372b09081dce9a92f3dd8c8115c09c92fd0d,0
0x0c172aa8ebace166eb52c99fe57607c0c4b42d2d,0
0x8e1610bf7b62e06f6be417cd93ca20293397196f,0
0x3c21658cf4125ee3d02df5a7c9f324e37d3e89d6,0
0x2f4cbcc74e46b5e19273730add23ba2d3ad95432,0
0x5782444881bbc11b32ca56eb958ab6d0b8af18fe,0
0x33b8babf56c0ef75176fdccdd4324e03d8cd4a52,0
0xe17f4c5adb2ac7eada664ae8059eeab008cf265b,0
0xf3f6c0f003ab3690a552e0985b5c831d4dd3c58e,0
0xd315ed9a45fbd46ce167c1d2f20f438f1aa0be1f,0
0xa3636437f6c044bf3f0ee9326a0456112852336b,0
0xedbbf077a7458846d0cf3c4a752d62a07caf61f7,0
0xcfc421b6fe2147f1a80cefb0a57193ee7ae9eaae,0
0x21eaca2cfafe2aa34edcf3104ed09ddd48efd01f,0
0xae5254638656c074d75f72c8ae3e741736b44ed3,0
0x83aa38ec079e1b1882d67cbe5eef783c319c211b,0
0x38a4adaf5c02f9299c2a0a4a1cb18d1e865b745c,0
0x819f1d4f986cf9708b482eff7d9d99b93cce9cd5,0
0xedcacea43493687a0041a1535e205134f27e5ec9,0
0x1db4faa4dc92a6e6c36305e902828e6466b7b0d8,0
0xc256467978b3ef3c3be47a047f7be1fb6a8108a9,0
0xe95a2684c212498916c44614e3001590dfc4c605,0
0x3f7912c4354dae2e7af968506ed9229ac97cbcf0,0
0xfe288f366f3c302d22e0942ff3839ae5a36c9ec1,0
0x29d1c997927a8cb6ea6999a1c5e74c6d63972531,0
0x1cbeff96632549e0ef6bc61bc6e09a136eacac86,0
0x8b575a43af27c322ce1b62cafb9c2feeab58ee4a,0
0xc57f678e92b3bd5b8fcbaab57bb185487b1c8a27,0
0xb1337cf6e43a03d052dfb33515df7fa475333733,0
0x5e5cfce4009994987567da96dd6578f5acc6eb62,0
0x954d29d3e4a324d4d818b2347ac7da890801317b,0
0x1b64282289b6dfe5348f1352cc67d8dc565f8902,0
0x641e5bac31b384835a9cdafd3d289349a6f86d94,0
0x66e9c2a47c2e522062af51852e265b55824da91d,0
0x8cb85b45233dad2f7d8f3f8497a648734f8e7197,0
0x1dbdd492e7263e44bb3389620191727d2ff22af6,0
0x9def9b4f57ee8469f6ec22530e46ebdf47f60896,0
0xfde297a4015e4f5aff57cb64142d74d935b629f4,0
0xc7fda587d4814456f121e927f77718d6178afd66,0
0xd6ac3562b7e9e76aeccc5e24bf08d21add46da3d,0
0xf7e5bb30f24c56d29a6eea107d9aef0cb7929787,0
0x83ccbabbdff42a7ed02eb92b426a4a1d8109d4e7,0
0x9f2ebb7d7400d0228db4811e742492c1ed3fc414,0
0x88dd0e20b7fcee33716348ae608802b2ad49d4a1,0
0x4cae2235383a656716307c3a2cf9930990342323,0
0x16f071521ad51162c334f39e9a568625aa963467,0
0x0efae405eff5f52c8b196d21244d26d6f2c0e456,0
0x9157dfe317e7cb04ef063228c32b91e1e0c080de,0
0x21d786e52aa1631fffc9aaf63b68746352adad07,0
0x022703bc45a48a35f7bd845de8424681d86f4eea,0
0xb39a16b2a5d020925ae2e946b9f1f3caf96972f8,0
0x54da31a1208ac5f83c49b9951262fdcfac7fb048,0
0x28d5f9a9f99b34bc7ce5f0032bdbaca3f9d89ce7,0
0xf7e54260a02c9a30a1fd7263a3da93cbe51d4ae5,0
0xd9c9c8e2968ed6f1f32137916e8fdc8ae043aabf,0
0x3664e707e7bcd31e1284600d1482a9e00f1611ba,0
0x8c07eabe50f9e849cedf2fa8a64cc1633c0b5e5e,0
0x631f0f2a90f58c6769d558a2c359972b2bb22af7,0
0xbdeffd0554d9c7326dba6fdd21160631bc318d63,0
0x7d47f8dc68b240fd326ada4c6d7d3df93fc35672,0
0x5aca52bc21f82adefdd9e0567a01510926e16ffe,0
0xaf0383a31bbe2123f4ad4b0f38b2d37b048eef31,0
0x73d17c343cdc7b620d96be54ba00de65963b13a4,0
0x76d7b6fc1be21ea4cefefc86a10e22d320bf70ad,0
0xd877208a6d675655729c664718146413cd1b8dd1,0
0xe9a90198918bf9dae02cf471a4f95ca08cdf4f46,0
0x65dcebe7063631c0d3ad63ffe06e3a03afbaf8e8,0
0x18a4a4f0223740ac8c0bce2a3538d370583f6eeb,0
0xc88e6108d0df48deb1bf74861b79d243003123df,0
0x8b1672cda89f70e30441aa16ef6806d923b304be,0
0xe276dbf382ae446647f65005165b504d2f013b15,0
0xd4ef6a3a26593d3570d6222d9d0ce852a5a53fe7,0
0x7ae8c9ad0afb115f883fa2bc54914cb3ca7dfa37,0
0x9255dee86ec9a5b6cd57b64006b81d883b839677,0
0x24d6ae8fbf4784d2620dfd9632eca3e6452499ce,0
0xe66065bcdcb009be540f46661fd036473e67b649,0
0xbd110d4f05d28037cb7292e8ab765755a4309bf3,0
0x2d576e4ae9504ec59142ea126b83a09714eff61d,0
0xcacba603a0e2d3ecb25cbd0ca876b2dfb7ac2237,0
0x990c5988f136890244413e2f16a4a4be41306c12,0
0x9ba8854bf83f10a4400e0c801b81a7d654a0ff9f,0
0x492e628add5206447a297b9fabc0af3503e77b9a,0
0x2d735ce41fa2cb4eba1cb833870dbd0e846fce44,0
0x067a183f90834dba724626dc55c46c17d5e1e79c,0
0x709cd02034e8a03e635349a7d3d678df026a906f,0
0xda64eb235df339a9efb7a1d0c9998205c2e6c12a,0
0x3d2be7084d668c4e9558eb15c48e3a6363a1b53f,0
0x56a64637661ea111e69b295703491b7de5f517e5,0
0xbdb05c1189d160dffa56daa95e14e0fb881a7dd8,0
0x46617646ce2a52bff8e4b523b1bdbc1cb5a7dfc1,0
0xc240bd6554ee7d6a6557d9d0c2a7d5dac05a3b53,0
0xbaebfb9ee2c56c9664898e9edec99054845164b3,0
0xd873ebc3bc972dbedd4da89e8ba6316a149215b5,0
0x8c7f3f14eabf434056569b4c454a973e7e34cde3,0
0xc9da9c1eb847e08e25168b210ee00ecfc72fb7b5,0
0x5b6dfd2f8840eb8ad6a331755172b6c4a811a37c,0
0x45a7531468bb95d7b2c651a285d7192695c52de8,0
0xfaee779526bbc276db49c77f910809a77cb7455b,0
0x040484b7607833d1e0d8a2efb944006f07858963,0
0xfe56ee9d30a73d84314b40af8ef183740365f439,0
0xf5db6fe52921748ae877ac9ff7282398f6f0a7af,0
0x9cad26c2f1ffd9ad5c49a0cfc80b5a2af82ad7b2,0
0x5e9edef1acf012a24922ba59fce2bc0478424ba9,0
0xa5739416ff28f172c52f826783a0389f4ba142a8,0
0x958926818fd6dc61bf9edd91f55d5475bff11873,0
0x497af9ffafcf64c92ab6eed11e563e96c5709cc2,0
0x8a661d0a9af6c456e7e00acece8f0aa4d855b0f4,0
0x9caebd3a123e03e27ac7748fa39264cc0fcc3ac0,0
0x8dadd7f998175f3e7ad2876eb62b7bd389a0e0fb,0
0xaaa5f039366b858fdba723c3275b7c6d07e37343,0
0xf03e227f096572b7fccb6c37c331d0f24c581017,0
0xb4a9a7f3514c7921aab060352b13b6b88abd834c,0
0x2144ce8e8a6a743d72368a02a6257597f15b371c,0
0xb8dccc1015b81a54c5394ca64e970ff6a8c5ea9c,0
0xc4074379cce13a476b44ee695bee4dc4618ca0d7,0
0xaa77852d67bcde831cd35bab2f902c27ac2efcb2,0
0x74878a2082840b94224e7bc0686ec691bf955ebc,0
0xebfe35d4ef39214010ec6141cef112d5d9ca62e1,0
0x6c8769409a43af75aba9d1842bfdcd453e620751,0
0xe9ec4dbecc93bb5a8c83eae60205e10fd984f91f,0
0x6ca4d4a7c7bb3961ac2d718059d286026fdb1192,0
0xb2b3994c162a83f2ec0fa096e878ecc19b01c5ef,0
0xb8039dcbd4967dbf1bd02e8d37ad06619c6d3072,0
0xe2629de233362055f6edf3593a9434eaf16e21d0,0
0x2302958221187e0dcb466e63d882324852744881,0
0x7705441ac8633da6c5206e765db314d55180bf2d,0
0x448add444eca811aaa377c31ae8f168ed12ec22f,0
0x5a1ca8b76101b87db200aa7919fa0333d2e0d045,0
0x50ad3d05c3277e6c4e7883594a9c8a22e8f7bbe1,0
0x3b66ded6e67cea8c8a41acce6a2e44a36a79f109,0
0x0cdddc9a95424bb1025c6303157495e591ad9220,0
0x1b175aa0ee5e970cb193f2d7c3f7d021837743f6,0
0xa03f1cff3a00abb1f1110f6e58efad4252bf2caa,0
0x23aa21c7fda53b45835293c578ff4e63c94f4d55,0
0xfabc0bd1c0c83a09bf1129c1c4708d762c8472a0,0
0x27d900e6bd849c99d82ba640e1cf4755ffbb27ee,0
0x02364c9f5c337d85424240e94d713df0d88ec512,0
0x9b9babf699b2d3adba8f4811d0def507289ac52e,0
0xc24fdc3976fbfd915db2ec40b0d4971eb12824fe,0
0x2d8f561fd346764827d84e006fd73c3f05909b3e,0
0x6dec6b7241984fc7a79557342e8af2b545d3eedc,0
0x210cf5f8c5a27d19da866c57d75bc7858fb468cf,0
0x05866b8e3705bc9929762baa451377607c2720e8,0
0x0028b29b44694d7985d91641586e10b4126a7d25,0
0x635582623b46e7c309cbbc653431c3f2be0647f5,0
0xe0a38a01b04ff53c75637552b7bfe5681bff59ad,0
0xeeafade4c2ab60f6772b7adfda588b4911f8909e,0
0x3e15be4a7338e5e924d24031cfa3f886f56fc526,0
0x2b841862db63125eea878879a77f5342c6d4911e,0
0x73e98f0746e842779023e8fce02d2d80dc9e2acd,0
0x037dc6424608a57c513b1fec91ba5e3da15fe250,0
0xcd830ecd3eb8ffda10fdcbacbc1a65c4060162f9,0
0x73d0311b81b8e395aef540789547cbce15743ddf,0
0xecc5c56258b69cb9e4b4e0c2a81acefd7f6bd507,0
0xb354ec3a5efffe9a9ace6aa0912bc3f307a9bd5d,0
0xb068015633e84e4060edce544e093e9a38332b90,0
0x7ae015808a75faf9c1113625a11db3e4423bc95d,0
0xb8f6f66910581876c851c9e86aef5b160066da89,0
0x3e5004c93c1c4191117683ffba5ade15d0633c9a,0
0x30ac2dbf316c2d71e11e84b4c637f74bf5b849e8,0
0x96381e3f9492802771649228927da151d8e18eee,0
0x526720c82c599f6dd4e21ade3b9ee7507f240e6d,0
0x5aa3636c457ceb3425e3107951e03a3c297d65a3,0
0x782e7c97735f10c118575def2efe788acd2d504c,0
0x9d272bcef1756313fd92e69b0479ddabea12a45f,0
0xb7132a7841b0f97651bf9c90d356936c724f3730,0
0xd4d9818a07a45ede8811a5388018da8a2211bb87,0
0x4e1d28d4a27e7b23af0bba0b3999eeb78e51b79a,0
0xc784099b2aeb1802067bdaa53ce3c496d19e37cc,0
0x82dcc46cf21b3e8bc1ff8f450b57ff43beaa5ef5,0
0xb0cd5ea2a878b176367b55e91b00485f27b25a7a,0
0x4070ace6ab8a476a9c4f2ea8b6272adb6f7a1e28,0
0xcc0773e381aaa013615eb8a91261dde922217847,0
0x619ece6f493dddd7eeadd24073a2cb88b7a7b9b3,0
0xc0468d1f3472233cd28ac557828f5a427e8aca5b,0
0x71fe1d0aa40171ae7d103544c6a24784f92a4b65,0
0x6be2210192103826cd17ad65373bd0502fba0a1b,0
0xdf7ad5f59b91d2f0f2f00f5f0b20ef18192f9700,0
0x90bb9d8a09c0e33e650df1c44f7dcc8add01ffe8,0
0xd819acd67fe97694b72dff7d7b6e21eb6bbacea9,0
0xa747b1cc7f4481c76d5ab295f76fde16f1e6b732,0
0xefcdfa4f888ec7ff04161a10b2c449a1ece0199c,0
0x44f013e2ea9264adeb60f915d1669377aa7a9ab1,0
0x72553eda3b9446e14a8524d953d050cb0efddf11,0
0x100bab8b06ffa4dbf1a008e823732c358238e11f,0
0x1d0541c84c9712f37cdb8066433cd8f6e400383c,0
0xa1e90039a623d0125eccb1370431fe7c2f8e2ffc,0
0xe937724f2efd7daf4849568315eddca0975abe8b,0
0x5f8862187e66767767464b80ac87d5d01e042019,0
0xd84172eefc73d23d4cf4f269afd331f4a4a2457f,0
0x24e52217f2f2d2f1de9d6973ac2c8d783099c677,0
0x79c5a735026512f8d59dbc53684a0b44b4cf723b,0
0x2a42bc500d6b482476bdefc65ee48284c13f3277,0
0x4c26b40b7bbba838a7a7890258fc5d8b5be1b3f6,0
0x6505c2fa43480415a11b4b9b85e82365a0566866,0
0x1a09c8ab5c4b7ce2be4697255c77cfeaa603b488,0
0x419e18c5b2c74fd6af3ffabc8074973b6b3c4c69,0
0xeec2485cb5d12be171a30d55368f674f3d0cba0e,0
0x5ed5e52a4c6112d472c01c188d2bcc54b3daf19e,0
0x2db12efc45b8269325e22676a1a131c47abd7e23,0
0x8bd7d7ae616362a78bb212f644205a4b0e04c2c0,0
0x7e12e6d8e9f07910f5b8b22b4c069ff78ab6166e,0
0xd76017a65a5539ec8bc6bfe4ee228b7d7ec9dfcd,0
0x8cb88b3a612e0b053023e6de120986ae5a6cf089,0
0xa1088d674a0528a60eca956a528a1ceaa7e227dc,0
0x35fe2165ab53c962102a5af566e7ff4fe4596f38,0
0x9754ea1be743b136f4a259faebef54c4efb78abc,0
0xed4c8360c03659fa638b8528b925c2a074d8b19e,0
0x3d018b933dde020950e5ecb07a0357f59e4bfff5,0
0x7db9060169e08a3e75b788aa2f91b4ff0b43d8ec,0
0xe7717041d652f6a0c303e7cbc50e95c7e8b14fd4,0
0x7e33c7e4e240f44ed285d431b89d29c75bd28111,0
0x9662fe526e6779beb92152a503323bbf4389460e,0
0x608ab3f3cafec70ee9cd495583bd54eaa7f334e1,0
0x91a835a22b37b9ea90ad533e0a674c19719532a6,0
0x45914f45850322088974d4b9a4769bf97e99a4ae,0
0x8996b1f26acd9ecab1bf40ba3d61aee42a23f97d,0
0xfbc92670b166a84f5c401ee5207b6922ccda5620,0
0xedc312fe45952f15933b7c268a41fdfaad579a62,0
0xdf685e26fa19181abd16814d4c050935dc15f10e,0
0x5523526f09dd4e0b6f9a369772d29a24697a09ae,0
0xb0a50a6c896fcea14d181ac95d088ababe174a01,0
0xe549f73a054a0d11a243d718338cb238dfaea5c6,0
0xc5c02bd456e671540323515d7172007a16f1f19b,0
0x0217f25457ae33cf091fa086cce96c13f90a254a,0
0xfb08e56f980050e40e98b8c313ed949eca0522dd,0
0x7cbd5374774f5d975404fb1a8f44606762a0c0af,0
0x84fad1d691ab71893bcda3e9fdefea4476f84558,0
0xa0fa37b4e3d37605ec9b700b156d672a594486b4,0
0x60dfa40ac2ceb0fc2935f9991c5eba2e1e6f97d4,0
0x1adf3bda8af765acf93b4e01636066148b5733a9,0
0x2a5bbb31edf559d727dea83e3dfcdbe467e379da,0
0x763d891d725a0fa49909d16eadbaae9e65def4fd,0
0x0b815a257db754eaa018f0b5b5c03276c4fafeab,0
0xd46486c547acc56e9d66b66469f085d9118ed0f4,0
0x2d88b220725b31a97c5a90064efcbcf0296b1e91,0
0xab499232aec1904d70e40f6aed7045465a5ba386,0
0xa5848da88b6d013698fb61fdbed5e1fd39b911da,0
0x83a544900062aec1480223294df4d2604dd87c97,0
0xa8b960b65c711dce6ddb7c6ed3ed5ff3dd087c59,0
0x81141350bafa7d216ec7f8dad5c127a55cf59991,0
0xd5e2d669f7107f3f2f95000c9fb16fa13ed63e57,0
0x5b2ce38f6a5ffc5f60475719ca3675eeb83242b2,0
0x2f2ee3ee976cdb3e2661a6bcac3d0f3c0cc61dc6,0
0x05ffb34576610778cd1a0f46a3e88aa0eb7f2aec,0
0x07c3e3db8b084032a8335d3c2d5a0c505dbaf71e,0
0x256175cb93bba50c2bf3a0d16741ae465ea6f491,0
0xb57c6086bb7e3ad65e51133945c93e42ac3eb1ac,0
0xb6ae12182317fd6f51f0232240daae81d16e442d,0
0xd71f71c3e1ad3719ba1212a0d771111016f97697,0
0xebb97955aa18e5cf1d48610a3cd7f70459dbd7a8,0
0x47c3fde333f8c186c55cf2b72edf51b9f6859334,0
0xc03563ae13ddfcd20993929848dc99e279476342,0
0x1a1e6225fda2260fe9ba5b6fb25484e404e10143,0
0x3477d1b53e7f2200281d66c8ff3865b719bce092,0
0x075dae070d1fdf42ea1d883abf941097f8ad4b0b,0
0x3530f68d83c8721bede2c585c4495ef033f4ba86,0
0xf48b7bee57680ced4cca1df016e3df03bcc308ba,0
0x361c44376fa6b15cdcf1e0e00150afe0f9fc045b,0
0xf956764c64372ff5d2d62b588c83ab10b8898a0d,0
0xa68ac2532872d60ed59f76609f167e7e41294f04,0
0xd628f0c0765f64a46608fba81212f330e6737033,0
0x40012a7a3226cdc4ed6859d68b6ea2c201751c2e,0
0x984914efb5efe82076562a7ac6503a7bbd7af01d,0
0xd9c6ccc3029d5fa5dc47616019e42dcea167f8dd,0
0x5c9748f7476ca7e0c5544c93ceed27b322d97813,0
0x17f6af618ba79743fda7a2d2b60f5475cc74f218,0
0x98b2b3ae25b85b5fd590fbc94d076c8854a6c1f9,0
0x5b67d877d3bdc0741f8e10de58ce088fcef229ac,0
0xa498f653e56f56ac311614819bc6a4d5a92df45f,0
0x43b4c80d121307b6ce36503b0b82cdc38d936bee,0
0xf579ea1d722cdd7fa78928fbbdc3b6af2c45056d,0
0x75e77ca47fc4587028dede4ede95f45cf3a45a5e,0
0x545c87ca8515d24cc68920743154ad528fa9021f,0
0xc59ad9a18bd2781d2f35a4de902cd4122515990e,0
0x0eccd7ce2906468a378c2cdec897101140b620de,0
0xdcfc092b0e1b0038d9e9676c425d4d57df35ae7e,0
0x0bc096e6da0e3a9617af8d112b70a8c4168d9352,0
0x220449a1f312b9c7fbbc9378b39d1306d5004ec4,0
0xdb4ae2846096a3667a5bcc236adecd8e9b776d51,0
0x3db6315e05547710f89cb3db76b1da44fffb9b2b,0
0x480b30178ce8373b3fb683097c9ff0e10152f19d,0
0xe2ab7efaa4e89732dbc137c1572b97c3ee223d0f,0
0x1c5235fd8d01fd6c9ec6735f0d0738059485591a,0
0xa0976d46f9702abe440678afe6bc06575b40411e,0
0x5709c362595cfc1ba5c40224d5089f2443d7668a,0
0x840f2ca8ace09388f8c7dad45611351929998292,0
0x0636307e58a7a7b21754e67a6d76df3399385f7b,0
0xdc69779cde472f7c795d2cefaf0f992e3e847700,0
0x8b56b838df409d97f87a922ff69f83771b85f801,0
0xd274b945be385f915196ab1e5dc9931dc4e41c77,0
0x34f2822c0fcd0b2c6096ce49d2d65d2dbe8a4be1,0
0x116d0650ad09399cdf4f4cd1990ef66a9f2db2b6,0
0x51562075dac40587612c556b5dd5f5591e4c4fc0,0
0x43aae6264868d84611726f9a773b459b5da3f02e,0
0x86707ef568d5c6b6a95146d0cc1c3adf65bb4516,0
0xc5f8d70467ce766d58a5b33a4045bb7799171ea1,0
0xaff60163462f57a653a406a9b9bb971063c9197a,0
0xe1164387702ed0c84d01ab02e21be8adb78b31ae,0
0x4940d5e0ee6d00bbaa705299b1f144d8c71e27e0,0
0xe9817dbf6d0a965b36ab9c7db5be9976d3c4d804,0
0xb0b1694a005082b7b600377aa803365e04c59912,0
0xbca425a1bdbc49f4079da218ed0aca9e434a3507,0
0x6753d50405edf4df9f05a3ef05601717795d9807,0
0x9153f6fc19f901adf7c6d5e20193862db9698a74,0
0x5e100a9ba3f8777ec1c050149521085fb83916e1,0
0xb1e47a7542f167d5c9e713c2bb8611bd39a37b2f,0
0x66826cebfa41a8ce1f61a42f0e81eb40e6921ed2,0
0x9f5fa84327a3e26425d014b281e476fc1ef08639,0
0x5f1f9506e2205320f3e4bd7579c8671bce604133,0
0x7994ce0c179b45b8a3607e87646500d6c5b36f9a,0
0x7f4c7e9695e469f1a318beb7c8bd08e2807e7c20,0
0x9d89f3b9e0c903be58fa275b81b3a1cd84edcf7c,0
0x2e4631f0b17f22e3b7ad74f5863d28216900db40,0
0xe52164dc2eb134658df4d66e15def12313ea325b,0
0xdf7106c8c86ed6e54e53a7a18c2140eaf2626050,0
0x114386a651ad6886a01e03ac396bbb273fc6c89a,0
0x8446822f41161c2f260f822d2dc85ce4e6b3a523,0
0x8489de76da95772bfd27a4a23ae1a342bd5fd8b5,0
0x96a4d156c68c22a694a9469cc0562fe3352b7931,0
0xc0d00b3b65297fa0a8dc9edfee970e2a3d1456f5,0
0xa97eaa8f9365f8efe22396ad6b877714bac619f4,0
0xbee01a8cdb64a267c41987f9f6c6e33df5f2c034,0
0x9a8fdf42d4ccca51007b7fc8e32ad4f73008dceb,0
0xf6249b60e6d083dbaad512ad568236b1ded83b63,0
0x2c70f629d4c28d50003859dac8b0d8f4d6b0f863,0
0x7916bbec07d75e72522a615e21c71f66d281319e,0
0x68b4f415e7a64508232a3ca0f3b6f5881eb4dc8d,0
0x7189bb9e8560dd637b4a4765241b96093dd0ae99,0
0xcecb76e2834f211b5edaccee69977eefec85350b,0
0xfb59ebba68cc56cd897d58d9ec9487d09618a72a,0
0x5f3f641ad682744f884f50d81fb54f4dade18d7f,0
0xf948002787b5104aaf01f16a306379736cb15bba,0
0x469522f0a5b4820bb602192f5349a99ea8b79471,0
0x94360d44ec0895fee137692e82d3e10618d51b15,0
0x9afad1445499f9302e977e8553b9169212a3bb1f,0
0x6ec6193505df5d9bc4c2010e1938aaeff8379044,0
0x33aee6ec7cf271ca724a7fe837b520e044a06c44,0
0xb3b544e84e93fa89d5a3680657f6f855f07a7d2b,0
0x40e1054da322895ed26fa426dc1cb8ba3813a8de,0
0x6c5b26854016369b7953e2d953d06dbca8cfc219,0
0x0d17a12ab2a4260f9142d9581abecdb77f77a7dd,0
0x87ee67447055bb0f09d7731820a16f6700cb3a68,0
0xe7d6b4b6a08328c87ffea0e8e4b767e545d0cbe1,0
0xb587b0853d3c0c0b2c8c3126ccca83caa9dcd874,0
0x7ad68f79bedb95904bb4074be90da1018ba22e43,0
0x261515ed6a6a9dcc929701f7bd4489a8c23be300,0
0xaa8b554b44ad1510791b5a01bc9570b48c6d4428,0
0x8b2fd118adbcba26301ef839d8b72a46748cbab5,0
0x106c7dd1a5f3387d9aa54a0282ef2d2ac01dd6b3,0
0x7fe1d6bb366ebb81cf609eaafb10010cf6cd302a,0
0x96496f370de02aabf5d8ae9dea49c3654b8ab45f,0
0xe1896660fbead45c71d9c83fa84d9e09ab238dc4,0
0xe9285438c66d980179fb76e75d89c32f83115dad,0
0x47fcd8cd1e000482acae36dc6854604e93d099d8,0
0x689b2f15e8e14fedf175206f521bdf5aba4ccbde,0
0x553639e194a641705ac38efe34ed4ed7903f3b8f,0
0xdf7325f433b426c19c9e321730280e634032434f,0
0x552d803f3ded561c29c6fe5a83712e7771f85466,0
0x89cd67a7a1ed7554019b93d7bb358c94b68f04b6,0
0x87307e6ef7d54bf3cd1519a65ac0a7091ca6b83a,0
0x088e58bb7e932170d9f87808bbea2938a0cc2249,0
0x85965764cb633a6e7277e43496cf173778b5556f,0
0xf5c8bdbf0415f3015cd3232fd36f2e0d397816e1,0
0xd0df1a6800d3dd6986079c047ca22385427af58b,0
0xb33ca5c7d24b3459ad1b751cd2a45e46fb681b7b,0
0x95e7c98948f19c819bdb51b3ce0d634b075a3102,0
0xf03e08f56486cd241c3229be87f3430be62a9abc,0
0x97dfb5e840adf8059af07a85ebd72204447f56e5,0
0x127be6d6667780a4722df8db3b94ef109c83dd0d,0
0x927273b139a2540b58064401c6dd05c1a69f5c2f,0
0x43b1104c8e4859d48fddb67b1ce19fbfaa80b532,0
0xb328a7391ebc4ea4b5ea88cef13c5ce607daf38e,0
0x4cdc870ebde4111952fb441e8a7a0544dc13ec44,0
0xeeb26e6b71e4d8d9fbfaa2bb33415245197db28a,0
0x86ef32810a8e3f82ba592bf7d6f2c5bc56fd3dc6,0
0xc2649c0333eebc3cfefeb85eee26c076803727b0,0
0xebf0e82715be945e51e5148d21d1032eeefbe5ce,0
0xc7ab707a6480abe059cff8984bb6ca3e47836309,0
0xbdbf21704d0ce071688d06f525a0e609b84b7beb,0
0xa7dcd95aca0bc4a0cd8c3300af8ec69b66f4c00d,0
0x6e6e985df01c01f7d76be793612a6fb8db43e2e8,0
0x789e359e3886678789646b8400343ae0d5805de1,0
0x853edfe646b6f6d7c3bc32e1ea88bb52c1782aec,0
0x56e37b91e9767247343f8c804ead56d8fe839554,0
0xa3c9614379e6fe8a3bcc2ce3cbfc3eed58ad1a9b,0
0xe8d650c3489d7b3c281c84b3078ed5f64f674512,0
0x7f06d44f76e796c12f692564c5f9321b9442d549,0
0x6d098d5729c0c6c3927e384ce62c327c1a3065ee,0
0x0b20a2c77938e79d81e21c1b99bc3906792f2d6a,0
0x3bd8a1335b854e6670da8190e81ac6fdcc7ab826,0
0xea520c6020dcabe1ca8fc05a4451673af6ccbca5,0
0x1cf466adc69e249b32e49c3ee8b3fe35d02d505a,0
0x923370e339eaf71bb17b317cb5d3e35545faea60,0
0xd215b29f19076827e9f6c846ff5e10fa7f6ae719,0
0x5b2a86ff27118adb36218294ab8fb7d41b09359e,0
0xc42ff5113c72ea7c104836615634a96b0ebe0395,0
0xdc05aa7cc0f02e79b8f8de4fcf54fe6a8ed0e87a,0
0x81fb45adf02cd96f93a117518546fa831b672ae0,0
0xf2cf7d7d7eae8ff6537b9e9dbe180d5b92d186d3,0
0xb2c1f139ecbd0f1ac94645fbaf171bbb85d12a4a,0
0x9d1b7a58071d86aaebd17e820afea6db97774b75,0
0x834a862f48490a7c0b0a02e2256fa69d46a999eb,0
0xaace98f5b15b69addbf4100671c775444c8d7b91,0
0x302087f05ff16967990312957a66a5f532ce7c2d,0
0xb3d3632e14cb5efb6cccbc46c8b387c3dbe85c6b,0
0xebf53c8a955f8e0f2b4720ce586206729f35b579,0
0xdd207ac649907ab29d6b10e609c99505555be88f,0
0x41c97eb3d9aeaa5ed737370be4a4ca47886c3a0c,0
0x24f4e740a59a351db8b6e4d85abd2a050e25bd13,0
0xba4c546ce3bfea436850ce3faab22008447abfbf,0
0x120f6d1fb8ffe9cc1bf4b7e97022a4887015063b,0
0x746d396f3e3a35a888320587e578978b84c768a1,0
0xf5487d21abf087e1820415b30d8bdbcfdd66e274,0
0x1761dce743d45acab87536e884c77bcd1013057c,0
0xa422e1c173563ffa903ee557ab7d40017641e966,0
0x8878c3ec2798a1eda9350d25d314bc09d7ee1527,0
0x1e34ce68d9f9f857e45bcd107a60d36bf4deb6d7,0
0xb0096f4ea50e954ad0521f9448fefaeba3e32f44,0
0x4b5384adacbc8fba3a34af910ac3a313d37d8f99,0
0x479d7db34985426d485c29f1234ad7e93fe84bbf,0
0xa355cdc1aaa8e38e637e282b69eb1ce91d4da361,0
0x47574f08fe64ed0cf781d9d66ce3794853bd7358,0
0xaab095b80848cc1307c4f2b89bae74a986d431aa,0
0x3c83659253af03417ca6e04a394be2a259b87886,0
0x81e7365f5480f4428c125bb960be9d82fa29eb7a,0
0x7790c108d8194b1ccf1cee444344e2d7461cf8f3,0
0x14082942547a787098a439370a0192fcee488069,0
0xf85e8cd91bb80709f26d7e83c94fe15be05b7c83,0
0x09c462946a953c4437839d3fa508420423146f87,0
0xd523daca4a5fcd45c1044d0455b8415f1b7ddf22,0
0x9f50f8c3b4c8b8c32e062c046db5e67c7fc30e30,0
0xf6a2d95bd8f11fa91763084dc478a301e713ecac,0
0x0086db122214e738de39739edc0084fa8b37e66c,0
0x9d72924197264d90527b28a378c5165ba30c36e6,0
0xa858916516b43aa35a7bae2cd7b73fa3be0ed8c9,0
0xe9818b3626432525c5cb570b900904b48238fa61,0
0x7a14aa772c22cb271d3d91967c0a26726a718332,0
0xad3523323feedf418c6af81aa40271474876bad2,0
0x417c7488a6259da9d826c864d5ff81fb5e53d58a,0
0xc0b6a5889793130cac5a0e405d2106faa71d3464,0
0x2776f093d7adf00fa0d46ca7d015a6487835af1c,0
0xedd61b55edd3cdddd53d9dcc13442b542fc07ae6,0
0xa6485e73380893b663b398b485c20584062393b9,0
0xc488a5e6f1890e330e281975443cef397e8c15eb,0
0xdbd5a23356341f45f0a5f2e1ba0ec7916a334473,0
0x5aa0653a1ec090f785fc8c20c072a926182c62a6,0
0x069c3dcc9786eeff3861dde7292b469b1f8ccb37,0
0x824727ac5ebd9c36081183ac48290512ae797960,0
0xcf12ad02f2814c012e69825fa4192a13981fdf9c,0
0x67d782678dca125f37cf0d4e44703c4ef45a06a7,0
0x7ff71f7514a9a1cbec265b2bcb4885ffc23c6f73,0
0xc62be2b815b0dfebd2d9c2bcf6446fbda82fd27f,0
0xbb4e79137bc6169d185759be8ae5491b70ca228b,0
0x23b413641dc368e0f439d443aabdee1038b9c7b8,0
0x347577525b57f62dc8efbf1f976240b22db2247d,0
0x3635c8e7fc22058756103d6106b273f02137ae4a,0
0x201412c69bd1a938565371d33d0353073f25296c,0
0x9a9d4eddb6f0040c51c7c936e13379b18b534537,0
0x1c261931b71c9fa48abbb5978b3945676f764758,0
0xfed0c5db56c78de06d8e7307c1add7fad56e362e,0
0x90ff463dc85add172e946cbb7d1297926ce32534,0
0x4559cb48ffe3469864954cc30270f079ff86a7d5,0
0xe02c6c2f59ced52a6d8f449496ec284e5fc18885,0
0xfe107ba022967a8ee280bba3587b99dd79fef2f2,0
0xef09d096658983dde9fb561d1889d311fa727cea,0
0xb9f08b8044df8d090043863d94ddf9c5a7fea299,0
0x2805e38b6124f1ca341a2367055b5bfdd137f155,0
0x06b726748bb5a894b2e34ed52f70e08bc911b1cc,0
0xc955fd2b32a47285cfb4bf2d101cc58979287ac5,0
0x3f7f083b0d70e83e0bbe3e4cfadd921201bab1db,0
0x07d52e59110816b84af91428979cf93411035b7e,0
0x533e31f57e00955429ee1e01c4c8a14293e9b63e,0
0x1d0c95207b821c9183f8384fa2982c4142f9acdb,0
0xbe154fd43df8376c63cee158a75e4594eb23aa61,0
0x05873ff2fa902e7ef5413d5e6f79e4101dbaeac4,0
0x3bb9029b22db07d541cc22cf9e0cb3eb4cdf9e25,0
0x28adad0c97e54f279edc004d7618c996f6fe04ce,0
0x7aed1977af119d4aa7a6e20bf459f4f22491b84d,0
0x21131ecb7fac6b708b74414f1f5b0b398fa7903e,0
0x51db1eeb04170c365f1c54599e5cb2c2a6b28330,0
0xc31aa4e4006472100ddbb0c7945cba69e9696f19,0
0xd357d962d6d11ea0e2ba282790356aeae80a3376,0
0xc81f6f16de5e4ec02c6ccc4ea5d4b9fdd15f38f4,0
0x667b05121c166001b7e1a0aa04716decd650733f,0
0xfa73bfbb3eedb7b9f70a54104a697a0bc9c82742,0
0xc7ee258ef186c6889f4ebde33a9a9b5cc1a28d68,0
0x42415d148d18b8b24a05da6f9429c14c8210eb9f,0
0x82ee7e3b9250e2445144d120ec58264838611332,0
0x3afffa36feae4d1c27a8281bd9187467e04f6cec,0
0x97d42ca77c00d76fc593771fce03064a5cada327,0
0x6747e2e77f6e0798db23497b49b4dda1a5ed469c,0
0xd093e687a5b6808246fedb486b6a978d6c276833,0
0xa1b1d7040e9262fa4165b11aa7a1d083f2415fd1,0
0xf791b6f7ee1c1620ed2098b4dc5b1df12fb99877,0
0xd43d37a395af1729d757c5164be4b3dcffa20687,0
0xbd2c02cc6230eada5bdb2e4250f8a5a3967ab3a9,0
0xd3a973c8f3c896d6e614f6c2080b8782b77c9e75,0
0xdba365ec7aa97b8232e9f8095fcba53ab541201b,0
0xb2acfd4412e214690f0cfbe50390e0b4ef649bf1,0
0x049d8b4d65f9e4d69811c3a9bb1ac927c6cd6fe0,0
0x66fe512d77693c387572be07ea6caef3c1e121c3,0
0x0cca4e71be98d92a9f5aea322d751187568c48a7,0
0x11f82ab3b3260405964ff903c143826806b62b15,0
0xd4fc6acec653ff93d120664ed6faf6504cef44ca,0
0xd3fe3f707154bcbea90fd60b4cbb496d0457ec9a,0
0xf9039f459c7fa60f869c0f51dc4c614bd4ec6b02,0
0x8fb99b9b47a521ed9e082fd0383f7e2306e97290,0
0x4df26e19f03c84b8eeb97a3a1b2d470d317fa694,0
0xf396002297076b41585fa23234799eb40b614b26,0
0x58807772980d8c6cb81f7ca6d8b7279959f01b60,0
0x74c299b74b638dac04b542a25f94d57455631351,0
0xcc54a69943b56dc7fd04a630c4aeb73b873a4d2b,0
0xc11188360a409c3f17b73a2af1ea4ff108dfbeb4,0
0x7e51976c6c8e419008533265f8559da719efedff,0
0xc3267fecb1a8708421aebff3879f7672d6930b79,0
0x6dfbb39e45e68fa3a1ffd310b15d492bd17cb077,0
0x3443d52b148bfc752a43faf011df179fc630f786,0
0x11dff8d98301cb010e46879433be062627ca5280,0
0xca44774d2b99eb7b22eda0d30f7e639522473b90,0
0x98f1a31204366971184ee251bf6da21018640162,0
0x3231819370530212a6aa39c1325a869078e8bdd3,0
0xc8d859e6add6f93b23b40c7f4747df9c7fcc6ca2,0
0x45d1f7ec59bee5344a1851334802c7ecbe4152b9,0
0x65ec2a5786872eca5abb456e1cdcacc731c2bd85,0
0x7ff5cd89334e055cd3cd0422c50069cdc81a2be0,0
0x3808ad51390708df85ce8b337531ff74e3d08020,0
0x7b1dd72b8dc78c36bee839401ff196de8afd973e,0
0xa64062bb2f8bef52d654d186c4e9949d0f81aa96,0
0x555e459d459d5e77fb4e01149e8c4c99cc45dcef,0
0xfa34f103753cb14f6bacd2ec204336eb8e29f026,0
0xd59264b276f2b7f7ef171b3c8da05d357dbdba6e,0
0x64e0e94e202f30d4b23726c15b422f9a980b10bd,0
0x168bb5254ccd2e85c335f6d6a62b1e8a89b891db,0
0x224c5719d0f39aa1a34126776e9bc49067e0753a,0
0x60e5a8416ead8a187d6a13dc3362850979351e46,0
0x81072833e9813d7dce5077ac114c38a8688e95b4,0
0xd24afecd4522adabb27348402030e0f8d6abad7b,0
0xad17679d3f93952aadb1f43c665905cf6da1910e,0
0xa5bee4b3a3fd49d0c3eb32ce63a0036bc89658e8,0
0x2b278cc5b03f5bada8ec4f2ba5c996cd84579f2e,0
0x1c714580c99aa9be47bf9c0209be08409d96d175,0
0x8affc032ed2ba523e01829a3514955e451275d7d,0
0x51c64a75c181fa60d86475ba9b70bf768a0d36da,0
0x7ce4e2712bd4c3621790c439dbbf659d2a08fbcf,0
0x8fbb93ad89a3f27888ebd9c8eb00df89c4f7ffb2,0
0xaaaeed72c77e66c6af7ec73577418a259a9b0467,0
0xf2531fb22306d6401edd576915fcb920ac97d555,0
0xce2b2901134b7ef8c50035357e13a40baa303baf,0
0x276cce1c06e7980795de1f0b2dbe6fba1ba40434,0
0xbaec632c3d1cfd0901e0672b01df36c4043e5502,0
0x520cfba97f7817be14c8f4a4d7f381e00432d79e,0
0x391f8bf6e93efa519bfaa1b3839b5e762915227d,0
0xcc60a0ab1ac3a7f317a337837bd858c0871f15ef,0
0x8f00f29409b9fb9a5682a280fb7c4583634fe8c0,0
0x4fce5bbac9032658b24586efd648c9357833a8b0,0
0x2effd4f2b2cacac0b4b3adbd35d3184b99de4366,0
0x8e0915c9f002399cae4b99957b818662ba1ff2d4,0
0xddfcce92dff8b012e9554ffc6705d4dbaeb33fcd,0
0xdb65b67deeacc008fb2791fe534fd6d1a7118422,0
0x61c36afd1c5d349b0151d363c7e1220fd954855b,0
0xd241e40f7e4dab5d81730bffcfd94dfc39d8f6f6,0
0x95718123df63adec549ed5da169ee209da9e8752,0
0x6780e0d43fc02a4f4833a09711a1c4d91277d27a,0
0x27d6379a1369a03ab438ee9c94dc4bff8c3a0e62,0
0x95fa2755d7a77224df0a34a31d65cc815c484df3,0
0xf91552eab97470d5c42fc324ccfe9f2db974fc1f,0
0x1068dd0a2668aef53acad3fc8bd02c4efd730e3c,0
0xb6dd35b5d9a51a8d3fe698703028a7d8ac5dd1a0,0
0x0d3702640abe3cdc912afbeaf9b2a841fe103856,0
0xf64898ceec2062885fda359b3d53b1ac3f06b9ee,0
0x2e8cb36b245a982c089bd458872b3a08b9e4449b,0
0xb1452a3097c2eef5e812d9d2589bccf8ad1f84d5,0
0x6b55ecb140874a9650d231aec862e2305819075a,0
0x4119a82054844182fef2faf241fbb4275387496b,0
0x19f51c6034ebf82ba27e5386eb2b480f64e7a328,0
0x8156e11c6df4b3e1303e007aec41812fdd919865,0
0x77f6cea214df70ad681441f20ff777b93222216c,0
0x144884589e15e63e9d26a9dd8927f0943b2cc64b,0
0xbc4283f416fbe725a11cdf6e09e996e4251c2c3f,0
0xfb56f5b81e2d525ab6d97abd66f1ddd8a3343e2f,0
0xa648e91b60acdf9ee2382cf5ed5887a1acd38a64,0
0x25fc551ebd3862771fc403dfa7e85f8177a6ad12,0
0x3005a7e18ec09cfd773bca62d78d71490205148d,0
0x44dde5336937752ef9925470a1c5e32741bc4e0c,0
0x02ea952674b0d0faaa5483df5c42d69ce3902aa0,0
0xed8ee7fbc8184b63fa5126099d5426cd4371aeb6,0
0xb12db9d69454a33226f9f49f150b22f904e9bdea,0
0xaec31581be07a2fd47fa72e2acd08c760953dad4,0
0x9650dbd2639e7f668be16b84492bf2d0ac326233,0
0x4ba31a71537fad660dbf969539e9d4b4b54e3a6b,0
0x4c089916c54446af3e35f114e5c17838aa19c8ef,0
0x6c902055acd5fc32916fe149a319774352116f36,0
0x2cfb28db6ed2f32a1cceaddcf3eb3c6c586215b3,0
0x51655d4e4a9e2c0423bff16c1284cddcfb98f2ff,0
0xeb43d11adad0a306d2a622b7a21406981380ecd8,0
0x03d520f3e2c42718427e7af700e145679468b5dd,0
0xf9677a46d36698593374321520827e6461b0a282,0
0x5ac51aa709983a4b43540e132c56b60ef4bc609b,0
0x052897523e3dd6d879eee8065ee949ce11d0ccde,0
0x02c1887df27f0c4ac3ef586e89483231dbcddf5b,0
0x5d0f2bb6d78bc7541ed2a37d3ca0c80cdf3f5c79,0
0x378ea256afe0a112041c12652d947fc302825823,0
0xf60cddcf23597fef00ba652310b03a8ac2fa5208,0
0x2d9a1c65b8807ea949752698e2bf4e3b83ddd3cc,0
0xfe1b82999594be846e3c92c117169da3f628d171,0
0xe6d529772af0ce0be3d1c630d650f3ffd50f6025,0
0xcd5f30d5de8c232323a174e41f8eb127f7a23869,0
0x8e59e1d49cd9a21b10c3beb4d1fcdcd567956a7d,0
0x54ecdfde79293163cbd3efe3ea3d49b04b3f3b9f,0
0x17104eb57dec53b9ee016c70e7c9017406f74158,0
0x0ec55f50640b99ca8213e5eec5c65f396caada27,0
0x9f63c3990db49f1ddff3b22e23e6acea8f16daaf,0
0xde892c50839150ef13b02adfdb305bd3a0d01388,0
0xb7280543a615118bb79c9f4a8dd97b4561096407,0
0x71f93f2826019db43c3a6052f99ed6dcda8efd05,0
0xae9412d358da82eb292d685f26a61114dc069727,0
0x9bfcd71cb13957fccda89845244ef79f07646095,0
0xbbc62fdddc5473be669a1ffa764ad3a1c8fdb5bd,0
0xb52bde66a4b371613a5371ceb451e08cf8017156,0
0x89f977a9ad4fa4b113fc98c06009aa667da3980b,0
0x61fe0e5827508c073fddeea8931c32292a134cf7,0
0xe242fbdb04a0e13ecae981bf397e7bdc878f3512,0
0xcc0321b01fbc7d8676744227b8d6bb6775fceccf,0
0x2bed95420d95bce3403c8df40aa42706675213be,0
0x666dac95ef8033d12e9b32c21a92e805fa28ef83,0
0x6de40b2882cfb93ebafd011e8c7b92fb8b33736c,0
0x23a59f2bb26791028b0df66182c2421acfb94e06,0
0x6128f2d606995bc490c1db91d9f54559212d21e4,0
0xc3ba6cabddde47e0f643ea53db46cf0838dac3c1,0
0xcdd5431bcab2bcfdf5ef08c3983377046782a6e0,0
0x0f75ba558c52bbf59e1768c6703f88654c11790b,0
0x6fb50c4489fe6ed7c44ee1d993f7d56356367900,0
0x1bf825b4a50ed0d2b3af2fa0cc0ccc6064baebfb,0
0x46112bc9d06e6b33d27e79b55ab807bfd21cb17b,0
0x7ba3ead1474a9c6576a8af9919bdb8d53718e641,0
0xde8bca04780b9ebadf82260401d7ce6f980f6245,0
0xfd6d83614ca83d681b2f734ffa396e82e71f1bff,0
0x4f3d62f16ae4b9b6951ee085b8d1ce4710dfa859,0
0x32b71940263a9c171ae22b5e19ebd484fa82e384,0
0x48386383189f19383af70b8691aef72aa75f32cc,0
0xe283a16f3b8cc440e813268ab271b1e9c26184b2,0
0xadf003613b85e79bf37f14391817bf1841558801,0
0x978999107f53a0a7074661a28fcc035780ae968a,0
0x35ce6eab1324c2299c93ae028bf955feb19c7eac,0
0xde88daaf5b73dc01d2c04029a4f400e231c4dba3,0
0x77a0fab3593ddad7c15102ecc0301b49c0642d1b,0
0x056e5665c76687b46b937de5e3d570178d82433b,0
0x4adcf6ef2f0b15b349d9a638ec70f17575decb75,0
0xb4f9aa1dc89f1083d7ee54ec0c6e35c9ccecd794,0
0x944a57672a88a09d77f4421c34ab096823806129,0
0xd89f7cb51aaaf101d195698bb6e30d8459840567,0
0x17d783d3d336948466dacb4d53cf9c65a8f5adfc,0
0xcc488ed08ce29d36a826059897d90c6cd259ecdb,0
0xb4d3d98ac567299a350803930548cb51ecb342b1,0
0x4b754fec52a017b7a4b1ca6746ec99de78cae83e,0
0xc61a9e86a4150cc3ad320ef517bd47eb1827cb53,0
0xb8d5d45f911fea05e11d4bc00daf15af595b5b08,0
0xe92e052b77898abd91000a1ac9003daeb6fa4d05,0
0x32f27fb8ac2a4f34304aa772af721ba03abb43b4,0
0xf082272633100db2907bfdf299b885edc634f661,0
0x40647d09dd36603ec1831f45455d0baf7a86d853,0
0x00e5368594b6d230600ae08ab4c4624a0f000e79,0
0x1bca7cd49c2242c7d47d2e7a3f47657e436c3dac,0
0x75d07f28457aa51f6758b4a752b4befd7851faef,0
0xd5bc9b603ad12bd14b14bb50952e7fc6c028dbd0,0
0x81852f2ca7f5877a9155b4600ac4206954ca8ac5,0
0x031fe56b83e9bba6fcae0c32ee5a921977a10b95,0
0x99c4cdb241a0ddfb6b275828b750ce856f5b89d9,0
0xda38be1a55edae7739a7e7758e6fbe0336fc54de,0
0xc29e2149d030043965004935439de68d9af0aef3,0
0xf4bf42d4b72ebb96220fe0cb6d90c7270cec206a,0
0xba1052b2cbf863f75eb91de25f13f75c18db9977,0
0xf2c601a363549d8d02acd59062164f2c2c5cea74,0
0x430dad98c0a2fe2c3d820027bc1e42b2fae3505c,0
0x1e431a8d8d9cf70d4e590c74299c9029c1d21d0f,0
0x50be54bb703617972e03a4a7161228c6d21970ff,0
0x5a8b62a6fc76767cce54f0eed0ff2249282ed5db,0
0x2fd181a84c4b6ad2cbe5822ffc1c26a7dfd6c86a,0
0xdbf2f748be9f36e45826cc268a7e0a946e62da96,0
0x59bd5ac2d8ecdc37df2812348311c13e6814a6f8,0
0xb8229b880c41767141de9b9663fb49bf20f6e28c,0
0xabc67121691a5975b2d67043389f10f4cbf5f254,0
0xca717aacb6dc257e8b8c8c0ac876ce9267019232,0
0xc610e13acbc9499c973d05567c4444d7f70e0eb1,0
0x20d88b17ad029cb1977fca10faa34e64c86b5a9d,0
0xa499b8a08a31253231b6e3121cb2e48def6e492c,0
0x3840fef1521f0d15f9cb4d1156dee79fa1b20bf6,0
0x9219aee8744a62b4d90db67c09166bb8409b2235,0
0xbc9d59b51e48c3896f144261b96e6cd14b366b87,0
0xe1f114841c31bedc266ab3d0c2b29ed20dd8ff74,0
0x73ec6cfaf271c9970eec8e75105500523b85ea0d,0
0xbb2ba8e5e68957935eec5facf935b15b110b279f,0
0xa2cf9d8245c2f2ac836f8bab2e98a4643462905d,0
0xad38c10f34e65916ee06b467932d17a9812ba62d,0
0xf45fc4a11b130b9632dc69556a29f664928e914c,0
0xa2199c9bdc123755a845fe330a4aab069499c49e,0
0xc5ffb4204e9f13dad1ec702033e62b2c4964aa70,0
0xeaf99899a4c314118467dd82572f4aabf2f408ce,0
0x7724a1464916a57be5af26eb79ed1dc5a84d84d7,0
0xd7cec4dbf305a50c6a5d89af3d2d4c1f7f33026d,0
0x828830445eefb07013097554a32247e4169b5072,0
0xa2c2aa4a47cf8fa2d16d86e0ff6dcb3f9f848c8a,0
0xf206c00ed6b77e5249fce131b2661103dc934dda,0
0x0a47cdf46e241006d886457beae58329f5bc6251,0
0x9c85c6324576c8485facc4724ea2f02d33bde9a8,0
0x32e76600cc3e04b73100e35603668731f446b4c4,0
0x58d8ca223912a55971e589f1745f8d7a60bd55af,0
0x65bc60ea988542e96d4efa4ad8d967ea0556b17c,0
0xc8429d7a35f72c228cc805761972a12f5cee43ec,0
0x4c08f73ccdb03acdaffc25acd6516e4d16af94d1,0
0x8297421f35ebc5a9a4d14f4f9b9620eae05eceb9,0
0x95335ccd33e4551560ef200a2cf4599ad7e51f57,0
0xc12aa57a5c2f3307b91c8c17015c2071500c301a,0
0xbaffece041e7505da609bc8d739930666e79e2aa,0
0x3fba671becd64818aed61ae1c1ab0e01729bbc49,0
0x3743b47e5864e2c733068e1e4b9bb56d3b06421a,0
0xe07f0669c89fa94a2cd6ce02d173b0d275fc9f47,0
0x296debdbd0a77a070967d6a44202ef87cf2d3478,0
0x89e6281886aa814cfc9018cc4eedb01a474ef07c,0
0xfeb39b4eb5446cdaf06501aa65a0a44335447d70,0
0x9e77cfcf78aaa66e240e339383f175efe9a1ee48,0
0xb0eff98667d3572aeb6e10300bb8ad3d0aa3fe48,0
0x14035f7f76774a3dcc96e3b72bf3d2f3fe6f4be2,0
0xc80e9571cd0a43095c1ef09251d5970e832e9578,0
0xb9280f7ec6e856da664d0ca1c208466f4c881814,0
0xa59ddf24dd4b8facedba6862d293531e58820d1f,0
0x207fef83c9192574a551279d05b6fcd385cd0e94,0
0xffdf9d1985c6d5a5bcd5671616aaa1ff7900c77b,0
0xcae2618b5d57442c744fac5564319dbc76e913ae,0
0xa40d80b71e9155ec3154a521e415e077eb95266b,0
0x1c465c31ab08d9a7451207e0e07967834eca2aa1,0
0x136ace6609c1a648d9de0609984b66108749d173,0
0x583d94c48078cc539781fbe15c765aca3c03ce55,0
0x1b0ce96925aebada396c30e101b1cb6818ccff94,0
0xf57bf4c31de21b4e0754858f36936784e28ee8ee,0
0xc6d26bd69313fef2358ffea9b15c0c86bf03a93d,0
0xabf5521a0135e76ea65dd5bfa467240772f7d555,0
0xcfb7c95aa8995ce39c8a6c795b2b5e6bb970abb8,0
0xff9b4af497dd7f2905e20faade711945a5e56701,0
0x740383eaaf5f061afad320a9ecdd224d6cc8237d,0
0x8535418d9d6fd4fbbeb6c2e64e3c767227945cc2,0
0x431365ed44b18657c2e007fe9748ffbb6bea8a03,0
0x7962532e4d7f51ad5da007012958469e81e522d0,0
0x2bb4bbea7df11a8ab6211e0d7836580d1b8fd15a,0
0x107f5ca28763f5e375578093f3fb52ba6edd4d5b,0
0x1bb356257761f425ca9593cff8293600afe7eb3d,0
0x915266a077c65c5b8ea9ad316f511c1b97ef9504,0
0xf57d159f0b80595fc98e0c1242c68be0959b8e21,0
0xa9212ec8a294c42d115d49885255425923bfed5f,0
0x097a0bb74a50cdda4a1f5c507b400eb83ae92d4b,0
0xd7e083491fc01db5cde809131b3eedb3ff67511b,0
0x917426335494ba74fb97b841e5637a22a3ddeac4,0
0x7790fa48010b575642c43a0c8dc51c349b2aabb6,0
0x5f89b5375506b147cc145f53a5650204732a01d9,0
0x0dfc17d26770b68846ae7e20bf3adc85ab0bb4e0,0
0xc114d0d634c4aabe1e4c91d18c048a5b33837ca6,0
0xc468eef3cd9a9a16c754ee7afab7d2e47db3a803,0
0xdc609a0fbe4512fb833e8980e18c262dd728bde5,0
0xb2979a22cd554a4a3db91c7f89338f7246987d12,0
0x1a9bd4aefe96e4b2a3c4905ba431bff27679855f,0
0x5b633881ba5bfe2794b0f2e6d45701b8c986081b,0
0x16ab086ec1156ac51425044592a0500e85c9814e,0
0xfdd6bc48335e6f19f4a7936a96e8a176a47f6a53,0
0xea4c6792638b72820fa79660aba6a7086a047cc8,0
0x3d5b6f20203221d49014269ebd4a713aff141c7f,0
0xdd6b17c6ec06123a2dd2b1ff98401903b4b23c65,0
0xcd6b46ed64dcda286c6727c09d32234e62979e12,0
0x67471a0fbbc189603d54b180f538b70cd822974a,0
0x696c125765e333181e55b87e1a5047ea6edf6f1d,0
0x04483341d1ae4a46929d9e3f01ad89e05b799ecd,0
0xfc1c24d056d40347e2eb737e0a9314732d79fc67,0
0x4a184ad8e6400a57ea2ec6d18062818cd8be0a91,0
0xda909377a441536f0323d67297057776d034ef09,0
0x145ea4bf98c0e3b7281c7696d4025b764416a12b,0
0x2b0f65d6402354c454bbd0a1683dea2e89538a62,0
0xe6baa46383092d6db4692e8b2145290b6d8aa621,0
0x5ab620cd96cc600233bd164aa737c30288f82cc5,0
0xc2b830593355ce07d5bba8f6cb5f8d7022c52378,0
0xb436b5f4bc2a75347cb062ddad2c51aadfaaaf53,0
0xaa93a5d993f05a07762791b58a7da4b93753e993,0
0xfb8d09d8b82c1f3250c4bb736008a7196494b348,0
0x4fcb5d035ec73996b8148d5e75e906798ed2e5dd,0
0x6374e8206b31b961f44d33b97358e8f1aeb4a784,0
0x7fe01e312329af4b914ce724c56813063935af05,0
0x4e68672fe615b4c40718fefcd918adcea6f495b0,0
0x4f50e1cbd0df553ead2bfeed77311e4feb1f1897,0
0x2bcd4ead18f8c791b3d00dc30898f6c738270ff6,0
0x96b1c95c16e96c23a545fff2c3835e33729b02ef,0
0x896c355f655312edd7284d33275908be2eab7f44,0
0x70589dcbb7ea27a4c97b14f835e32fac114eafcc,0
0x1c442e8e6db34974e73ba57b1d3ad8f0f0f6efd5,0
0x1507feca9bc05ea3bb04ecbef3c0cef828d62bb2,0
0x5c2b0300be521bd66eae396eb481def96161ecde,0
0xf6f8cb58d8851b373f3ebd521d0c704f4b148491,0
0x901c90db58bdb96d4ea5499ab8f8651ec40f23e0,0
0x28886563fbb6eaf7a327ea53eeb60566b6c85944,0
0x075e0ea26035edd2f174d3398a5c676ad5c7cf9c,0
0xa6dce65b7df483f864fb62a2b3be01c3407f1ffc,0
0x20a39e3dd9bfb5a758afeb07cce28e8b241043b3,0
0xb757401f7f4723f26bec711cc9e8c9da9d3be975,0
0xdfd107fe1693d20663007e49b69fe3e092728786,0
0x52241f6a0328afcae7eabac7aa2f9a083deb9e2f,0
0x667d43b6e2945084a6e1f6945677232669e661e6,0
0xdc2515180a5acaca393087058024d810ddb26d4d,0
0x6340c1bdbb951d7fbc08b8fe031eefb122663a43,0
0x009cc2b27bf247efc89e707b07c7748e1a85e8b4,0
0x2aa46fcb47ac41b30ba9ddc7db0ee0bd1247da9c,0
0x9d3d7aae7ecd7e1b73f1f09406e0d9c757213476,0
0x185ff8ef53bb60dd29f9e2dac84c892e471dde87,0
0x25e475f01788a1eec8ba19fec8646cdcd5a1d691,0
0x8365f16125c4d3044e4c6d61690f64ab5b8fcc54,0
0x59a086d9d826b4e9d933189a9ba2b36c609c2b9f,0
0x73e3ff916332c41b07a1edcabc15967582add748,0
0xdbff8edca7277a25845f7cd19390b46081ca17b7,0
0x409769a4d74cb330930a66d60128054285c6e342,0
0xcae40d5b543f4f09858d26f7e1a32a6bc057c502,0
0xf87a0bdfd6e6838d0af5d52efb7dfe3afe9e8f14,0
0xa3649f1f4bd896522148b8ad3ced8a64be81a1aa,0
0x1aa1bc08c77c51425b625302604016845bedbba3,0
0x66a7319103d8c6e1d05cf7530b97fd25e8f171d2,0
0xe8255c487b8d2560448f99b3df02a5c375aee030,0
0x239a6c91686b30175643480952995b0be74dd47f,0
0x926d5d5a670ee68a9d0ad85d42471c95e639091f,0
0x9a45be9a2779e6d3d5d898b0724722a72478a6dc,0
0xb3cc085f11fc6de7ef0fa98de4b1ccfabe53982f,0
0xa8eaba9d498a3e9a5583f97f8bb41131ea3116d2,0
0xe1715f5e5ef4a7170241773f041a4280f068b1a7,0
0xb31ba2c2ecd0077eac01f3e60b75b8e2dff152e2,0
0x73e87f59a3396de3b094c175eac91a97fd1f0f4c,0
0x5cfc14fd481b19925f066e5a15a34bf8f5d74c83,0
0x00a99f406d7b74f368d9d939378d6a73e4b4550c,0
0xc2942e246ba189a519e898b3087d88530ae575af,0
0x1f33f820b396fbf3d678b4424c2683457239175a,0
0x6ee6a07814e1f57edea86019e8fef8bbcdbbf4e2,0
0x0df6bea83b576fc77095834e9616cf5c1c23256c,0
0xf2590afe0ced57b021afd96084c1542be35d7e66,0
0xf7c11ea7680b4c40df0f73d685ab3b3fd3c4ea7b,0
0xf4c2a5a6801f8f9907987518926ad448f59a243c,0
0xb79ba56abcac71a4f8f2ad58262909668f1e1af1,0
0xe8bbcdbf3267ca7f03726ef269f04cf1c144285a,0
0xad7e80bce2c345197b15176864fb942650498ff3,0
0x17286b1a1e057dd516f209e5a8e0422b66daceb4,0
0x13cfce1e2b79e0618c57f2389d428ad4b50b0162,0
0x1c7feec41c93a3d11637e58f729c5ec9382e406e,0
0xeaf44e1253ddc4f82052aa4bfa5655f73a293d2e,0
0x74434898162d9729d708cf5005d0695f9d9ff9bf,0
0x1b1d5acb881a269cf5a928e5e66140c05f1c888f,0
0x49a1cef3f46ac7ce1102e4568ba17831366c6cf1,0
0x60cac269daea3ab47074f2868186eeeeddc13ee4,0
0x0b8187cf98073a066474017e75116af95e15b9fd,0
0x2f69855a3de825ba73a8b7ba93f97da1ae7edf68,0
0x88e6257e1950ee8de55835b92f2a5214cfc6a940,0
0x60bad80d87c0791538ad6a276a202f19866255f9,0
0x9d5fb22cf30bbb9b24b9d66aaef80fe152125f16,0
0x6ff8fd40928911f4f66955af42fdd9a9f3fc109f,0
0x3216f300b5d06854cdf9bddddfd96caaffd238f7,0
0x498b0861f0650e779114dfae1aa665058df47a27,0
0xf20550b50c5d1ad40bb9dd03a32728f0baa34ed0,0
0x2b70befa7d3c5573e657895063ece17ea4447529,0
0x10b47e4fc919905bba3c11a3d4b4cd62157fbeec,0
0x998117ca43b0a8999a772f93f1567ce928e80d55,0
0xc40bfe8c74bbc0b4a15d6440b84d817fec6291c8,0
0x1750ad2f32dca8ee72d48a40e6d4c2cc57b10392,0
0x21edaf42f882f376144750e994c0452d873ea960,0
0x17794337006e20ecd3b0947d08f78304f5755a22,0
0x6747bc2c3e35d5aeefb23c33744cab9e478524fa,0
0x809402dce06b3c9a3ca4b03c1f55c376e7c96d52,0
0x17acb4fa8c4c9e8f37b2702c806632e85b762b9c,0
0xef0bdc54043a6b8a234a87245d14dbcc37778345,0
0x145e888e0226712d2a0f0dbdf28f6fe739e45b0e,0
0x1273808d1a34cd09bd023d78c0f3baaea02f9ecc,0
0xd171ae0449ef47bfc8bfc63bc6abd48cc1ff6ff0,0
0xdb45d66617bbef1c3b73160349afc71351227fcd,0
0x911a827be3089a8a372b06ab3e63fbd71519ca18,0
0x03f49ea996337d245272b5504b9c6ec158adf80d,0
0xc5d2cdb9bf6053b02d348694e6ed9a8256d84a31,0
0x74b6067fdbcf09c5782f85cae10e12208cb5b7ce,0
0x96c2e2236bf72ef041d2927aba95201ff6edc958,0
0x3cd27ed7ddc4dceaaaa21ed70ad927ff87d0d223,0
0x0c5aa3b29fdd566d0e20eebed4b78b93e679449e,0
0x0c24ba7f79649280938f034484e405f3c6f45c19,0
0x03099812348fb4c0e335c621316bb36a3b2f3b1f,0
0xfecac25173d39923801f7a1b1384718a5d09baec,0
0x83c361e94463a4c890903f99a708f0ac05d096cd,0
0xaf6e52013615471f38fac3fe28e1c930e2df7fb7,0
0xb214b59232f01673f797f7d4fe81c017d77577b8,0
0x9b4f3a963ea92f55f6689d91641645cfe0452af5,0
0x7fd6f3475985c5e5a3eae72690ce816cc7357682,0
0xae4cc84073cf606db05a43aa8bf3df7a2a51652a,0
0x7fcd44b3f116e58700479ed1ff9dc96e0a07d3c6,0
0x924aa0aaea5d95b3fef3767b4e19d612e9618c9c,0
0xd880b946d2565007fb6bc49572acc17fd1d58a6f,0
0x36cc5e3fb266bafc9ff4a621d16daa1353baad6b,0
0x26b63a91fe09a420aae07829e9c08c31d78032f6,0
0xfbbd77bb8c6902283a0d5cf66515e22c78062d7f,0
0xc5654afb4f20a00e7a3531bad7a3d885864988fd,0
0xce46b823ab59dce22ac340f348c6a5f85ce28c54,0
0x5d65ce8e9bf3006ea03563daa4a9771c39cd2a0e,0
0xc34e50316bfe04ff0ecf443aa000b7719dae75a9,0
0x6a8a215151838aaf1caa8942cd8630e9f7e17dac,0
0xad2a40925e12aa76dcf7243162b15f1887af25f4,0
0x8b86eec9f9de3a950ec503ea69a809cb8848878b,0
0xc7f44ff45d540f01a54406c0bef2da5fc7bb7db1,0
0xb5884197512d005d281ed2eec59235494077e95b,0
0x7e60d44eeaa6a8353d95e7c4f81c779e95fab63b,0
0xebaedd1ad4146884851fbde7196d7d4219dc547d,0
0x197a27fa0f19ee55d4a09389851f64a2cdaa94a1,0
0xbbf2ae73e3f6176b9212643cac0354d8727f177d,0
0xf6d2894ab2f023704afd77e1f0fc68efef10c86f,0
0x8f9151ecf84c9ee179246f70df90a680372c2a63,0
0x335ec14c6e1c44566ef95c4d39431d59d1a179d6,0
0xa664a63dc43a91af8cc363c0f9fc864342ed6be5,0
0x4fde46777c47109942b61265def42a14cd926d02,0
0x0d1dd0bb50c3f509eb0597b55038dc2d53ce6345,0
0xb31d8759d19c5bba608bee833424ef5fbfedee38,0
0xb05d4552eb5f328e003ae530ae1d9ef6b31f2b55,0
0x0b34adea5e8f2889f39eec0134ecadf68a705419,0
0x39ca95aea615f5da49948593fa5c5fd1f76f0753,0
0x5c3a9ae29750ed0266305c6216b1a10a343853d5,0
0x037f9b1ce94db6ba4a26cc5025fedd49f2efb145,0
0x44a714baf95d34183665f5d2923a410182e5241d,0
0x662b32c949bacf0426c31cf54e9bfc61913b8bf3,0
0x80b054a9dfd2f21ad7bf075f20112ab72c7e4f61,0
0xc19a2025af5df35218bcf1e25fb0baf3204257a4,0
0x4184570c737af31940dccbcd9a6dd08104504a3b,0
0x65db06d5e1ee6ce54af665318f573f07606d128f,0
0x2275ba7933d918b24c2f15773f7a9eec84c2275e,0
0xb0ab2abd567a86639510a808c39fb7af6416ca6c,0
0x10694bf179a27df3b30ae2c4742d6dfd205b7154,0
0x310292cd7fffec176afaf2d17ecedaedb6cae15c,0
0x6bf5a890e03d9db6d516f33d071d1830f3cacde8,0
0x50d635fa6f39c32ca6f27c66f63ef9a6f38dab9e,0
0xd0a173723795ca9ea34a067081d71e2acadd97f6,0
0xe6dd2bb503046ef21eecd950205f6fb6d02d589c,0
0x77977c4bca6cbcbf4a730536080631b8c3b8590a,0
0x9791987f22d3b5ca83c65291b3eda27090ba10c1,0
0x5e9730fd81880b4dab3d22998bc34c06641c9ece,0
0xb48f2ac6d1e13c996cb2878582ffc55b5b141e18,0
0x1e485f64f2271262a86e08a6edccf6a91defb2ed,0
0x9ee116c8caddfb0a3ab8256910b77651f226b59a,0
0xc87f1f62712bf99a1e74a35e787da54bdd50c464,0
0x7c36395b1a3330b385ac315e9d4b0af01ad15562,0
0xa5c02da1c535a06c90c350a22e94fbd06a7d8af1,0
0xd0ca099434c59a2b7eb217fcc1c0e8f9bfc6cfb0,0
0x2ad43da5f89a6a0e0e2a96445c7671ae8de47af7,0
0x5dbaffae39627eea3483d9d6a1c3b9bede886945,0
0xb3d8758e970f478bb6dbb2dcbdf9062f76577511,0
0xb0b9bb9695078b45837f972450ca7343a1178a95,0
0x2a075391818776a1b2ad58142e3c622f09b9149a,0
0x59c53ca5b0cfdc09328127afbee223330d57d90c,0
0xff8b981c19e69b543728056668c3b3db481ab3e1,0
0x67a969acb0a3ace4fba69a64ae2c1b597db9e0aa,0
0x844856ece271416f09723c87974f1d8739a237b3,0
0xb29f36bb938f205f5ea267877414f9086a6d0e64,0
0xbce2d6e2497ab0ec21c77dde8b17e726cbd4f06c,0
0x2db210820fa9fa6baecb77f03012aefd0e599f37,0
0x795fe3774475b31578cb1357ac1ca4f74f9e9c47,0
0xbbb8a85a7dda3ca1b2193d173e45be63e5a958ba,0
0x77251fb115df0c291520c713a73ab08a6771dea4,0
0xa67459a4dde9d768bb172994e6bf90172bd3235b,0
0xa383c6923f11fddec023ca618b045e1ab0a62eab,0
0x825b9ff1c9b805625079261cd3a78e663e13853b,0
0x4cbf664b3ffe5bdfd6293e476285a82363dc22f3,0
0x97eb0f6b3e453d85f7e1b3255fc40276aecd13cc,0
0xc95d473e2a82455cfef22a7e0641626d02000a9a,0
0xd208f0ac5bac104a3e172e02aa1aac4e6766ad19,0
0x853f37655bbe1af98108b91d85eb1eb6dd63fbba,0
0x60f8215be08a3d5b56df549bdc012349dcd65102,0
0xff519b5fe3f45060231f6fdf44f27d8e5891c915,0
0x5062bf923694914f79c76ce16ffa9a99a9effae9,0
0x9f494a85f43dfdf2f2766130de6dba47e59d75a5,0
0x0127b7c438c122292cc4e8d2a08640a2dd67d56e,0
0x1bcb51d5bdbfbf6998d1ccd5c3b9746c9cffb0bf,0
0x87d39eec15bbbf7a89d7b421c4df953f964d3e11,0
0x6f0d080ea3bfc5b6b4bcb4cc234b9f2b18624d2d,0
0x177639bb8c9ff4e99f472ed15352f9a248ef4e65,0
0x439324e85b33fabec97618d84986ce9cee688381,0
0x74c598195fd550461e36334882cb3e855afed7e8,0
0xe47cf684b8b2cb7f0b61b491eba3a6a24bdd71b6,0
0xae7fa609439e22545832990a9bbdd96c0c7c9d1c,0
0xa77faf2e9849dbd74f97a1965d57410e975e2e1f,0
0x7b761408a96ecaa803d3f2e3e27ce7141128bfcb,0
0x797d59fb5e4f566893f2f44983f46fdb27cf2224,0
0x7194a29b67082fe9dd1b15ea1212db69ade4421d,0
0x40d1e9783312b8ab828ab9e03c302622968b41cb,0
0x22ca8e40bc89fc087bdc943a0e06c157d9abdbdc,0
0x4b20e380991606e3134309604a4148d6581fe6c0,0
0x7687bfcf661f3ab540b6f04c90ed135cd70a1f78,0
0xc7ba50ca22d8afd36f3ee1ff382f262eae484f25,0
0xa37613514152105c977f192a1c9b4cf19b65ef4a,0
0xb4ee069933c318fdd5fd0507c74078755a7a1c11,0
0x66c1399583d685da414ffee6642e4fc5bae665a7,0
0x7044336cdbb9cfc80565c92844ad907bdff807c5,0
0x05827c05998a9d161ec7107b66023c58cb370266,0
0x3f858fab63354813165922776557a0023ccb358f,0
0x67014ae0c5ab2c9d905a2237a893bbcd5bfc2374,0
0xd861993a905bab856914c3c59268d3de1c09c120,0
0xf5364e70d14e69d679bddfc4a63f4a70db419acf,0
0x9aed32dfb5647bc7f3a2dc66ed49d38618349f2a,0
0xd344b7dbda4c288751136947ba79be0e812c6227,0
0x50fb765b866d6e609dfa74193297972333d814ce,0
0xbb93b6f7df962a461599459b54d5c92cfdf982d2,0
0x99c2b5693d8916e7d4a3f34e7bd1ab4e5d8e4791,0
0x327b0f4ef6ee83acf49edbf5de059312aeb5c531,0
0x2340f64ed5397004b413e78fcbc796b5fdff542d,0
0x2fae6103259636d43914bc9ac53b5e20f2d0d8bb,0
0x4172430f5fd19630c37dc975de98b16a29fce342,0
0x510a475fdd2888b8e9010592b6722f47ad8f3b28,0
0x88957345d1d1bd10cd956bec2f0099580e28cd8a,0
0x4a555b47e78ffb89ef84da3e95c45d9bf7df483a,0
0xfe60ca987f9a7329c14cd3320e0b36d541f2d367,0
0xa81f44f7d0279fef64733335011d405994e74e9b,0
0xe298a1f187c4ac05a44ec431e65cb8482b9e3d6b,0
0xa1e4ccf164fd3b435a2146f2edbb654251bd1ee7,0
0x58509eaf504aba5172bb21d2d2c47142268d1159,0
0xa175434b752834436ff0319cfbc0e05ab39f8377,0
0xcb7d930e30c9b0da6f94d729e3a530d65a2c76cc,0
0xda4551efe8cebdc3cbdc2187da5371a7079b6a03,0
0xe7eb924c4fb0bbe67677d6fda75024e77ee64af5,0
0xe7d791b2835c8eb6ce62e66cbdd3200476b547cc,0
0xfcda31e931b503755c066a6f5e32fee2e7050fbe,0
0x9590cec1aacb6ab36928dc9bddb6efd14ace182d,0
0x8be95a34aad37ef97ed1b6adf33d4fe07adc1648,0
0x7ea7fda1f3045f2e233f55d095f0a0284c41a75f,0
0x9d086697495f3ed319537f6368b24382c38ad7ab,0
0xfc3a420a65a73a93ac110fa265a209bc0e40b9d5,0
0xeabd419abcde93c76874cf2023eb5f41910a96fb,0
0x53f34e01799638d936884fda0ef4b0c104e8d429,0
0xf4e974c1e57abec9c27ad5102a04c8ebc1d16504,0
0xb332acb5f2f5ecd565013888e4a7ce99a0b0e0a1,0
0x3e8029cdc94bc2e8bc048cb82f73c626f9bfd2ab,0
0xe5489fa7a746b38c546a6f1a9a2c269505e5fc98,0
0x1cfc3c16249b45fae60fe9a2192769589770e779,0
0x161a4882a030ef0f69ecefa180693201791f7517,0
0xb9ad3cb2dee120cfb2bd9092b587dd12861d3505,0
0xa68ca6c8f0bb0fc18b9447734e259f1ab49e134b,0
0x6dbaef5c6fe4d71753290d1a474c87cb3541c9ed,0
0x42450e8c5c52c8e76b46ab592ead390457fa1bd0,0
0x81133998b3d51d249359d914dc274ad4780eba57,0
0xa0a6c06dda45bab38d8875e5ea6672fbd1b13d22,0
0xdd3b23b9ba4bf91307ae0e8ba8be768e99cfe3d1,0
0xdf208102873e8baa2044832b4df431a791cd3c8d,0
0xfcb55913403a0041a1c85c5e120581eee06cdbd7,0
0x235039e3860604b1ce21def2ebf9a0d7fe14b877,0
0xa13ddb66d133249c3668483affed5f42a8d1fe5a,0
0x45e43a25d04efaf55063d8a949b6e32b9ebdeedf,0
0x2a5a3ddcf382747f8a208e4b028a096cbcb49894,0
0xe1f312c9e7eda7d4226d812656ccd9cdc8b2c99e,0
0x7651f78413bc18b37d6112b9d04d4f225e193e5a,0
0x2f20effb06d0ff3aa973b08b7b67f75a006d9e67,0
0x9e716c33fd4272b430c9e47af993545bd4cc0b36,0
0x68052d949e96a5cfdbf61f3d479cfb2852d4e2c7,0
0x36f0b5e4e96b43dccc93a6145f0f2dd83dc54d6a,0
0x66abb260254ac7c66981b38bb1a4e4cdabef5a7c,0
0xf4168b3b2c37e1c4370fee5779e9d8bc08eaf2e6,0
0xc986d6cefa786068f49bfe4f9de1cfcaaabf918d,0
0x414aa0fa82b15b70570516f82b9052a0fcf2fbe9,0
0xc9905570d761d37d4029f4f434af2b4ef2e21968,0
0xe714f7a80c11345954b41b7ff509af4d86ba1e4a,0
0x49a3a71501710388da8ecc997a848c948cc7b2c2,0
0xcb66d72a1d5244371c14284b4ceee2a259d7cf96,0
0x35ccdde5f89b6634267df425e1f12d054778b057,0
0x8f58a542ef908fc1a886e348eae8450f7416df4e,0
0xf8fbd87ae73308e290691d97ebf588dcb0047c00,0
0x133decf7f2aa918d02299fea6e780990d1dd4532,0
0x342c8e1b7b0176ed8c326a6584ba2b7faa7e4b98,0
0xbdd22193ec79e24acfbe8b8d18ea3ad8cbf7d4b2,0
0x7a88522dc376b8fe2b0f7ac3800e6051df690eeb,0
0xb00f3aa6edae66c5fba3f8c98a6ea83e980202b7,0
0xf23d07c64fb4f710386835bb6b1ceb7ec8558b0c,0
0xf30b1675650810cbe8baee9e560f0383b9b2eb14,0
0xebd30946fe1dc3123839fd160ccb3c9007cb6516,0
0x03470a870ee04cf2fc62e4b9cd50fc232a6b72a2,0
0x3df1a13f89e51830c1e679257eed837abf75e3e8,0
0x23735ed9c725db0da6b64c89560dfc4050e1097e,0
0xf1c824b82afaccbd0d81a2c362ee9bf3e94def9b,0
0x4aa46e9ffefb9289fa0469b7a2ec2cee821b6d3d,0
0x7e7a4ea391a652475b1b1c1b7cf500ce3f1c8521,0
0x57fd1ef3766b24c97ed591ad21f8f9624ba3a7e0,0
0xb96ffe932250467d88307297e2db615d29fbd7b9,0
0x0d5b589e0030537ceeb6145a980335c3fc70a72b,0
0x7646762f9f0069f44cf633ddd9370b29994faeb3,0
0x96144a09beaa1b256052efc1b174d5e22477c0bb,0
0x90cced11903c56a90578396867e8c88630c494f5,0
0x2340b9c6c3bb91aac8aa9441c28f7fbb19e4197b,0
0x0193df27bf5134c143a4f4567065b03da07613a3,0
0x124068dd4c9ae8e62e88b7e587828a67aff727c2,0
0xb93a5cd04ae099562a868efe4eab0d96cd88d150,0
0x89a598c5e2ea7b69a18122348b1a7d71e693d164,0
0xefa226dad2db1f3c20c9f64f19717195298b8053,0
0xd123ab84c7d0698615af4eb754e9f97b212aa4b3,0
0x7d671cb31e14dfca678c98c60797d716d638c645,0
0x0e8fb4577eb1e60466fe5a7871e675bc89d5e66d,0
0xeae88dbe6d801fddd543deef0fdff0fd71f149a0,0
0x107e01736b96f9eeb1c54adb8eef2e866700de24,0
0x877081de0cbbe3cda15a0079124da908688b95fa,0
0xdf68dd9f690b91ce2b4b4f65aaac6c7617e92214,0
0x8d2ddc74c716b82c25c994af666c1db6a5d98df2,0
0x49b5ca5a5c78cc366a6b1fcfd95a0f31625de547,0
0x9767bbac20d25d79905deed3d46883830d2a4022,0
0x95a890b9bb6ce26f221728b0e8e1c3c61149132c,0
0xf0543feb65cdfd3f21b777bd462f6e36e3d5cca9,0
0x320fc25daccbf92ec95504cc47b612f1fdf013fe,0
0x1ae603cd91cccc2fceee93e15637b8c08bfaf82e,0
0x9953dc08419e3537978fdeda7af1e249a2518331,0
0x98cd1e6c01ef60837d85123e3ae0e5f8b4ba69d8,0
0x85251cf9d187095957dc9cdb1c201d98982a92fa,0
0xa3a2ec25effee4078123087a852b36120a6179ea,0
0xd7a4b614702ed6d38370a9b280750b2792e15b83,0
0x6bee3927532a65bb160cbb1d14d17859402101d8,0
0x871aae7b91fcced12c70a513fd09b49ccb08892d,0
0xe38cf70ec799c218966345816eee10124501e923,0
0xcea7955b522f4169fbc949ff92588e851fbbe55f,0
0xf62aaf6fed15d05b6e1557c1865352bfdba37f40,0
0x3da4c88523e3e738771bc5174c68556c66686d5b,0
0xd50bb19f6d3f18e31f02297640572e4c1cab3009,0
0x4006673b8ee86cf29fce38c9396a859edb31734e,0
0xe456a7174797c6bd38fa89e005ee0a077ba6ecaa,0
0x86e4c321b488f926be53fce86e2fbf79714e27c8,0
0x52152f2e2f3da0a06181ccb443d687c7e5a241f6,0
0x79b796722c7403cb46a419d2009f1bf719fde505,0
0xde485ebd4a16cc0e03519081cbfe7449643fe85c,0
0x7a694285656b00cd3f600a7f3f6d8af372295493,0
0xf01385a1103aa7602e4daf2fca2cc490af8ad85e,0
0x29c41493d073fa0b3f0873f598500b93a2591ef3,0
0xfaa515b6f98336a238d92205daeb4847365fd3f8,0
0x23e53082a26b940881ac1cc4ebdbeb94020c1250,0
0xb47ba76608bda384a896f9a656e8ceda58e2b0e4,0
0xfefbda95142ec8d9a76d49cd9241be0a00fc03e3,0
0x75e7b091457d761764399631fd4a000028af28c0,0
0xa78e230eb978925b13477d3637362777be98b0e8,0
0x1a3f995a34415c2e04a2faa878c6242b29e79b41,0
0xd1386ac7c05e3e1c0390e0f8d4faffc4f6620dc7,0
0xf25d7f093c9045d264cf377533aa02cc2eb73a6d,0
0x62c7310035293a2cce54edb9a4cf3aceec94f76d,0
0xb5f0962ada03b4ae0f0a367ddb3060391d8b37bc,0
0x99d51fc9c7ad85d334da48a991fdcc8f26986e96,0
0xab3fe7537784c0691680b7563907b3fd4883527f,0
0x8dec9f62bf895c83d762b18929d726105351b597,0
0xbf8fb62427af050666aab98c49f954d1e39dd338,0
0x9d456e2c26f16c3ff409d4cda4e7c43894af90aa,0
0xee3384f08b8c207163fdfaf71977112b5bc038e2,0
0xd45ede4a3dba9a32d20eace6754e45fc2b1ca522,0
0xb5211b0e0d3e8ec4aeb95ccef5cb44669c0e496a,0
0x173748e5c5fa25f1bd59e0d3a4b58bdfe05ce1a0,0
0x780bbbdfb9ccca53bc052a430080844af99c40a3,0
0x0d1dbf0f3740a1f6f33ef65645bd9b94498271f2,0
0x7cd10f1fe3eaad39befa144bcfb0de9a51f16f2f,0
0xb04ab526c174ed99cf5902700930143ef0daa3c6,0
0x0a216c6db441f307060abe4c23bd9779d0b8d5d4,0
0x92014dee60cad6a65abc75120306e9f7926e269c,0
0xa2686092a80b4e5f7620504a393bfbada4f97225,0
0xbca5f89710dd66353f60ce8e281ac59c5da34cf3,0
0x5cfaabef273bb734e13170df48ea21508280233f,0
0x3cd23740d9f8a2247c0227df9b3562acda62d4be,0
0x871041a2fed0624ee6ba3ea317ab20c590a98ebf,0
0x16ac4a01529cbc98e1391a900a2ed0514d755cad,0
0xe5f94a69f4031910327b0e58f4181a96b9122866,0
0x38dd3357c6ec40cf7a99ac125f6adbf0eae79f2d,0
0xf94ae3a146dd28927a977613a933c634a6cf6726,0
0xbea7600d5507b51997e8bbe724e717e58413b5cd,0
0xc6c493adcfb1b096377724baca90a4a6a00184a9,0
0x215008dd56e21694d060fd1a9fd40ca5a8405321,0
0x3e55de4c17744518cd37fc51db8197b7cac4de74,0
0x584192c234bdb34c146bea7155975e0611e0356d,0
0x5c2985c0591f4616fa5dde0122061cb2427226ae,0
0xc1ec49a3534376fb5f53b13fbe0b6f1b3b6d01b5,0
0x55593f735aa16217ab780decad10eff40ce8eb62,0
0xdf0bae00ab5253332cd5be699221854b95fa0d13,0
0x6d831f7ca473988863f227eaf6877112128b6539,0
0x9e4d703df2eefb06325c1b5be6bb549d56315c7b,0
0x55cdb556a0691072b9884d9a9431153f702978d8,0
0x67f633a80b8ee67a6e408391a4b8c3ecf4f6d4ee,0
0x39feafac8e27c11830107e6875c5b5c11ad0a648,0
0x421a60b27a2ef1b2582b5117698a3d05b4571d95,0
0x76b13fc42f3544127ce5f85ce22a95d952f5038e,0
0xe6adac7d263af1b6d8c121b247e07880132e5122,0
0x653fbe05a3e235e21266089b50b98661582a6ee9,0
0xbfff4cdf57e0bd98d447b8704cb4fd22505fb417,0
0x7146225199f67063f231a00f16f1ae7bc057896a,0
0x1b09fe581ba1638fd1b38c78a690fe32f8571a6f,0
0x6737e2394338e8426e12fa0560dce0742a1711c4,0
0x8d67660a79d100fd85131d23794f2d2ec46bd635,0
0x09d0167e4e7fe7a465a3e4a4e3562e38bea7c6e5,0
0xe5f6a8e5d8e6a72d790a9c61566e7250f68c3399,0
0x53eaab9297eac5fc94871a28ffd6d7a139e1011c,0
0x8d394744978465a12a340bb6c6f2f9b91690e683,0
0x6ca5eefeadec629381f39dcbf431a5563df7b647,0
0xda52c61303fd2a5775ca5c6fde5ff08fd8ac5d49,0
0x8c1397897ee76b306361ad4ef791f50397609376,0
0xc7525a0731fc1bc4d3ff9d84e5b7fd2826477335,0
0x7ab28cbda0607f7860bb572f4fefa28a33142586,0
0xce8d311327e7a9276033ca0b7a34a752cb2ad4a2,0
0x4435695c0af1e6f5a03ca43f5bad2759d569d820,0
0x26ff738d6ce777946625392ccb751275bfe807c7,0
0x5cbb5bbd2246684a0f1b784075bea7c9509b56eb,0
0xad89c915b7c8fa4ce20e0ccc8268936031e0deb0,0
0xdccda40fd38a2c5dfa616975d50b16afa17d593d,0
0x6d27229745b911ea07a2dca854dd87305585ef19,0
0xad4983b1bb557d8493aa11bdde9f0aaf03e4b3ee,0
0xe2035d043822b09b5d5f251b94198051b8423326,0
0x9dde195a8c1eef107371ce49a0263a26e3a45285,0
0x9b1082d4c81d1e0d4ae833134a8ebddb2c0133f6,0
0x17ca81c25f01bf910b6bfd43db85225652027c4a,0
0x76c326f0af0e9153b32ecd964f5c9f1abea5ce4c,0
0x7299b9dc995ab7b1df15efefb21e9fb7ccebd903,0
0xc628dc4ff9127bd94e0f674059861fa55733d21d,0
0x8826fef8463583b9c6944613396bfdbb1a4da7cf,0
0x5114e92835cd29d18322cfeafb731fb0a433194e,0
0x7f2e6e1aa15431440233c7a7b453ae941c89e91f,0
0xcf02cdf7fdd3f2544403633969b1f0ceaf0f431e,0
0x7d73303bc19fd22ab1abbd58c9d55fb58d7ef34a,0
0x3f8598446edff3f53dee05502b101e908a043101,0
0xea4a7a0772acf51f6c7845b27a864f1057766927,0
0x12323eba9ef3be0976719c2ec7accad1d158ab74,0
0xf75c0dbcaa9e16c2ea5fb2d9ce37547231fcd6d9,0
0x12d8ac5bc3010b5cfa6fc9a6c885b8447b4f427f,0
0xa461b89a25231de4ee4b2fc706223ca94378cea2,0
0xcc788bc6a06fec308a0f41ab7fec961d3592bada,0
0xed21f202a7edfe09b001bc2fe833dd37c05280fc,0
0x298bf69d6a211138ba3144b5863cb96455a080f0,0
0x485aa6e108d08f898f10bacfb834fa21452c05bd,0
0xef49ae397379cc568a8cc720e682b15fc2fe4944,0
0xa319a48394e3447325866888f1ef735d0cc85f61,0
0x502900f2b4c698b15ce243b53dfea1ffb1420715,0
0xb5c93a6defc69e91dfc7564a4bd6d3be16c1df01,0
0xccf270bf4a1d14abd03b52179acec43ddbd8593b,0
0xea750144df26669eea505fea339f71db1b8656d4,0
0x9e3c8c8041aea73f5ea5446e391afe435d1e8101,0
0xb0d674017bfe28dbe850248091d7eeec66fd9ad1,0
0x47bfa4e35e361f10cc6948848590c46dc7424542,0
0xf78e56c66553efdafb3b4aaca732ed5a32492fa0,0
0x1bcd1808601b8072195afacbb88488979f06579c,0
0x889301667384a95d00a2b3f39f5d43e7b2e96ac7,0
0xc6146b121bb172672985e6b2457e354f70bf219d,0
0xa1e5ec500a5e0dd42d299b04b56357f88866b231,0
0x6d020ad1615a0c51be26e57052728e697aee4262,0
0x544273e366abf793f2950648f0451a900d6cc242,0
0x3c3be1f76df7a31e3aba6f23eacd838899eff904,0
0xdb89225bfe705b1b73527f5d8f9f0e5e5a62791f,0
0x19fb5cb045f1b2775ebaf15a5c757b075265b07a,0
0xd48ec7c12ab721f8e84bc64ca2d587d7050d3875,0
0x6ae3b7460c7b0c2889f760151520ce48d6bc874d,0
0x2e7902488af5484a1d614e93e16e82c286b30b37,0
0xc528e2bc0127c8239c745db53fc9cf2420d08f61,0
0x130fcfa08457a4e14003e543feaa1d533f8b4552,0
0xc79c1392db19d450413f6e737be18c93ffdab9f7,0
0xfe205c3b8f919740085b040553dd541dd312fec8,0
0xf6d94e5d71cfe44d5bff6f0f3bcbc1fff620cf25,0
0x00e843b9608cabee6445ad5a6af26aea01cd8a0e,0
0x6f1fe0690caafc7a2cd664bf1f7f6d14387c3007,0
0x66bcca2b124f2519a897f048e782a3f3212649f8,0
0x09af37c8bb20226d6690792b0acfae7fa1184c89,0
0x868f62bb042dbfbb51772dd160dfe6b81fe63664,0
0x67b538ad4fe9907704ebea3c05aa03c75abf5e40,0
0x09d1234fe2f9051d8d6a4b66cf25373de596edce,0
0x44748fff834de3864d92038b06e6055a1a9c7963,0
0x5f8fb1cce1248e4f05c481247e08981eb777f25d,0
0xfcb0748da0ded51fa358608203d49b4b793b75c3,0
0xc568d8f5eaff53a1c73fd0631f4a2f28d74bb90f,0
0x2991c6e38a883cbdacd3073b531c040758263189,0
0x5bd78d834b85f037f96519dd1be5a04953ca54f3,0
0xabf4e901ec25508c4e734da9477ea839c5cded39,0
0xe5ed905f6aabc378499942b31677d884f77ceab3,0
0x1a5af8f5d2d21cacacc36574abc9efe963e94ece,0
0x99a2fc58857b1b9bb0cd45a912588c005e60208d,0
0xf86799810f35d03ed771c271803a43973f7c4449,0
0x1865f507d3acd94d57ddd76f417b599bf1004ba6,0
0xa62c19134b0efce1abbf8ff6d734eec109ebfe9f,0
0x9c92ea4b58083ad6d034d00ba2d4106be41fda30,0
0x8387feae3098e14fc5b9367d2b157b4159879020,0
0xa185a4b65d972f2858e8f6049466a72310aa5723,0
0x05b994d1a8fa2be05db1e81000ef3576a416b6ab,0
0x591f9501b367c6c10bcb5784cb40755874b43b8c,0
0xcbd0af9e3554191354a31a22a8880190a54fba62,0
0xa06b461c4439c9c5c0595b5eeae18a6668f190f4,0
0xb7b9a11fb0626e4e198de8b70908e29edf2beb44,0
0x813d3bb91bbb7797a94ea82686d1b8c2d260503f,0
0x6cef4bc22e5293142f14ccc764bddce9792c884c,0
0x70914285a07050bdb2225a627056377195d55abd,0
0xb045817efd4b8f1751943b10f1862965a2ac7a04,0
0xe1ed2431cb8cd7faa544eb5f5c4d2e2e2965f970,0
0x6e053b769982ec317a9a666fc3ffa9838f22d835,0
0xb1770e3d5193f25e43c0a83537d7bf6972886e64,0
0x99ce67c5c12e49ff2d684caa6a7f4fd8f7f44464,0
0x259a5c1013a045be9ffa241330711fc4fed2b62f,0
0x743582e684c6c8da84b237ce2d57c435c439ec8c,0
0x3a04d0bc36934477e84f5d1e95572f148ae04272,0
0xc7c49b01acd6b67943004e534e9bcaa4dcddb863,0
0xb34c559bff92039c3c7ba324c966c8613d3e2495,0
0xecdf456bccfde9a7fc1f09d045c35e3677ac0a72,0
0x8a4ce1bdc7ecc665dd0811e1a6110ad0388b2034,0
0xf5c53b9e6434989e7c118aa86c8e9b85f8482f80,0
0x95681cd95a74bb4cd271056fa332b620890b1140,0
0x81a7697e004c76d79d8f847ce4c130f700d24d1c,0
0x93433528ae50ea9a6c0b03bdb5555b70cd613dd4,0
0xeb06955b9d34cf521f75d8e1bbe2b0116fedf404,0
0x199477a9261ef32736eddd16e5bda5d7a14953c7,0
0x40a5595225cd6578426d2d29faa34ba224589554,0
0xeffb9b996e9f012b9b3264bc11b1d969beb31e15,0
0x701bcbf93060557d09c4ba26df325e610a4107b2,0
0xd79487b5aa8aa67ef817b2442707a39a383657af,0
0x4ab0f2ee46ae66b3a1e3b29900d0f1a5dd447099,0
0x0ff8f13425fcd3c760a6715326d5a5f2e8f0dd2e,0
0xa0c93320bb4640fddd85e7d90f7cf6dc98a91eea,0
0x87d7462f2283ae58fb2f70ba60b57547859f2ed6,0
0x394706fbd1bbc8f5a124456897d16b94ab02d13f,0
0x34a80a3f7d40e1acb25e0647e5ef171009dfc826,0
0x8e6b0e93573ad1d88f750dbcf9dbe80b8c7ce2db,0
0x38dead8a63ad2d56863f6ce37579cd836b199d3f,0
0x24b97c2dafaa3698c59153f5af57e7ca6f30083f,0
0x2bac274b2b840715c35710ab967f941b0ef214d2,0
0x1bfc63664dd6f68298ccc9f31d60e4fcbedfe36a,0
0x18f4548d4c9a53d82ec8ace55f27e059b845786b,0
0x21316e13c9015a29a4e03342c9deb32365ecbc7d,0
0x38ea4f70af788d0ac9017e7df21fcbebc22211a3,0
0xe5a17102f30f692615c488d0d44a25a86f284762,0
0x2f338683726f1567e2ccc1704e4490cdc5f04c2e,0
0x9a166c9e9c177f5493f0a9ba0ac7b1165c27eb92,0
0xa148600a3917cde3c6c44bd06bf106ef2e459ad0,0
0x8e8c55b91d635c8f9b0e86222075f4d2e2a90af6,0
0x8dd21eccfc12937b6485dea7243cae8d35bf8776,0
0x6877dfa36a46f180497810262a016a9687355ec4,0
0x3d00bfd4fb815a513a386d31354e6f146355c6f9,0
0xfa433ee5c1ebbca8a889c14c42eae24d06d3d64c,0
0xfdd43bc17ec28446450bac415e8ac0a48a4f41b3,0
0xe175f8c0674c522f483b03a3452015b8c9359daa,0
0xe0323c8afa25e52e32ca82cdfb300c8b65c62208,0
0x1d49a02e460883103325436bccd01febc2666df0,0
0x57cff48ab2e3eba8c3d014ec820b230423dad86e,0
0xd09d879308df1a0d04aacacdf6a47eb8ad32c308,0
0xdb7e82842ce00f3d4e2deccc890cac303aa39a06,0
0x8406d1c162cc7e6e1cec1f81c059e2f099f34870,0
0x0191ddfa62cbbf8baff311e1e6f75c7baa5269e4,0
0xe95bb0f256eaafff010fd2ce8e85f555546336ee,0
0x4a0850acc554e27cc802b9880f281168062c63d5,0
0x1e74ee5ee94eccc3773eb562c9453c863ecc35ff,0
0x1c0bf1071eeb4a76564da713af2033ee4b4848c5,0
0x332ef2b1f0eebd050ddc9145155d89ce1312b75e,0
0x005e474a148979c0954b0ca63b4b7d3fa9c1806b,0
0x1f11f50a52b49f127694b9b72eb5a941c877060f,0
0xd76f9217b666ad286837fb5fe31db1ebf9351a1b,0
0x1c142295327186c00bc3eca614e5d00850d27975,0
0x765e931272d542debcb23d4d90344dd83d1814a5,0
0xc855f24cee83c091ccd9a48b48b409320533a3cb,0
0x8bf38947fb0a0351e2ee4dd6e3e008b9fc46c41e,0
0xc20c2162cddf91f6d286ca6c2f23146d7288eab4,0
0xf233ad228407ace2aace56e6abe88b1bbae49823,0
0x57d29b9e6bba32b9ceccfef10bd8e85c99a348e7,0
0x43cc9c489bd14e1247b73238bb7a4bbd94326603,0
0xf1feadcb02fc5b6f4b479fe47a06a6d036268d0c,0
0x449f48079805119c40be3cf9cb95cacf154cac67,0
0x1c384916c910563ee8cdf5978defbb08302f3c3a,0
0xb63c304e3a359e63cc1ae2234c71d37b145c1bb5,0
0x4b936c742e8c397bdda7826ad8accaf990dbe1e6,0
0x794a175a77656646519c643f93a7f7858bb80d14,0
0x69d178f5f951569318e5e4c6c3cad891525a01d0,0
0x4d1b5ab51a7b5452adc6560fee0f62cf15be8d22,0
0x9f87e3eb6bdfd012ed705cb3c39f0124a6b655db,0
0x6fca78f945182d701f4ff5f8be37ddb004304ffd,0
0x22dcea4780da60c34c095791c866da010659aba9,0
0x46109481185cd533eff1c852b49eef61879443ed,0
0xd8cbb329591cd34f2f97aef85f66a2ba81a972fb,0
0xad1ee7e83d0072ab6f38b96f1ac31e626683d5b7,0
0x6365dfa5c953a9c7e1114959300fc9bbbd5a4103,0
0x490a27fc6a582aaef6d19201b316087efd303cd1,0
0x6e8428072fef4bf5c42ac397863f1eadb1b29eec,0
0x48521835e641872fbaecffb53e38bd0bc28c5442,0
0xc8c0a43a86d6d8a74b353f98ee76dd68b18b867d,0
0x550122bd6abfee27148fb54b351add809b781813,0
0x622f2b5c0bdf93f9715f8de320f93d7a8d846337,0
0xebd2e6f46bd998c7e73fca23be68429e024359db,0
0x7cf8a9f1bd1ecdfa830f2e9cc60757a6c8d9b5f8,0
0xb65c1f5e48beeb7316a29d27e9b3e1ba48e770a4,0
0xe87e0d973697b2f7b4cb9696b0cd95e18886b3e9,0
0x2180da8e6c460cae2c12a8cadb7c31f7c628019b,0
0x9769d260aef7256b8083eadaf6fb99c42b3bb9ce,0
0x03038e9e2625711ba90ae314270efb391270c15a,0
0x8edb87d18e98912a7378e2b54dab39f97d3a1523,0
0xfe1934fb15c13b17d70e4e48df9d15578565b1af,0
0x1ba8f053027ca1cb29f4f3c07ffefa72eeeb3a65,0
0x712f081e3680eb2fca6a38e1ac305ac3e24a97d1,0
0x60ad5fad4e786df2198726884f7cdd560882671c,0
0x9af45f8d624696eac53b9b57517ba01cfe797a07,0
0xdd9c0dfc52e837639d7b2a17145173a07916db13,0
0xc6409bd57a682685838c1ea222fcfdfff80c2a9c,0
0x5b473dbcc6a7b05ad2d0fe553e4a966579e0dfb0,0
0x277bc4c141e8c2828335910f1e49014f9132d6d1,0
0x62358ee492ab2f1b7ba8648eacabd633210f9597,0
0x94e93f1b5eb535ca5282f6ca191b51d77d1b87b5,0
0xeed92a2fcc4206e876ad6a4750adb9f14029205a,0
0x4eabfe7836dc087ed58bd934847b0f70dd3b8aac,0
0x7836d6dc716b6af9555b99ea8349d19113c199c9,0
0x283218ae5aee4d3264ee5841bdde075e4361f5c0,0
0x280f8e0833f71fc86074613a385231d06fa99920,0
0x35de55e77e4b5fd9a5c13f1f81085c1966ca8295,0
0x12c7b67ec1b91a3c6103ad1f0262cef5ff456cdf,0
0x87e9fb40fec4ef41d9658be50b44aecd9677b9a8,0
0x9a8eabd8a40634ed5d5e072841c7d9671682c6af,0
0xab71706873eb0567fa7571a853570215a49a2c76,0
0x55022791cb4dbba390192c0233e123ff336f36d0,0
0x0b0146007fb3d400b59368e32be90f9b4f69d118,0
0x1c4c28001b28eafd31e38cd5404f8a1661ee83e3,0
0x88c2d4c87e8cea750035384d190c5adaf3e39f8c,0
0x263f0355a62ff8b32e0795ccae2c2ab5344c256b,0
0x2a7ac8457d01c551b68b88d8a5dffa995d852316,0
0xb135a9514f8f47310eb9428fe9e8b51b1b09391d,0
0xea44410ba48180bd5fc6f7bd4cdc234d452e67d4,0
0xfbb3fc09a410fb5ef9b6f250b2d9bd1c25dbf06a,0
0xa71d3b1690f8f94bedfa2c0ffec513166afa8ed6,0
0x68203164f6eb0727ed5ba5b0a861e4c92d3b85ed,0
0x1a8d13f040ed761966c75d0d3030795f3b196c9d,0
0x6bef4fea1790396c63b33aad42c3c45a5c751457,0
0x2b79986a43d299e5fe04aea1353821e13ac7d7c0,0
0x3c1529ca079463b030fcd92c84cd3c3ac19862a2,0
0xafbae88edd4daf02f92ebc369f214ae3be9c826d,0
0xcf611f49a5e5ef6219e453e74afb034b97188d2f,0
0x46cc8c5e662f2a832007423aeae72bd1a92c38fd,0
0xb92ec4048262b7fb355bbb83cb5a1308c32607b1,0
0x1c448508272639bce44696c3649fd7107165a28c,0
0x61e2730cd05b54938c2ad7f2ab6d6548aea289a4,0
0x9ea7fa4befcdffb541afa23900851262bd3488f6,0
0x27dafe020d1c491cf14568657837aec0b31618fd,0
0x3eadf347527996185a404d30b807441436f5d553,0
0x9af9cc752c38e569fd3dbc92ebbe516a4653701e,0
0x57534e14c4a312f73b4913de0bc1759adf353fe8,0
0x70729f231e55630a90146d82bad4937ed057a213,0
0x23a75e350cdee84f752f21a47b9aa7434916ba90,0
0x460d4fda0feb3f808baa365ddd03a451511a4ef0,0
0xe4ac6dcd6259c2c530083666665ec31e37c0287b,0
0x386d35b6e41d1b3904c55f7a19d7400e89142dd8,0
0x5b9ae9857396759251ec557e50c3f02e9ac8eb7d,0
0xf7232db34b79049bafb9d73dd3a08bbcbfe8ae2e,0
0xc5f9adfb98682ae4e23473a1c9aacc796b060357,0
0x1af4ba3eb704e557efb29420e383be168b20e2e5,0
0x252d1878ba5e700ff699a959f0a4f189723414c5,0
0xec28503d5f8d6c0736e44f2bdbf2bf5ceb152a2f,0
0x6ff9f5cde75da53be806f776b9e9bccc583836e1,0
0x941c96db0d62c9978af44748b40ace2eed33da61,0
0x9a595ab6a3d10c95d769784ed524b4b4df0b45a4,0
0xd74f6c123d51c072e56410962b90b19a30e5c21c,0
0x5cf827eee7cde2be7b0c96ed7aae7c2bb06e9c16,0
0x5188caa6dd4ee6108d5922fed6acc5301c2d5736,0
0xfcfbf2c68835c4200e1234f53eb4270a7dbf7814,0
0x098efc34e6702d736ba9cd3f47b1820a27837560,0
0xe838c16b422fa04b00b2d7deee92f508153720a5,0
0xf22053ac70b80a59fe7966081853277dbf57aa0f,0
0x3a652860a249897794d1eb3957253fb07435b001,0
0xb7ad698ec3edfa277caad859b810253ad02e8498,0
0xadce4df9d04bb2592c850d388018a8081e7ebbea,0
0xfa49246e32facf8d86e39c1395b2e04d9b828e2f,0
0x8cc1c75d0661cef0e3a215318bb998cad9a4bbfc,0
0x8ff35ecb862a949e0c5a7b4629256a490f9c04b5,0
0x2089846f3563336e8ebe347198033674912958ba,0
0x841e1a9b8978d9514b914f30de155d81287bd2da,0
0x0565d1421cf0a71782d40428c9eaea4d0652e170,0
0x78c7269e0a3b1cc9802d4d5b1a5575ad31cbfb78,0
0xabad63cbaad0e318b5e2a0b3f4bee18022c22c81,0
0x9812c28eed7034314ead5f23bd1b1e2e7c654b6c,0
0x2802205ee3f38a16edede4919d9d0265743ea483,0
0x6d917267edd745a049dd75bc58a3982a9efcbc85,0
0x8749f04339af9643f1392fd276ac1a530561c9a6,0
0x6c48893d20ada1e7bb36fadc28545c1e22c364c6,0
0xdd2495c6bea8b3301ea3f1998925808e0b6f1b80,0
0xa99f4776994f224d6478049f53ef96e2c58eed7f,0
0x17f7cd8d15d060daa1ea11c141867b077968ccc2,0
0x343b4f19f9a5b013e279b87b2677d6eefe698d86,0
0x444fd4c0b4b8d4b3cefe9a7c34fb0d82424e2e8c,0
0xcd1b0e7ce64a5dd0e0a429df9da0aef3a0f3b624,0
0x5d5c9fac96fa3192a914a226f066148fcd6f2f6c,0
0xb0e5715cfba916f22034ffddd3b654794ff608b4,0
0x1e577f97eadeae8fbf139bb80d6ed10fe540795b,0
0x349b93fa58b231d221152b6d0702e6ad60cb7708,0
0x98f3a465055385f267b9b2cba14a4909df00287b,0
0x4bf3c710f4b29c369d985a1aa512f284ad210f12,0
0x91c867dc49401092873d73152108732d19849a07,0
0x66a2b937154f0067781b980f377d0a48c4f738d0,0
0xf91b2d1667940ecceae5b31ff99a4e97a0ce35ad,0
0xdd934930783529314815c4bd9f815b4eea39811f,0
0x95a66c3dfec5c2b6dc35911ef3c9f22e22dc7352,0
0x40e08ff4317a7ea3a06d89e582fdee3f5fae3ff7,0
0xeed2bcd36a8320532535533c1c1acf7bc71cd8c1,0
0x5c3e5d94ea32f19444ab81478fcc22ff10d278f7,0
0xeb040adeaad6e7c89dcacba901783b531c4108fa,0
0xdf9c33e48548d28ee26ad65778cbb468a1ee5e1c,0
0x692629de2b0066c1fc5174f93c86b81ccf8f737c,0
0x2a7f1927d376e5208f38fc5d62dbb3c2f1c05f54,0
0xe88d0d91778690d6a04d93840c41626ee233095b,0
0x7d2d59ad0f6edb6fa0aa9885a1a007da0af398f3,0
0xa4bdaa4f7182e6950d1a41f71ccb6fd85b685402,0
0xa0bda0d3c7066ac31f35e76c11165f39273bc276,0
0x8acbdcbf24ccd28d5c888559ded990d6b4884760,0
0x416ed8e09b462984a93f004bd511a7c077640def,0
0xe6d9dc468d2412088b0a0f89006af695515ee5d9,0
0x8bf74fb31e56b38f0b4f1c9260e7a0b0c1698640,0
0x6c9e1bd1f5a2e0ac4667c036c89e5bb7736406e1,0
0xa25c6a018b56d436e12f58b714f12e60a7a605c1,0
0x61cc177d6d08dd84ea332b43ea16e7b488fd1c14,0
0xdccd9b4aa4b422575f3233511d8769da6badbba8,0
0x7824ec857e2e29718d85d5734a011f22ed2a266c,0
0x4eb6edd8b4a5ee3900363d53c9e7ff97f0fbb4a4,0
0x96e45676270112b6a26a103fc948116690f8f7f0,0
0xda4cb3efe4281ea80bcc42290cc5150f1edcf8b5,0
0x452aa05fa52b6e23e7001f854e58648169f7ad00,0
0xe37684c8805b00a213d7717f4c01ebe297efbcfd,0
0xc746206d351f7b185eabcc1363a5bee42e004484,0
0xf2e761303b0b6f74f244f6beb592af55f72ba7a8,0
0x5e3f89a9e5e5bf3fae1bef0f3534a198e25155ba,0
0x56643cb1dccd1ccd9450ae369f7869013cc1be10,0
0xa4c2bc53433b65f4b8e1c352c763a066a965169a,0
0xaf20ca95e6a90fcc3776beb323cd95b65195de94,0
0x780fccd21d8359e0c78b1c691136f0d4c0f5fe98,0
0xbba5291d6a58b8290c39bc35cb75d7edc1fb3f2a,0
0xc42377bb6b918ddcb98e6e308b84b9208eb472f6,0
0xd6823b1d2c48260b30c9d370f097b11d2c30522a,0
0xff5f7ab9d2a5b269c06adad4c1b247d7eab19403,0
0x43357f6efa4c23ed93c597018e01c70ef5b415fb,0
0x060cf51bbbdd9c4b2016fd137bcf99f576c5a626,0
0xfecd5856b560c380788b478f91169cbe9ddde53f,0
0xd60d6da1fe32784ec98950b763911541fa9b67b5,0
0xd6685b1f371e5ca85b01df5ec0e45a421494e61b,0
0x4227776f3ec27c9b83550aa279cadef53618189b,0
0x559d10571457ab0c79f28ef754eab2af0d3bb6a0,0
0xd59219d419bd8cce775257288445d264c48e5bf1,0
0x8672d0da917b1eb1a68527f71979c2831e3fbbb3,0
0xce48042141e55641475e35f309424498c43c23e5,0
0x9811f00c13738fdec9deac8076633d63e245fabd,0
0xc3cfce467fb590a58ae7dc3e241612841b370ae6,0
0x6914b2f4f46ad280bfb1c5f7158f394a152f389d,0
0xb5bfab70d22aeffb968adb47612361395750adc4,0
0xd66d6b5c6f71aa34dd614016268cee6f5afbb632,0
0x1dc2d92a055bcb01dd30f9d33fa54b6a72eb03ba,0
0xf2cbfebeb56f7852c3c182c088ee2c9e12f830b2,0
0x99a241d62b27d11aa389a91b7d11a1d51c4566c4,0
0xdc250a5817390edaacf2f6e1b431ee56b746594d,0
0xfb253574f0c73e371e21c448f57edf2dd6b12a06,0
0x831494250b4282d8e2a787734560592d7277813e,0
0x1dd32c09b59675882ac1ccc59de4bf53a0269a69,0
0xd118b674e49ec754e20d31cb58f64ea3cb81194a,0
0x66a9195600ab420add28fe3b74cbed3ebd649152,0
0xb0c603a8c115ffa768648628363dc55a3edc0f2d,0
0x44554aaea509f47c5921cc053c42f2d690e0f2f0,0
0x76b05dbefcbdd53a90930ac88bd61a7daa9adb4c,0
0x2c0b5d3d14c4e7c8d54963cf07a60e871e314f49,0
0xeeea4af6c5f8f4e660b48ac82d6490c727b28f9b,0
0xdb265748c7c9292ec924c2148a58468c876db8aa,0
0x8ca371c684e7f93da793042a455432c18b48b952,0
0xd9ae0caf68177e8349ae35ff2b703cc1f1682eb9,0
0xad12d16204bead3acc69959a89a8b042bea0ac79,0
0x1f6c1442ef7bda9e1658e815248929db0962d4d6,0
0x5878d3d5d6a6121d7842cbf8f518889ed2b5a47c,0
0x8e883c9e13af3628f67f2cf064fea7fbcd633a39,0
0x6d245577aee590e96fd4c0cd358ff71f52aeb84e,0
0x118e9b11e25f9ed03b13f894d5f60cf6eb11d6a2,0
0xe9d354cdc74b99cb66f10334669b4998a6d57caf,0
0x937223e2cdd7e4b7ad809ba8bd86c1bdac346f45,0
0xf5c10ddbaeaf548812d562013beaa8428a9a7718,0
0xc93debf32142aeb438523f9cced6b28f32d388ad,0
0x3cf3e788d82cb8adc9daae422cc53f4e0f041dd5,0
0x3640304cc94588b914f7a1a828b6e584f13e0201,0
0xf274b40fa5ef4b566dd84567c0e15396c2cb9985,0
0xabe68d09939186e47e6d2931a408dc87a8d7af6a,0
0xbbaca82df24d9bc10da327a0d3f4b56b08546233,0
0xac9a99ea81b2f9949610dc06ae56df6a98562f06,0
0x0a240c9abb6561055cb9ebef14b8e5408b504268,0
0xb1728aa690dc1b656265f2abe0ed302e0aece1cf,0
0x4b4288859ed48cbc246a2867b3d6cb3f1636f19c,0
0xc75352c11e7aae2ae6a9ca62932fd6ebed452a8c,0
0x694d425f7f889a76dd742500abd2fe1d85fb8304,0
0xbf2333ac0cc192f84a50094aa50a0a50d7a073f9,0
0x314aa47836e8e1a3726591bdd37ca590b697f3d1,0
0x7ea1bf4beed161773c75eefe93bfba3736c8d9f7,0
0x617c195156672396c24b0f459d315f05ac63f280,0
0x396e59f74dbf8befae5e616e8c2bc30bdf68c2ed,0
0xec44beeed4f8958d04d86f04aab79b17207be0ae,0
0x1e559258a34e5cafe1379340c542f37b72b719f9,0
0xf867439830556227cf9217a6b4b0a996f4f411ab,0
0xd7a8bb7b1a5182d0362027cfe741861158f6a661,0
0x18c3a761e421775e669c3557bff2230756dc0934,0
0x96d879f5e9024a1d2268dfd8fe5f12a0fc057198,0
0x715b78c5c4f158f86eece166dc46d9fd5a96217f,0
0x8db943116f5d9d58e8169982fadb0f804873a4da,0
0x8c3d933894e4c07a2992b6e4ad0a58e861eefaf7,0
0x745393c0b0c9dbc3aacd4ce068f9610a83525a95,0
0xda5f07a0709c74bffc725ca6e6d93500fce9e9c5,0
0x7be91ca57e3a1ac8c9b81a1b5007eb5e33b52a81,0
0x19156f83dd06ba263fe7587e2f3bf7daf4b97785,0
0x488244a33b49b63b31ea99baf333e6d685df6308,0
0x9c72f8a44d5381223be288eaafd1394f61880e5a,0
0x8a8ea2b81e3628789de069194461f35f44effad2,0
0x12d886769e6f5df211a7a3cebdefd1a544389f75,0
0xc6de49329bdd84f28c61d4721076fdb647cc865e,0
0x1433d547eb910e6fe7758c740cabfb3d80b110f5,0
0xc6424fa739f5176c96782b0e10935600c5658946,0
0x6d1ff75840ba8a56b9fba6a98639cdd7a9f061f2,0
0x09a3a1c0a0a6125deeb09e3fba6e8e12ca2ab737,0
0x35e9ecbd32ed10ad0a4a0158532e3f897de24538,0
0x0969ff773d0520ea8cea610f6a4fee57a7341df7,0
0xd002e872b6196ba19eba6180c67085ecafb57e67,0
0xd2bc8062f7074e3628c61c8ed8f686b5145b40a3,0
0x1e078263bd2c97fd977eca063bc53c146fd79bca,0
0xae5eb51c48b1b1e03edd97b372924dbe208964ca,0
0x13376ca1710f9bacd6ffe342b7dab2745723b7dc,0
0x422c265313afac371898890b624545e08e6f0c63,0
0x7bba2ed5eb40a178b60fac6c00533e503ca300bd,0
0xbc5b0f47401c594b2c4d8d4db11305f30ffec56b,0
0x0b6941162e5323b1671a17be9b7d3e9174ed9471,0
0xb052a7fded23ef222b663aaa2054e9bb85581636,0
0x74e40c7bafac66528d1b4fbc9c23a8ef16228afa,0
0x60299acdb41fef285771c1c3dc4aae1af7cc6ccb,0
0xf01a2feebbc628e93e70fcd223a079cfd523418e,0
0x11424059d74d0f73920b63b900256d599a35b622,0
0xc45cdd138902a1256d121bfffea15ff8ca6f9aea,0
0xfe004682729a819e7d96269c76a571732bdd3281,0
0xa337acabc25a7d2039bbbf887bd3cecf222149b2,0
0x3cdd2a7580e837cf127845dc96cb74f5a8803f15,0
0x2819dcc5de12afbdafcba50663b7c10f5dcaafac,0
0x911e0557057142907e25dcb25b0723414f5af2c2,0
0x667466987e5cd9350e9e3542c5feb0a2948c77ed,0
0xdb9ced49a00c1e7cb92587b175937fa5eace0d1d,0
0xcdd19e6d851d697544d5e88031c958f032df3367,0
0x26c0b553ae87989fc1b2fcf7f8ef06778ee29ded,0
0x3d4a0c82ae7a3829e19d752e0bceec66aa022a41,0
0x053a0e86db4158c1008c3dc4c6f0a93755865b79,0
0xc011213c4e73b54cc13329d34ed95724599d3dd0,0
0x1ee73b92fb0329e505dda42cde45c1a7450a56d3,0
0x29035446ae44b39a48093fa284eb7d90233a8b7d,0
0x1486d6eb6d17b8e3f8a31ac53ed08c1a6cce1cd0,0
0xf64244afccef9906393a2630655f15d500570159,0
0x6b594ffee36b1f17991a11ae437bdf1a7d13572d,0
0x589672e06ad64443fddcb9f8ef300f1c56efaf19,0
0x4ad50664f2ef112991b78999eebac4551fa9df32,0
0xfc1c6fc97fff8797393a6d32664f85e27a797519,0
0xca8cf7408327074b1270656c75df007111bd0f5b,0
0x88d3491f1614df11d79af9aef93da0ea823bb368,0
0x48d51f7f60894f259f1e9270031245717a8d6209,0
0xd892462ed024059599b4b1d7421f9b4022bc2f6c,0
0xe48598e1ca8d1528242322028efab3c128dff54a,0
0x9b1f88acfa1479170cf230ba978ea2d45010a915,0
0x24b5cbb33580c7dc72302d07a61f474fecbe08f1,0
0x892470f45a1716f9045d4e7e1263a156db97cca9,0
0xcdcfc3b84d77573cd729e20f965c79e569884de4,0
0xa6a0a0004af9c17febd2ae42a2da5d9f401ddaca,0
0x461fb12695af3cab17f6a17bc82bbc1485a57da2,0
0x57c88a2f8feff081c31b8e9b085e873563550225,0
0x0b4fe2aca8aaf9626225b427739cb38868342d56,0
0x0e2b542c319fab1bd92129c26bb2594419001e73,0
0x9b801176e91cb317f5e9fde4cec242fa5fbf0e51,0
0x8c125b5f15c53b2ea1c11a246c68be8985aad458,0
0x8f30deed01fb6283bf37c20cfef7eff2226ebaf2,0
0xaef5be1f4f68eec9301fc2bbc385c088984132f4,0
0xbc892bea98cd7dfcbc78208e834f6318f60e70db,0
0xaff3405ffe75347aedc14648e883ebbc83374e09,0
0xf3c21386099f202e56123e4fb82f258441f71d34,0
0x524b0553b62deddd7c055c0e97a31dca2b376619,0
0xfcf2e1c4d0f3f04c0338c843906d1f7fbb6effda,0
0x473a72a7d58f1af5eacb85b89b18ba385b1098cd,0
0x600264709833a37df7008f8d3383d82d4d1b9aba,0
0x62d2b759f9e02c2a8344dc17e1aa1af592c84005,0
0x17837f68120d28df270ef0fd4a46c0657fb21237,0
0x905acfcd76e6d0a4e3a3fec5c6654c28a84e33f9,0
0xf9bd1df797acc07129f8d9c1d9abf92eb278619c,0
0x5e967a0ef6e0e87b17c6e39cf029e10273b6cd40,0
0x2b77c28750aba87d75d1d1b009384c15e986ecaf,0
0xf2d8b05dbad462fafe149540357455af61b4bc46,0
0xef2d4de462d175c6c3c049a95d8246b4cf7bda48,0
0x6890e0ffe4da5e0349264c1230d6221876b90fdc,0
0x5f8b4480493dfe778627e7a96b12fda321f91648,0
0x44dc70cf82e49dd71c89f0c898deeebdb4967250,0
0xe72398393bcb66eb26bb7761870f6a4c5245aa51,0
0x760cde7beaa28fef874776a8f5a41d1bdd929c98,0
0xadd572793f79bb370f9f58de489b94500c5e52e4,0
0xda392bbaa84cba23389a3964f9e0f4dcc442df94,0
0x13beb40297fbe9b901d5fbe38ff73766bee3909b,0
0x9624a8b1dbd608b10928e4e6ae4d24474637f301,0
0x44533e95ef3de6c5430add84f1b782f3a32d5691,0
0x55be82a0ddfed9db7202d6d400161d39ee2a1e59,0
0x4cbaf6ca09da9e0e693a1ed4a9509859bfa06bdd,0
0x578909e83ca408ac22734e1a53f20a3614ff8440,0
0x4c746836bc73f413a9cad7362b41fc944bd9e34a,0
0xeb6e1b22b5f12f791f331ab5faeefafac21cf9bf,0
0x4c62372605b689286e80a1039e44bb9ed2a0b11e,0
0xb063f75ca5cb69def800fdff70b9582c51fe07c5,0
0x4638340ed5f291a3c1e13961f88f57925e6c8c16,0
0x5d069892766005e0bd1be30841144526f40c5fda,0
0x35ad4f9ad672f8cc0779c02898b5ce3d849f2a43,0
0x3745e29f3aaf9af16a03f8bfae35dc75fad88f26,0
0x1c0594e4fa69adda4ba3de55e582b63a6d2ca2c8,0
0x1d967b80f38559188dae5d735df2e93a6db6e00d,0
0xdf0ba22d94dc295cda735c45d9c91cae15632f7d,0
0xf98cf7a60e14ff18fc9a834d1cacc31992a9fd36,0
0xbcb7d7d4be99e9c51636a94ca01d0150550414f1,0
0x781bc1b8cf087641e30604ddf4c5bae001f4a214,0
0x6a2d31774376df05b321b16762d4a990d8c8d02e,0
0xbb6744e52d965a0c81405cf9b1f3199a328a975c,0
0x00f46f791b69f4dacc856e904ead5c511ce08c0e,0
0x2c800f74ec1b2eb602bc579e77f1cbecd5382a4e,0
0x049369551ad83b3c76b0dc58c26b06a335e41dae,0
0xe865eeff2879811aeb9636aec6a7d28fa0d51232,0
0x9864fdcc295bcb20bec16d48123c0cc612c8ceda,0
0xd3b69fa6f1fdcd10b94ae439089efac6a3286723,0
0x56fdcc5f266f308585fd5b389476ff2f1dd499d4,0
0xf26e60956e70a90f7678b774ead77babbcc88a45,0
0x291de770656a871a7fc878dac7da2805a0b66a27,0
0x8298b6aa02f409afba0a83728003a12d8bdb48c5,0
0x710cbb5341b543c467e49188cbb585501660e383,0
0x9e6fb03f7b110bae66a7168987220eef61c78574,0
0xf76a4e186394da266d5ea577ddf5b0a7b6ca001e,0
0x91d24ca29c7cfd7400050fb3645ed2158158b437,0
0xb801c0fb3d37d7a4671ec393cf61cdf9e0a9874e,0
0xd5fcf7ad6871f8d57b6486959c9bf2f20cbb842a,0
0x71e0436d05206343112555a60a6150559cb7d797,0
0x49f27fd9d20390483f9e5e9614838f8fa93cd692,0
0x935493217452108e7155ba25b12deb7bcf821f8d,0
0x3762db2f28343614aa231fb0e049311b65863a5f,0
0x75df5a456e1e001ac3a8334e266e9fd9875e0190,0
0x8b4f09406b9084d44aca45956535320db5145cd2,0
0xbbd7ea38c99334b37108c97ef071b4296966d9ee,0
0x7ec943bac956bf849c4b894df2ec8273eb83bddf,0
0xd3386f6d627c8b3d5bd6fae8083e0ea5b35b6ddb,0
0x6d3c6afd9095e01ba6b80e68cb3f4040c1d55640,0
0x06a950ce82544e241397cdc0b33a9c8a02ada7cc,0
0xada144b87dacd58806665679c99332d173942424,0
0xc02e9eb050a8ae2a3f9a7a846138cc3c996ea01c,0
0x12e3cbccc45ce521b4898035a5dc9c925df9b58f,0
0x04a62c1d6ac282f3541a10a9cf6ff9d5e1b80c0e,0
0x01689ab0fdbb82a4d1e308bfcdbde2c5a59504d6,0
0x301247c8654d9fd87022045856450150ce323c31,0
0x742b932676aaf9192d78aca29aeeba1931828113,0
0xf1135e90601b046dce16cc05309d771f73709032,0
0x7f0f510f94ea4dd9b0ad3e6f8762955a1c1d5fe2,0
0xf7dc38d98b9560cb054f89e9d88aaece5a887970,0
0x628c6a19c133ed6264a589e1e36bdde759174fcd,0
0xc942456a505b9a3ebc86ecab7962eb4b3858a99a,0
0x22d76eee4093cd41d7c54ede9745215a18741900,0
0x55da000cf9e7a884cafa1f7c2ebed1562c87e4ae,0
0x2d9dd5bc411341ae449eb4c9bd6ce829db701dd7,0
0x3eeedb1404ef14a93771f1f2ff93e565e81816e0,0
0x173a1dac0d2715ab8c1ad43b3c67abee1caba191,0
0x5095e4e46f71c8a0234346cbcb75bcc7494a38ee,0
0xa84842acb4a9adead5f39c7b6e647ece66b85fe8,0
0x0b3d22d416ed6ee1e9d0d2f19d822b4844ac50b7,0
0xb930bba5c38a20141172dcd5deaea7cd9c196684,0
0x80d7dde6c57b481153711ad398bfe0bece6ad4ad,0
0x5f63cdd277e160d2d16d27bd2cc69f68e2e46691,0
0xe57dd4240c4049a77a9f4b44bd91e53703d121bf,0
0x5b2b1c70d0073f78e0e46e59f7ed8f5aa73b2af3,0
0xf07599a56b09a33c8a38003fade69d4e422529d4,0
0x09ba5cd953d4b914c7405c10279976f43f88ec03,0
0x725e991b95c8db16ac739ae7563bdce37bb7d5ce,0
0xebc1d3231f2077af5d384c1055b78092593e38d6,0
0x4f82e315ec5bcfcbb1ba08a385fc66331d51b4e5,0
0x870b9d2d9ec386608513794515e23df546bb72d7,0
0xf0ebe5931e522aefef4a31cf7d17f9ce7d49203b,0
0x6778ee6cc473a29eadf6ef99929ca40fdb51d35d,0
0xc56608c7cda60b4e4ea1d3b09e09faf19ec6d082,0
0x3c165f7f95b487f7c3b262a594d232fe0182738a,0
0xe19e13affc859d0524eda2b34e180ded0ad9e95c,0
0x72770f01f63647bbfef7a556c7c3059044dbeb5a,0
0xdf82ad74a59528cecf079de2602876b87094ae57,0
0x2fb46aff0086b46b50eb01cbae60172a373470b4,0
0x6a5fd37efef9909412e79ea530fb926e242ae11b,0
0xd016727f1983696cd91c06e56830251521d9ee8a,0
0x6ed170938b1707b50f49212d331415e21fea3a1e,0
0xae9e5761a54d801134b3f903e954d8e9eedf8881,0
0x73361c557a4d735dcfb608deccc30e99e584cbe9,0
0x6ed5ae9f6d29a2a8dcb33cae135fa8e0c2edab72,0
0x4eb941eefbccbecf273ddc0796f35a326fad3e82,0
0x40fe2b7e7627a8bd61d6e68d46166ba29c9ce5e7,0
0x58c99a6e72990075a16dd39faddc111d581a8bfe,0
0x57c123c4f7f71bb4ee406bb54edaa113257eacd6,0
0xfdf7689fa5b30ce9d0d5a9a761145eb54764ffc8,0
0x9bd66956c56d7478e7dfa940bdeff8fbf03a4f1b,0
0x367b374d335db6546a6f86f515280f6ef57a9235,0
0x7dbd71e1655b65df86d39a2d1d54e245332e3238,0
0xd360892b87d3c414bfc1d57cd1b486b9a62ec4d7,0
0xfa2c1612204e553193bf594e2be9280a4e33f4f9,0
0xeff2234d92709567fdf25aa4e2c9f89351e93629,0
0xf9a7cfaf6d01a62212d5d62fa201486757842c15,0
0xdfccb57ffa25706ac0197b582d6fc7e0aa141202,0
0xf48bed4df464ef4efc28d82039e7c373872254c5,0
0xb7b4173684b7b65a9e46366f578b2e9efd530649,0
0xa26dca0ae703d9f32246556124aba07f2c519979,0
0xec489fcc00f1149df66de14e3a739968e546c2f0,0
0x7ee869767da4906cc7d59c400ab21b06190aa417,0
0x53aa2543eadb2656ed21573072b944ad591a1cff,0
0x726b01f81e9fa5e7bb1034a87367a07215d62b04,0
0xd0cbe84a26857fff70aea650c4819d7d4edfca68,0
0x499ecd987047617af5adab75eab90f9196001487,0
0x15d62e3fb7ba65ad14be105087047750a9f50236,0
0x1681ce393e59791f4ca45fe8d77cf0ec0626ab97,0
0x77bdb113f613567802f8d649d44a4e9f138b575c,0
0xc684021182465c08293f9fc7199396195d4995c5,0
0xcd0fa09e2786416fc4885164c6993eb205631de1,0
0x68b186b67c003558082df238750638e293e8ec82,0
0x287c1987083ed9ac8bccbe6339ba2680342963df,0
0x3d03e1daaedc8fc6438da692adce2125a3a3a1df,0
0xfe9affbc4b9448e0254dc16842a023503704b6c2,0
0x49b13e6c971f098cd7e65142559c68541f264b5d,0
0x7dd18009c086cdb2e54fb8090ea12f2d3defa719,0
0xe36c5ff43e68df1c862b46b6274557aee6a07fdf,0
0xb8008b21f40205c78d421c6a8250afc12614ad4a,0
0x515e127f0e41c52c77ef2f60ccc82be8c57b015f,0
0x475da9365760bdc93a8ef8cee6d342f89d11c89a,0
0x382466974527263f57526ebd7690d8ae6b0cd2d2,0
0xc8037487775379c6502bb3383ca22e64353d0fc1,0
0x6c1e897c57ddb7217053d30ca3a9f20f61fb2308,0
0x6a48216e396de827d5b16d549897bdacc2ba5dbb,0
0xfc0d8df5325b3297084cfaffcbc55f3c39d9b5eb,0
0x4915befafa4ba6806ef9f6b0ccf37a867be504b0,0
0x7f84defb95b9a9ddc5bf95e1fa742bbba72e5afc,0
0x5be4380d0ddb512ed7dc0f7b2a2a62f0dbd680d0,0
0x7753b7b6d8faf95cbe2a7e5f7dae51cdd6486752,0
0xe5d9aa8ff43ac5c0bf5e166caecd0cf38fe2f6ec,0
0x198129f309c45e5ac8fbf377fbd70c991bc36375,0
0x9106cfdd5b3acd3e1896f5444a3f2d77e42efe1a,0
0xce57d1080ab13254bbd4090b3977a23ae3f76325,0
0x893774812e45c919c3d2fccfe39db5daf85cb519,0
0xc8da8f8fb51735eb0b7f1af2a035aa84d5d1eb8d,0
0xc7cc5e520cd67ce790aaa2325b2173daaadd015f,0
0x3f0418819301474fa6a926f2665cad0c81a062eb,0
0x7f85e5bc8fc5c8471321e157c381aac906335c75,0
0x3d5a5fa43b505805fdbb4896846cbe2e3b38f873,0
0xe4255c23ed3014ab50161327758be5e00fbb1c4f,0
0xfdcaaf5c76a62d7b957330aeb16f7a32f61198d5,0
0x5cf7bc0819afe98cc1e72fb35426ad487042338b,0
0xcfc7ff801378627e71887b8f6cb32f14b5a3ec48,0
0xe04e6086283429f01fba46625b9a8d080c8760a1,0
0x3ced1248cf365773c1070ed3618c041e59004c06,0
0xb367a111b12e1acd0b1cb5cd3acaff402058b2c2,0
0xbebddc580299b28b14e143573a65496fcd1e46db,0
0xe4de35c5a82cf6b7e1bbd151d6fff4eb79bb875f,0
0xeedc20a8d1ac146d8f2b6caee4575217b24df5bd,0
0x851c2555d8dbedc80241951523cb8848ee3d5eba,0
0x35b0c3dbc91add988a6d8afa8c9fba5a358f47f6,0
0x77721b8e18549a43c010253f0d80e3f6d2b0d695,0
0xc94286e28b36e4bb83926ff0366e7fe505c65e3d,0
0xf4ac4b00bd5b52a8f36800c564d5728e90a58c60,0
0x3df963b8ae2869f95dded8596710e8a42e25d3ea,0
0x9f3f7dedb1748c23fa6a242fd0615acd998d04c1,0
0x330fc5aac2e54a199f720114eba210fffbc64fc8,0
0x5a57885b4934556e6f511ac198219605c3f7a61d,0
0xc4a3bad028ed4de2e0d2a80c434a1ae1b5a7f408,0
0x8ba192672c4ced869e83683b73aba7608bae74d1,0
0xb34b8bfdf77b64b20e49c5d157612cdf59f8ca91,0
0x50a6cbada40b4ec0900679b004530b9f5e5b9b41,0
0xc0329fe8e48470e91919ea821f4c02fb7cae3bce,0
0x3172e9703c1351cd65e935819f0d607d3a09a480,0
0x4122f8abbd761296bad1f41fa524c0ab82d89388,0
0x24186da1660809557b7f1fc2395e9ff1e6bc9073,0
0x537524dad2ed9242dd3dc26de617d01cad63ddce,0
0x18ff3e3812dfc683c61288f794b66bdd0d485061,0
0xbd41c0df82cae34a4ce5fbe3efedd42eb651c764,0
0x99a4078a4b5d458dc217767b3e22db9f14ca6296,0
0x9582f009943eaea22489674ac4f29ce99ce510ee,0
0x8fe2807eb5c36a0fdcaece4453a73027f68f243a,0
0x3b4d53c493ee6fed8441e4725e2935f9c7c51674,0
0x6d6cc15128ff7009eddf5b604742e890b6ad978b,0
0x381bc604e16ce36abe6db8765c2eaa615a08644b,0
0x152e256c521f34f6668ffc3c6ab48e2d23421479,0
0x032d1e44072917e9914d393049b44afce5e05ba0,0
0x15038b26817e7492e21d11b9eb62f62d957a4c22,0
0x9bd742cc2d183efb2e724553c368832a1c8a707d,0
0xa06746b88547031a35172acab441c2facf972f34,0
0xa17ca865539ba6d95ddcc870686ae8f94aae8dff,0
0x37858ccdcb363da9daead289573027ba9f7c85e6,0
0xb82c734e1c93d672e66c7087cf487b124cd05888,0
0xf7b9915831b29037cd02fd76662787d0e537fe2d,0
0xf55c1d0359ebd574183abc02d876bb90d238968f,0
0x6a09d629e67ec61a4c81e93617cd8a20fbc249cc,0
0x5e865c20a9faf92ca9e85b8f314597064dd20770,0
0xd5c53ff372285186f6e485e917d5cdcc8769afcb,0
0x251461a62dc57463b404bf13a10ddf94b7073ad8,0
0xff01a4138e3fc1bdd0ea40b34409f0a562cc2d1f,0
0xae2364ddf727dfe1394432c475188a1fef6122e4,0
0xb9078d6fe96e4c308f2a4fbfb6c459b6363c5539,0
0xc77bcc286850a24bf89d4fb2e832d6209bdb37f1,0
0xe15a8bee9fc79f513166a5280e115891f6a11b09,0
0x088137a043b9532c465f2350c58ad23d2211c87f,0
0x9956e3a1b5ab0b414aa908824b3a1872e464bb43,0
0xd87a47f15b38d53a9dcee8520dfae16201c1c674,0
0x50ad84d166fa79891e7481039a777506e39a921c,0
0x4734366da4cff5fd57da4263a4828ceb89081677,0
0x2ffc120d6b103eb334bcd5dd18665a542c2afaf2,0
0xd679b8d30fc8073010e16afca74d678037b17391,0
0xa8a9ba9501372243ef182854cbdb88b5d65a5fc3,0
0xef9f9b735e63fd30bdf4f942b0188e0d446c9e85,0
0x1b8b79e76e11b2f13cacfc73af488871c39575d7,0
0x8ff5e8d96771d29ec9be0d3417ea5c8c0a5308bf,0
0x8393201ac2a18de580adbe62404c26595a8ec711,0
0x72b8751a83cbbb65aacd3a9650c03e35401e2f07,0
0xc20da4fbbc9be47d6c7621f6f44976a9f40f1ca1,0
0x4fbeccfb952601adbbf8da3a1141be9765aab157,0
0xc99fbf0efa685d877bb80c7c4e80d59f6e35a33c,0
0xf0ea0dc87b69eb441bb4e21a4804cea42eb38ee8,0
0xb8f6359ce08035f4c80b086d4b2c2e0cca7a4b79,0
0xc129e509f8fa54e542c4e0fb97239b946659ecfe,0
0x693a45116846d2d77b572a5cdaf4902ac13dacb5,0
0x2e079c29d206df226fa9d5b5e58187313c31bee9,0
0xd168fb3ffba9c252aea13df7d3873e7de5ce245f,0
0xf5ae3fad0237a23c883bdf2fd839e969911d9d35,0
0xaeee1169642f3efc8a12ef3991d72f1f9ff35e13,0
0x74f5f9d0755941dff0ebc39393ccd2fc95befab6,0
0x4b2d8bbfa69ba2685d117e335be1bd03e3bc3344,0
0x57f632cb0474540609bcd2a42eb96a496cc32bf9,0
0x1eefd0a441601c1ca207994f3f36692eb8884cb5,0
0xd6fcf90613c60fa9f2347d232042b7df8862a77f,0
0xd13a962e32c85f9383a0f24c400b88bd8e4739bf,0
0xc26b86aef347fa45387893a8402ba97d7b9c4470,0
0xd7f60b80b9948e07ceec6a3b90fde7d4362fea6a,0
0x350e9be72abfa581d2380e38b237af98a814f2a3,0
0xd47a48643376b6b66d1bed0262ec88a158226d0f,0
0x781d5ff26b985bce2872be1aa018418395745fbd,0
0x54731167c6778ed12d12e20d72916d2a0da45bed,0
0xd4048a93e4b4ec124e6f7d452bbe01330632f684,0
0x80884f03045cf23a4889be2e83b1d84a638fdc7f,0
0x602b6f3fd4356f02723b1cd907ea77281ae1cb45,0
0xfeb2f649cae45ad4b23ae0b4d68e9a23585932d2,0
0xe2952fc8a89d56e1a7e734d8eeb8997b60e2d1e7,0
0xe7c32295691efa4c897350548d506764bd5596b5,0
0x6131e972ee4850336c5097d6dcd9f69f59f8e426,0
0x57b0dcb09e5456cb21e6f25c757638c3b0ea8f7b,0
0x63e843eac209d1e3465583aa5bd547693ee18ac0,0
0xc6e68fee244050f0ef6b426f98a41c61ec3aae02,0
0x2d6a03b14440819ce652d249b2fa7e9cde46f2c5,0
0x61e904a5c47a44c59ebb40263021c6acfefe7701,0
0x35466a56593167af6aeb81432d5b56439d194b8e,0
0x4925572cfcd4125a178fdf47f37a052642c3ba65,0
0xf8049d8072c4d40ea759ba29c46de2f5dede5e85,0
0xa79f61ed60582509fa019703fd9559d21aa8ff23,0
0xe6abf9041db82a328e00bd0e8d124fe91bc37137,0
0x296928b05ec75755522dca28e02e9b5340d2aa89,0
0xc3d9ee0f7c49f751235084fb362e9e3c3bbffc79,0
0xf2bd42768888cc9f32f1f32142304e447c462097,0
0xfdaea6c1a0d6ee69dac81748abb61c2cf898a237,0
0xa48d36b115a2139256113359285e45a25d8974aa,0
0x45cb60c3d95616ea556bf18add3428c8fb912119,0
0x85c321088fdbdd002082c1899d2ba59fd81269c9,0
0x01de8813fdcdcafe6c3852e7b7086da229da436e,0
0x3fe7799fb38ad53a7b42661ef5cc377fcdb60af2,0
0x74a67a7ca4c6934030bf8402cf95d4ea79a04279,0
0x41e48d202b823e35c5753f1200931ecb0240a009,0
0xc1fd7fa7dd66f9f1902894bef276b891cd1e1114,0
0xbdd9938f56349a04ddc5c017921841c3bc45d44f,0
0x48a794f13e14e67798521c91d5b80d99d2193c01,0
0x9ecf9a4e2199b71499d43eaef67aa310fb9f6cef,0
0x2d0463b419a123e46d54f9f8b48beb1cd16d5bab,0
0x1e3cf6f6c6494fa1ee6c25a2f822f9bb90ede038,0
0x2bf869ce5e24cae9b4ee9880fa802712c3710806,0
0x79d52875bc4298b2c24b14be469e8cd6b58aa48a,0
0x7ebdc79ce3944ec5a5456e4494a148e56d74acd0,0
0x76d5a19a50b4bf8878c8d0aaa210e45c5fb405ad,0
0x8e2f5950daed8f14bf709dd4596f76d6d2accbe0,0
0x98f801f77ff30e72e05a5c2a5d686fb4cc391e0a,0
0x3dd9085781abb48aac797eea3f8c67c5a1eecfe8,0
0x65a554bef948f25249c8cb4a265530f8ca08ede2,0
0xf0e6960b0eee75058f86ab29134b1836e0bbcff7,0
0xb49cca34af760483739633be2ada7c2c5eed2d72,0
0x6b48473328f8b5feaae23252e147e8bc4cd29106,0
0x93a608a3c0593ce7e81c9c41b275985ff79391e8,0
0xfe86942cc7a46c88c4c019b6de9732749877c5d5,0
0x1cd61eeb08a2117ce2cf46bc985b8b23f286c8d8,0
0x73ce0ce01801313b59ebf3a347e53344b71a99f2,0
0x4f06bfb6ca6f07030b630f046336a379d1f45857,0
0xa21fa3d494435714e6c910610c2a92ef4e3ae13c,0
0x438e25a71bb4c3b59b2a638417b70cd334190da4,0
0x2a21587c5ac9e8ef36b18165d7f04216c6f60bf4,0
0xc1b088641829149c85df080da75cd2b45e71e351,0
0x9d04e613217e329a5f19e514b4115beb57dc2776,0
0x44e5ed2c9fc692b46154c26dea5243ec9136449e,0
0x585e06768cc9240ed37ee0ce5e22579b9c67f39f,0
0x5435eb66771b362820e0f57240734fca28297453,0
0x2105cd54d3bce9b61210e38cee4bbfb75e1643b3,0
0x93cd12cedbb77a636096376b2624daea820342d5,0
0x9ef7c860e666ef456bd4ec5be7340c6a95154979,0
0xdec20f80ed0f55f95d04a38f207bb39e297d81c8,0
0x2ddeef12b59a40c7df72e4a309e0163c703b9d02,0
0xa34c90b8a67f76dbd467f2cc9dd847cf5d0ca9ed,0
0xdc6d18381fcd3b66bb5c2b76a86df70418a12773,0
0xbff979eadf5e896ec5630474cca2d5b50d6b5180,0
0x44dcbfccd85e813bd48f955f1be7f516e687cde6,0
0xd2351e1bfdb1e27c9413dcd7b4af55231d73938c,0
0x51d4f738c7806e0dfa286270f2f418c90e3da324,0
0x1476963a0b133719e4d4c91f7662778ec1ae4fc6,0
0x0f69cf4ae977d598bbe0861c11373c49823941b9,0
0xc61ca265829bb01a830069da8a58905aa8135732,0
0xf098519cc1a3a7ad8cb2e5681b320cbe6d453659,0
0xfc48338e31041a0a9b837b7e216874711f2b4bad,0
0x2db275cc6cc0e1ca13082f67063078dea65df216,0
0x27caacbfafea67966e1b5e846ee1df1f0d826566,0
0x2ef2bd75e9893177430db1b2ebc11309b47278e9,0
0x8b88db26ad990e9d9a2a54baf01f3aa2e34972d5,0
0xd031f4e17b42c08c46be2e4fb61efcdce14bd3d3,0
0x75c8d96b2db1ed7b41542f764c6ac6c5221cd5cc,0
0x02f0e4bb97633016c1c610dfe14dbc96d8d96cd2,0
0x08f5920049e15f0d3153d0559f5e253c52098a1a,0
0x3104ab38268c5a2a9adba3e937a9bbd7ff2d3012,0
0x5f00ab73ce87b4e53407ee35fd4d6fb8301cd678,0
0xdb4cd60e5cff7d8770170667ff3d2aaf322c8b14,0
0x62fe4aedb8847e68caebca4421b5c6f06807c57b,0
0xf4c54525ef5b587d8667e2e9e307b1f99a22e912,0
0x87f5ded9bfb7206a1b30001fe78411673975102d,0
0x69a691c463665d81c142776808f33e6c92d69f09,0
0x6a8de50c7ba08301f3ab7c10b45e779899c77c36,0
0xd4800917259d1c7333fbe8e95f4fd2c87b653f17,0
0x4d60bbefa69b05f7b4df1b41c9f4456fe7a99e62,0
0xfd5fe78b1381253500edfccf61032beb4195fb42,0
0x4428dd4e43ca3dde1c9406414a91462397fc9a7b,0
0xf039f158f117158bfca1e17660da320b4d066527,0
0x64501160f80ddb4ecbb8c76a841e5790922d9964,0
0x0d33c3a198be04ea1c3d343fe17d31ed15726a3e,0
0xd59763c2238cdce6ef86012bbb5318650d6e149e,0
0xd31a1d05990f90360575c4a62c0639f6dde56cc8,0
0x17701fc3f289969cdf3e0b499d50b8dbd9a7a982,0
0xb56e8e3accbb4f437966580b404a538c4ad8ae7f,0
0x3d22e46eeac349040b3caac5f98a1a3f3811479e,0
0x9d7458968f6e940938abcc12aba282e4fcfb8945,0
0x0f51202bc6eb14450fb3b552897864a9feb9a3ba,0
0x9c88e391835262cf0ee6d7af2abf36b00a6de37e,0
0x707fffd107068fc76cd0ba4c597c210f9ed1c696,0
0x6e7e1179f99192cc8bf73516a48002f927ecf401,0
0x40d50091c4bc82919038dc03f702d3b7353687b6,0
0xce63d7d74b526235e693d85a2732716096aa734a,0
0xb41413c8abdfadd2c3da6615168ebfa1375b29a9,0
0xed68132dcee5bf2067feed6ad0a12b6072e70b33,0
0x7067995b94009601ae3b0eef11b87f9bc1ae4faa,0
0xc90c135a75ae18c552e6f623ee45e9e110d0745a,0
0x2d85dfdd7abf5f11e96af63f0be00ac8976286ae,0
0x264a4b4668125be82b0fae9600f39076134938d9,0
0xeef69980af1b38d3b38fbd3c5f883bc76241360f,0
0xebb278c9060cc34646bc257501dcb4f12eb6dbaa,0
0xbd87a8275bc06339aa500b83b7ba1b18c1b71c4f,0
0x112b71f3b8c435abb4560ea32a17c58903650026,0
0x8beb7f020d9d6795ee8cae8c5520e34a0fc3f542,0
0xa1df07a4e9c8cec66253574986a0ce41ff20faec,0
0x648d2fa737f2850a77f0a1fd1253e99e8474509d,0
0x9a239e060db7df134e1c4781f024745b68a0daf1,0
0xb74fab53e85cb323a227d7f74b0f19c9a3ac7dda,0
0x99eeb9efb595b2090c6bc580b109344aa20e34e1,0
0x4e10cb52527fab2d527be85a257205be9b9c186f,0
0x6b92f2cc6108bb259dce3a894c5baecf9bec91d8,0
0x1bb0825862cbef6b613b52b7fcdeb5b352afac8c,0
0x1ee156535b75987aaa433ab962cab49322b9163b,0
0x1e18e4ed8274bc1fd2c5bc7b3b8b48d9883dcb26,0
0xc592d040164cdf3d29a34be06d0c4583cb5dfba0,0
0x0d6d46ce88f0d85d6198a228bd124304b3236100,0
0x6b53126a02d561bdc6a946070f5eda8a770d4ad1,0
0x07b3bb879dd165447517437f55463bc9fc472fad,0
0x150af89d6ecadd9dc12e107c279e3a653331b262,0
0x4f2299cfabb0de7232181c91560e22d495b2b57c,0
0xfc1b27b75ef76f88e2ee0c39b93c0769e80fab36,0
0xbf43ddda40a6c4ad38a763adcc56fac7661eb528,0
0x5cec3f50509ec7679b619a3f5b62fbf9ecb5b967,0
0x368ed0c6ca4b8e5b7173c117f97333f075444166,0
0xdfc5becac9cf4e4234139da70c5a5c1eb6a42779,0
0xc3c2148b37b83db42e373b8bad1f42b44275808e,0
0xfcf5c67b57c1816391a18c6d9a52863311514c16,0
0x694d4b7b7ee14ba9a4c8cefa9c27894f92b6b9b4,0
0x5734655b7e01c319c53c261ab5c14e5fec80cea9,0
0xa7ce569a0575a9f73d8c32886c0213f008e1ecd5,0
0xa867a088d5375927f2495028293e5fb8561dd4d3,0
0x1cba649290c96a4a37dfab901d3eab6f728080fb,0
0x5edaec88411bbd6db9b04f00c33a211e3254af8f,0
0x767bad983b5958c37ed5cd8dd29eab986eff5c34,0
0xc5ed6ab92b675dba300a327118ae2296945f32fc,0
0x85bdbd2992fb01b15b7d032dbc28a58539e1de9e,0
0x5c5307cc29f4871185fa466158fea36a7edff726,0
0x84af609e977dd5fba804083a609a9c43858ef21c,0
0x45fdc81b359117ceb541b9eeac79bb16c7c69206,0
0x3ef02861fd6682242b70cbce5b99833b0c52dc4f,0
0x9991adf290c53d5563c6f9c7b7cee466d62d0538,0
0x0d12701da1676a23410c15d40c91808b2424007b,0
0x2868169421e40c61637df3a13791795bdb07043c,0
0x05d9ba9d1f3c4a77c4030285a2a0c205dbadf241,0
0xf6e8cc1d58e4825d371c4f2d9b1d7910f1956008,0
0x5eca17283ae7537500cf7c99b46d6db674652a88,0
0xb8ca3414cc8935e55ae5600b27d6611824a80c6b,0
0xcf1ae4fa45d7ae64bec3c2ca035ce3e8d3c94df8,0
0x7f9562fd56557d1d934dec2f38ff5ca467089081,0
0x4810f3f3576d33eb81eff620f15fd93f6339e128,0
0xa026d8f7f7de665efe7d36ca18133ebd2d649547,0
0x381b58d63a7b3633403deb5cf0909598e8d2f881,0
0x28e235341d93c2e77c83d6c964146acd0bf866f8,0
0xb8b3d070379fb66e240cafc0604e934e77990a23,0
0x1b12407827e368950d0db0d6af94f4e1cfaa48f6,0
0x4f990b36a6e4b6c3a7325297f674124ebc461b6b,0
0x665a39a9efa9f8fc16ccad6c8712090bff1680de,0
0x6b93021f278f2f110446fb02d74998a542fb88f9,0
0x311fde87eb687a8f96ef8c801f825441d227bd18,0
0xc6de7d7850ab3661fe5bc78271ad335a8a20c75f,0
0x40868bcfcbb370c55dc95d15b011be8a48527f07,0
0xe7e57d3c9804b65753529ae73118cec867ede966,0
0x80744aff5c020e5c5668af014179f938366e93aa,0
0xc5f66b108649d6e5a03c6645a316ab5a9030d939,0
0x881127c1d37fe868e9e7b2db8cbbb1380da5dbe8,0
0x8993e7c8a72c7765157a6e29244568fd54c43246,0
0x6c9b5b5ae79d3b35356d30c51562a1236c5c5859,0
0x8331444430429dc3a88efdb855b057cbe82043b6,0
0x6b5b1e5b440cee41c436561bf414ea9229e90d26,0
0x54f0c3bde5218a7868f67fcfcabe15e260dfd438,0
0xbc09b86146f60215df3c404dd1e31dc2be4ee11b,0
0xb5b2c44a06c06261f602939d27fd46589c6c7a2f,0
0xad380e82fe3d3af54b58a95e13db7b1330696f94,0
0x36e5bf1713eef27e2fe5c5ef1291812cbd6a93ea,0
0x94a30aeee4218b34d6b1fa4cc5524f8fc851a301,0
0x4091688e3cf2a6feccc65cf6ac971a6f5667ff53,0
0xfdac1d62c11df4b200ce3bd69eb113385f541f67,0
0x4e2df674d3dc62f3a5af385796a425e067c70f91,0
0xa0a4586697d8519e3ba17240f42f8699772365e7,0
0xbb2311fd6d9f5b7bff05cdadb21f6bb9ef289a1e,0
0x1bc9c9f9be77b62fc725a1bf78f219fdf592562b,0
0xe154db0b73347b370be284821363f90060e24c93,0
0x27c20d411046a4135c5ae50a68b755895086a6a2,0
0x6e59128389b19f07511d1ab61e111249b8e0aee4,0
0x41ba0a0d08212c1905817929513dd3140ec2eae8,0
0xd18f9fe503a089e09c287dc558afe84c520ad07a,0
0xedb45fe5c5e30b0df3be2b87a842d194f7f48983,0
0x5be969b27816977e0f84a4e39150ef2247023d6e,0
0x22477bb7ec50dd079ff43884634ef18efee23ef1,0
0x5b0cb3a7da581a9dc3496dab0a2321ff05fb768a,0
0xa672f61cd69f0015c6a274d4ccdab0d421a8502f,0
0xdf1ed65014c4096d98ec48f4d021c2cca2be5ee6,0
0xf8e1c6bc85ccb60782498ccda24c6757ec1c25f7,0
0xd49e18a47b7cd55c2d1a6a580e9ef36b3ad59366,0
0x4e400caed8f10cbae5c6519961eaffcd54848d73,0
0xa31c667ba1393c97f36fc5b830509b3e3570c556,0
0x40cb6f519c6c75a41c2e8ce1a8b23b306903b70e,0
0x0297a1003755658ccc5804b9917b5a36136ca7b8,0
0xb16a33cb8d29b38b2ab1760df9425d870fdff5c8,0
0x3a92ea16b405d28e6bd9a7e1198cf3b697d954a8,0
0xa416c8b5fb41cbf851272baa7180b16c1ad5ee8b,0
0x6b65018f512ed3a3d2bff2d4e6d8ef3854cf31c2,0
0x0660c0035611b45f20831d11cde407649af6a1fc,0
0x236aaea8e23f43097192e0a545fc04d57d57236d,0
0x54ec69432bc06f691ae8f3231b1ba39c06ec929e,0
0x0c1b742f28b028a2414ebd76516be3746ac7b4b4,0
0x4e27b98f0938d10bc177e02c9746533d6a9e5c11,0
0xaed335dd071bdf1f08edcdcaf80aed27031b91bf,0
0x2dce7d0c36d74bbe7a56511db34d3d86c61aae38,0
0x02486aa98f2eac5c061feee1b326757f1f26abe9,0
0x349bb1d99de4c5d7745c944239a6dc0e449ba753,0
0x73f320c0c491b41faf6efd1f585e3875f3eaf831,0
0x6a0a304ec8c0f460ec5b1bb742762087be996061,0
0x12f184a0bcfefa9582ff6ab31632e721a4b21b32,0
0xa89b96fb3d9059eb1364a8e62d98910ed7557909,0
0x5ed1c77705dcf653209e682e945e593c80ecbfbf,0
0x2370bc86b3f3129375f6c738c4db4792b3ef0b86,0
0x5ef53e142850a47a394eab7278cbba2a02a7e21d,0
0x557c1895918e8f9e5878e045ef89d1351c5f783b,0
0xf7ff12395f669e33ec558d23690de9b0ffd88595,0
0x5150ced62bcc9c2562039a8a340d9c850a87e5ac,0
0xcd63ee92ca80d5e06a37a5981f47f0b7afa628e0,0
0x6b8ee354ca2bc2c71ea71b9e6aace5a7c74d628a,0
0xf9f52755ab73d594b4afe67c1696345209deddeb,0
0xa2a26aa2ff8bf1ed5be0baa2690b8f8ec7ccc5bb,0
0xd1e5f1513b42ea87b9a54b834d4e450ece9cd730,0
0x476ebfed1e08d07184288d668498f40fd86f3709,0
0x8b8ca7c94d69f78ca2be481fd53f9cec5be4e9ac,0
0xc2d1006abdd6e07899e4cbadf25be2e6ff05530a,0
0x280a7fd5e332667eae02fde45d4d4c967245b3e9,0
0x9a1d9094746ed740c741a62a38e848cdb24971ec,0
0xb5b830098261d47321e5c9be814884d230b23e70,0
0xf95d7a909c73cf3f949a5aa1831a9da282d65915,0
0x51bc13f1eff0618d8926e0c4a0a090e61e224447,0
0x7b1c56d1a40116c46e8fbbda8c661046d8af83d1,0
0xcbfbbc6bcd4b3b09d6eecada10529786de9c8361,0
0x6c6690a7f2394afdc8a36e992a8c66dd46242d02,0
0x6b1b661e91d25af8f412c3e52603b2eb33953279,0
0xb1cad6ad3bfa10c56fb0628174a6d5f54e3b9b93,0
0xc6f9a2718e9986e5112fbe03c9c6bf46ca3aaed6,0
0x63c836e52e5de499c70728eeba175ec6dc393336,0
0xf2e1016277903d9cf62b462c071d4bc88019f346,0
0xabff71cf7bd69cd7549bf2fd4bb48b301ca7da58,0
0x29deea7f21d2d8126bc084c6a8c78ff63a360d74,0
0x9c22385c8b87ac33625ca61086811c07ddfca70b,0
0xbdf423569415cf689bf5d127585fca795ad74c47,0
0xdc900a1ed44b33af90411ee1bf2c71e30087df6a,0
0xa8891d84d435dee3f1bbf8492433e1d6e5e06d31,0
0x2c3bab3260f9b0a1cc39d18109b630af04f89cb4,0
0x2cb949f642b5ab12c267203618cb89db1140e0dc,0
0x2e6d31fca8b652a6e1bdf525d635110231f373ff,0
0x4feea3b9027c81d5b836193d9ea8e96e53c02f78,0
0xda2b26f0b21eda90e69abb505b5781b89196146d,0
0xdbf60596d7fc6c6b8c748880d2ad55901df8bba7,0
0xd3d869d1dc321c94925ea2f04a548a04cf20f67a,0
0x1299e3e3e676892e673db6b23e05402cad8330ba,0
0x4f6e1f94f53da5196cf261cad2db91726e0a4fa6,0
0x8e44c5ef0e9c50f7f2c08d563f26d212392b16fa,0
0x12849ae6b8d426175039116f96863e78292c1e14,0
0x2e43bed4d142317375bf2e31ca5933843ce007eb,0
0x1f03552c6f4893e54373f651fd9dca608c5e83d1,0
0x1ff9bad3f3feafc7c4dab6658db4292699de06be,0
0x8fa3d7b6aa407b0f1094598d23f10276199cb899,0
0x0bc779fe911794355e7bff6769fb1b4e149916de,0
0x1b8155ba2db03b54e2420f1228c4cf325718ea33,0
0x387e916c18a49086fb81f3c58b2c565a1dad1dcc,0
0x7bc96f2179eb4321047ca50c48a6027f7a632168,0
0x54a57c95f68aab93c9ce464ca93e42116cf390f1,0
0x76396d794f26ba530c556ae7f35dc5dee9e00bf1,0
0x9725f813496dbc3c77b2159c1825b3b8d4fd8d1b,0
0xf0352492b923baf6ef023de262734ff0b48b6485,0
0xd3cd35114ec165b50e31d382a9c3a1b032b52489,0
0xc9b00d860c110a89e60815306e16fade2ed82d54,0
0xc8866f85215965409bb92ca7df53085a591067a1,0
0x3e3a093c1e231e16de84d478a2404d29a54353ea,0
0x27f7223e0c84cca6bbb460a6d9eba993f27927af,0
0xd7c600571fddf03798cdbe7c8941373c750fd95e,0
0x7d443a84c7013f57b8f280ad74acee1bfad25405,0
0x7c009acee73658b69e0c41fe56a0a2d7028bf0c6,0
0xf07d562eecf409bcb32f0218469cc81b5fa57d67,0
0x6df1de3174de1557ebf066e33d7679cfed03eb7c,0
0x59b41abe08e1da588f8f9c0576f9e2af4939bd49,0
0xf5ad68aec320b3e0b1e1ae4e31f4491502fc01c0,0
0x1d2de75c0f691a3817b41145ff254d67e44d41ff,0
0x5f610d73b8e2c9ff7ce15bd6c4c0cca484f5058f,0
0x0af91647d46818111bdc8824a1a497d080a88597,0
0xdeed4705359421d9979bc91a8c8350754350712f,0
0x1130e35069302b5e86014e04ccdba8a799f61bdc,0
0xf07de39d55c080ba9edf12b0bb58241b6aa0fb59,0
0x8d0aac9ecb1de0c7faf8afec318798581d21186d,0
0x22c7f8398d3f812861df2d446cb6c0ded25c52ec,0
0x4f5c866da720c877c51a2444e8f54be788cafd10,0
0x0c15eb04c8120a3078dfdb42af7595ba9a089b5e,0
0x27e6a650926c43f22677edca4c9736cc7a67f63b,0
0x04d8466778300f3f7cc32f9702497c8aec39c91a,0
0x66f0cb1263e8c16a5df04211fecb546f251fe149,0
0xde81157366b73a9ada397e11915d1395bb943f77,0
0xed1c7e8f8d348762212e98ca8eeccb5ba0c4e9c6,0
0xb95b5a2648faaf92e712a2d22d789f27beea042e,0
0x34193de1e077564c9e449aa349e329a0f70b6d8c,0
0x6f7b687b664c87542eedc38dcee4694091376bb2,0
0x333db6ce3cae9cb461a26b426e349445336583c0,0
0x5a3cbe0bd4feccc4521cea05bcd3c6306a3a3dc3,0
0x6485faa02fc6cf370edc58c5f12668a4a7cabf01,0
0x5156d11e187f1d690617951cfd2b6479893258c8,0
0x69775b36c27bd72425f5e1aaa5b723cd3fecde0e,0
0x46b3c7a494cdb72668cf893690e17091643341af,0
0xf2cf1193fde71c2848d1df9921995e40854cf711,0
0x4787f03e0c852540863aec8260b71323c7681d6a,0
0x9746e3975e1a7b9a314f5bc70c6e3714a0180f9b,0
0xb301747aa89ef016d0ebe843d98ddb0bddc101b6,0
0xc79750909d3dc60e8d5433c95357128b6667b95c,0
0x3c383224d1a5dd866e0608aaef6804bbbcb60d42,0
0x1328d665454be5c6d7181638920be099bcd65ab3,0
0x88a15cee11402c78fc3e8a7fa1e86e20b23b94ab,0
0x200955f2d4fa10690f0c4f9a37c8b8c947234fff,0
0xf933914f8f7ebaa1d6d87327dabd0da86663ca81,0
0xba7797d077ed129775eab18ec67c3e74c93905da,0
0xb0ba732ab28935e4e97c29b587b9fedc71bb745f,0
0xcb30e0dba2e7dde431b702bff77ee5094c8ae1ad,0
0x3d81c51c11c810a0244ebd14190fefeee36fd91f,0
0x729cd6b57ceca88665effc39b6632ec7e4dc0a81,0
0x062d076e2a60cd11c94ad8f3848bcffe415ae7ac,0
0xcd275dcba39ae6621fbf80692d0f551cc7f4019e,0
0x004d26c77922cbd28c1546d88d316f9571b2b333,0
0xbd094201b16007b1b3b3db38988710d5fc225b20,0
0xe12e0a231b529b8320290c18abc3c3b40beb645d,0
0x772069482493312e385839e8ac00a7fe1d28c06a,0
0x59dee37dba28793d03adcc4a372a8c07197dc90a,0
0xf2b8782e56f05e0d8c6151c1d074a7e0b3632092,0
0xab4ddc0326defcb8c25228b40fc10ac4c22f153c,0
0xf9a4a9bba9fec21b8c6e6590def461462aae038c,0
0x27fdd9673d861258d87162acfc1fad0b8a7afb93,0
0x50eaed10f365c6c7706d10e3f9457030c9fb25e2,0
0xe21746e0f5483cb344aed938df3c274f5fa516cf,0
0x4fa39e40f61517ecc258eb03b9f7f99147b1d0ef,0
0xf6bd20a282b75b37b3697a3d3b98f8964f0a4e0f,0
0x989e428df7bc4dc97ec36bd479b571e5b6548559,0
0x5a97fc319dcd365ad6ca747170999c3687f87bdc,0
0x97162aeaf6dfb7fe06bb9a73d4dfa96c1774883b,0
0x4ec3ec787a4dfda0ae7dec23210a593f2c09b003,0
0x388b1e5eeb976e1ce43614b63b414b0bd90e6ca9,0
0xee7756885dd856e637698133d42313e7d8d0e5c2,0
0x189356a47be2c6647b553c8c45b88a6194e76c0a,0
0xc23770be809a31057d94c9183f30de65f5cd6e59,0
0x791d9f26cd732923fe754fdcef007c9dd4afa860,0
0x6227ddc28c3c0d331fe8c6e23d643c69835527d3,0
0x4ab6f44764442c9d2d89a4959f254092b7924560,0
0x06559a3dac36c9dd2bc594e120b3167754e070f4,0
0x3e3056f7e7816a9fc74ffdddd487ee3612919c6e,0
0xf297f761f48cd26801ade4c6d4f6a72e6cf7dee7,0
0xb21b43070d8c3d323a8fbbaa98c2bc316f028bbf,0
0xc9f0cc61b53924d2d8a50492a930e391e705899e,0
0xfd11ad9abb79fdf7c90ec417473a85eabfbfc961,0
0xfceb98957ece2fa26ed37f0aa4618ae81d12968f,0
0x0105ca1aee658161c2af1a9e4b64550101c0197f,0
0x377f0d6a1b28b18c296f552d51c2ac1c1aee8607,0
0x5b29c42cf960c7a73a9c1155cdb22ee67683a484,0
0xe3e53ae36b12c819a99eb0eea78e47e869ec3398,0
0xa3cc43ffa3f6e261d801269c08ae08d4dd1dc0fa,0
0x734186072c1d91ff0f9f6530c31df388fb2f32d1,0
0x2c501d2927bd69f0b9403397aadcb5fd41239403,0
0x5591aa56a1bf10bc5f21931c6aaf0f307e9c56ef,0
0x0daa5784111743cce4c967a70e59ad395975ed00,0
0x2ec2d070f48a8d082592b6a783daf0ce0c3582a6,0
0x5232ef484c721a78aec2732a919b609bddd9a4be,0
0x4c8ea10c114c01e0dc3f92b3d445ba3c5c7f1e7e,0
0xe3d072c6b0a82c063a13f331248a90b53647e6ce,0
0xb0303d008f7eef48e9c799e79d6af8d0b5701ac7,0
0xe4f1b12a8d9dd80facf45dddf6739762db18343e,0
0x810847dbf7d0b5517a05c6cee380d3d9f168dad3,0
0x37c28fdd87b24c58b488c6444d6c15f255ecd94a,0
0xbe945f872393b531a968f06d268f5c6354a2a5dd,0
0x85ddb3599ba34b5b73fffaa02d50978078fc7182,0
0x05a9203134e49e0dbc9b67419662291e995aa588,0
0x124ab011cd7f990d628a2747376e7d60770b55b8,0
0x08220f54a0a3c2b5fc77d8c1d8cfff69657e6619,0
0x7cd9c01b1fa610d44539da54a31e37737193d338,0
0xa73f2b772ece48adae1f81ff77260cf88e3f2aa9,0
0xc6fa5ee07521be36e27a7ad4f760b26c99e286e5,0
0x14a2f8736a458d26aa6db4f85bc5e76deb39502b,0
0xb20d2b2d850a21bbe869bf4793fe8429fd0d813b,0
0xb9cd4b10a6572bd9d22f50fde332b56efb1f39b8,0
0x4b33a2de827a27136f8fb296903b20953f07a927,0
0x21c2ed04a80d0e0335999d4a121fd9bf92e8fbaa,0
0x01a36fa512a54abf318d2cb1b4eb752cd7553d29,0
0x16fcacd269d33e14bd713dfdd47945f0d16d7cd8,0
0xf6cdc1ccfcc3c1ee82d2589e69a2ecd9e3895474,0
0xb23b2020991e8a0c7509042aeae02c095a1cad60,0
0xa275b1e129593dd7555a18b5bae309d3dd9da077,0
0xb3a4a099354dd5aeb5f42ee2205631834b81458b,0
0x4179ff6e1b5110df9dd7ae192145434171cb0480,0
0x132067788c2b2f4890dffde6d1bc058cd5767104,0
0x7e14a686a3a07bdd43919f136f86cf719b621333,0
0x186584b0a34a4cd310ab169603834458b40cff26,0
0xfccc60a170fa0aa6d97666bf9f46f4b2c2a4bf6f,0
0xe0f17e6a5ad0819f53200613f5db3386d3baaa73,0
0xcee772dde6ca4a4efa260d0ecc4f844aa451bd4d,0
0xe832eb1c2b699046b1707e01f136cc5189cb23ab,0
0x407af431e7ec6ef5574f9c3bf4b05480efea05ae,0
0xaad4d77588b2ef4522f19e2e390460e362e82637,0
0xc8f9d061c42c34de75491a4b72554612a53db6a6,0
0x3fe224ef520029d65b447440ea0867373b672eeb,0
0xb47014d49766812c2beb9196afe9a4574e0046d4,0
0x24b4bae07e05ad6a94b2c79f32168deb7621de07,0
0x89f6ef3222b1ae438864046292742cdb2ab5b9fd,0
0xfc5a9a42da64abebc24fea650651e46951759708,0
0x3de12cd15e55fba6aa11c5e4d9dfccff8de9ae80,0
0xd3e23f0b3030ad2b7479a439c3b3acb810801731,0
0x123d4a7a757e64a09d35732d0dd222d7c616def8,0
0x74734762b40d5777ee52e7e94ba14c997c58db98,0
0xbebe0a2cf16fcc77737fcf0c02df71c2a33c50c8,0
0x3cb8faa15fc66c051aef26dc3945494990c93bf3,0
0x94de819593d6df2f9ebed918aa9088e0aeec41e4,0
0x477408cd5695d76d8685d18d598c2561a658240f,0
0x359a8f6d3b6063040c439cb5b2e3480804ca18e1,0
0x01f6814e57bc7fdd4d96afe4d1e030279974d75a,0
0xdf0d31d1ab9ad0fd54438f68e98f42f8a432d9ce,0
0xbc9fe78880ad325f4c27632461372a131863bd7e,0
0x95bdf5809239f000c59854cd6626624809c5b564,0
0x6ab829f32f6d94d459bc1420dd7736b6abff10d4,0
0xd07b4e99980c05cad89d337cbd9e94ae0862d16f,0
0x32fd67ba2f9c6924dd0b3d11ddeed3c36ceaecef,0
0x33a65c91056b6c685cab31d4ae28061e8c6ad475,0
0xca60eed7041637b100124dc2be202333835dc244,0
0x8642fad24e5a28a50474220b56b707439c33291d,0
0x5d2574bd395431bbf8ab55ff16b400b406a1dd2f,0
0xfbf689a497e51d6ccff888a51b65e2901d5d3194,0
0xd720cd1374e37926125a8db685775383839cdef5,0
0xed0bceff6885f975fae67f3fdfa96a6b0afd0489,0
0x64dc2201e5f321801a54661e221ebeda38c91f43,0
0x86f99a31dfdcc49d25804ec6c1b38f11f15145b3,0
0x8c6304a68a4909fba1e88f982e748c576a00a89d,0
0xfbc303cd03afb43cc088e6c8859b5dba46e3746c,0
0xbcf77e04599b0b68e006afb2f937ff04d75dad61,0
0x4776f8674ff246a5e7366acddd4fc50b3f096d5d,0
0xaba53ff52990ae6f39ffd7b889652d179e5786c4,0
0x47ff6698b55b6d31aa8ba9efb99f6207a5e0dd70,0
0x3f5a5ddbe35d380bb229936f5d267877fbc5445b,0
0x6775362cdf3295a1d23a6e483b435496c2fe97cc,0
0x32b2fa8fb3d7047ae1ca43a624b30d9abcea8082,0
0xc3074b901476a8e32e5c0fa9359e8b8ae70ec031,0
0x1e3ec5fb26743a4a735b454b5182c134f49651ea,0
0xf773ceabd751a55d7e7c7c2b6e00f3e4bff1f46c,0
0xb4ba3819bf32f4ec276604f826e093790da6d414,0
0xdcc355e69c2edf5c87af7b009a7e3c1102e256f9,0
0xf6ca3868b9a31c19f6adfc03bbba02f1a2c8d6f7,0
0xac290e7af0e8c9180303c0e8ee6a93d2a1d3511a,0
0x42e82d0d9e5a87e28643cff57a08b8ee790f401f,0
0x73623c7477f4ee5d85db21e9a28b4a78e8ec9509,0
0x50faf3b2bb73a10919852264800b224d941637e5,0
0x72b0c267ca1c46d339934efb33f9994402ff4db8,0
0x18cb6fcee64f3484394f8ff9f0decc30fd6f37a6,0
0x8e840ff39f633c9e52e26cef0fb59df115e3fd84,0
0xef5379e18e8d1b31036403b28b25b1a1a99df1d5,0
0xf23ae3c63e6f0b6aff4deac52d244bd037162f29,0
0x1d45b6962321aa725367767e50e54d077e337b37,0
0x556c1bb510b90c5440e5f61672688c86f9cd6ff0,0
0xa1811f28afcbb79c91efabd7a6d256fbd7a46c2b,0
0xbc8b2e45892fe86bce5b41515b7c019035c812dd,0
0x1de3a1fc0866f16f2fdffa64dfba0d80569462b2,0
0x2ae9acc2960092a3df985e47e7a253dd2c382d18,0
0xb60c620723bfd033866888d350511566f415866b,0
0x19b43ee6cb0e07b6841cf230b3fa848cb16cb244,0
0xe11d647f20ca0945a5316ad2467e43344f184a4d,0
0xfa6c5a91446a109bf8ddd08f93426cef03daa6e8,0
0x6544f43edb7c9ef171fdee7023e5fb683ed5cc1b,0
0x066455cd4f536500a789ae5ca8bac06b7a900bd5,0
0x46075ee39d6b6bc085328255044451cdf258b7f4,0
0xe80a92a84c73d2e7cec1f3eea140a5d69be7b6f0,0
0xcb51be7f4768d4490579950a94a3102b2d4b0152,0
0x866aa507602f5ac9f47fb1e5d85ad98ccbb03c40,0
0xcb064cd07bf187514e92f1c9002c54de87c14e9e,0
0x460f3b3ba8d1320d5745e8c3d5bea9d13a164ef0,0
0x83dace43539acb561efd222bc0640c15d160b3c7,0
0xbe6ca8295836b8a6e94267404b9dd430ee8e7f4b,0
0x89ab0323706512703cb2883e324711b1c300f790,0
0x1bf4d05ec3eaf2cb573b160ba25fbf1ddec2b539,0
0xeda8343e95830bff329858833133ec5ed45985c0,0
0x1d9ca1eb2207911f5baef7c8d8a6002998926806,0
0xb11690dc50debd9ec4096f78db03e064f560548c,0
0xffac4679e46c14f0ecf74d38e3ab34ca56b8523f,0
0x9f396d1b4e1a3264129ee4d2547d64429ec2a3cb,0
0xafc6aa32ef661df751aac83996a40a573e956a9e,0
0x7e297bebdabef18bfe61d86977489c94cff6976b,0
0xf667635c5738d12122cd8814719c7b0a800afa5e,0
0x3d1ed7cb0e283476cf668596751c315ad12653ad,0
0xa65630cfa5b805c78192418e82921feffa798b06,0
0x206dbbd520867aa625d2ab1296600679db382565,0
0x7370a602e76f3239df12b768058d42d29be574a9,0
0x08597d0666c62b1a7ec2890854c085c7b5f3fba8,0
0xcf6a1237b4778e6c918e06132f27b526459b7bfe,0
0x684429111379aafda1066f42dcc519380c3ea176,0
0xe7a41baf22e48750499ebec0af1d30636300ff22,0
0xb48780c93a0b8d0ccade078719cc2abdd708da70,0
0x8024a9e3398c00ab532bd94da7cfcdba5a9ffe35,0
0xde55c6add58a4e7e90634d09455c2740c8f32c45,0
0x4cc5ad1db917d47ad398e449c71fd9509cdf607f,0
0xbd44e03442ab58f95c7af36a284621d2c2a13b70,0
0xabc133d26f41c87652247ac7d523f6707f0c0dfb,0
0x4dd38c380f008ff22f8b104580b8ced89796a5bc,0
0x5bbef8c84be6d1ca61f34d419d83d707553156f9,0
0x276415d515e7695c8134a3b3aea1ed2b80968eb8,0
0x6da133293f0c8ff6497dc15ca9c09066f1df7ca4,0
0x907efa040308c9057a2e19e14628061cd9bb169b,0
0xcd008c7e0be98eace6cda64a775ec1e806728d4f,0
0x9105e2f28fb725b5e45a5d6012c0d8b5aec07ed3,0
0x797c9ba7afdf3457c57753a2c0616aa114dcf652,0
0x5e1444e3eddb78147d43b855be4c2fabec0cabb5,0
0x7b419747f0cf3a4f0c65322a87902e118c3cced2,0
0x0be52de68837bed9a95f08b2bd013e637f533ace,0
0x0d9ca082c38e2259bae1a18548fe58863ab520c2,0
0x3929fba84f43024280d68bdc9846aadb2039ae8d,0
0x82b60158bcb0d7565f679c623db0b23ef9b32aef,0
0x5dd9b3f247939052bb95533e8c6bb68d093ed588,0
0xdccaf750ab757906658122b0451c84e94fcb755c,0
0xffbc4b9e40aa4c11fd876127b1dcb384de6839b5,0
0xf34ebc61856bbd839259b1ecf9522bd24560343d,0
0x8a5430ca219a2b1ffa6294f835099fcdbcf5edff,0
0x2c1a2663d2f3b0300cd4af77fb178eba7cd501af,0
0x086b79167b2e50e86dc4518ce71dbdfafd2d4723,0
0x1217def5f535a638a77746464e5d11dd83ddff46,0
0xa5e23b4b5fdaf58022e952fcf737d540763e94a7,0
0xf37c35627b919ba4491f9e24a4c868b86f0c07b1,0
0x66afcf09822a60590d5b02484276f66a0b240165,0
0x2cdab11926a032deb38b76c3507141287c3771b6,0
0xac1e1df86c19e47b4d727983495a1daaeeda5a74,0
0x7e5867b4bdf40adbcd3a9ff3c5e656892a82d5de,0
0x951d060cc3a34c655f5b7cbe2ee912dac1ffde89,0
0x460d68b2fc1e5edbae8b130bad2a83b16487e47c,0
0x63ed257fbd8d056fab3c41ad6403e5069e5324c0,0
0x802a4c7d7afbfdde27299a637130f8c3c19403b9,0
0x8d30370e816297c5c00ba09abd92f9e8f61dcded,0
0x266c96c4e8460183a37e7eb38eaddd0036221534,0
0x465be1f04c69d3ff64009f01f4596c1e5357a5cc,0
0xacfec716c681557396f6991502d24500d8de36bc,0
0x13fc90ed37cec904e37e64b57bc1f93b63d65a5d,0
0x0b3009372b07f5d8ee7998bd0d58025fd9672e84,0
0xb7e9781a85850eac6a8e77786106d49e7bb91833,0
0xe98bcc8aa5e6f1f230d9b1a38682e33ba2e6712a,0
0x3317fc2239b45a2445d8f98321445fb1d4b5b4c0,0
0x96f12a01a17f8d0014ff73dc9147e9efe9fc2339,0
0x05febdb909aff93b4c6018ee6b5b4f6e12beec47,0
0x338ea0d7f69ecc34e545ec258fd2a75baebe6bfe,0
0xe5c1300c6192e5697c7e4a0717e9de4cc30a5452,0
0x7b1c6646a76ffc80bf2a2cfee4cd6c573d3673a8,0
0xa473620db68eb5555fdc2e8db68bd610e8d82af5,0
0x169baadff50517ed8121a2422e8aeb33a9cb259f,0
0x663994ef48fee084eeb73db6ec0dbe1421bd4de7,0
0x277dd4f53a621f9005973d98bebdb52a25e28142,0
0xabe64edbc6ccd7e01be91b7153f05133bab710dc,0
0x5bf086521ac71fb54c2237a1b099a8eecd44cb1c,0
0x664a0f8925152dfae0a712077466668dd6693e9b,0
0xb35fd1e11cba1feea48bd47eb7c4eb230abc9de7,0
0xeee33913c5acd4e09d33be1f44810614fed523a2,0
0x07f63a1940a1f83eeeb3ed13f9e36115b1d62c21,0
0x011207f48c69d562599365d42d1bfb87d1a07564,0
0x430c0facb1542f796d830568988ca8e4a458bfe7,0
0x54dc01a4562a99e4486ad6f63b66ae4841bbb7e4,0
0x1c739d61203cf1e4f4266e4a7e6f749df3b99f3d,0
0x72ff9ca4d31b91330c2b6da6557c2decd36890ab,0
0xe44c6819db7ef5a457c77df180887ca330d763cc,0
0xaf66f92d9a7785fff660a8d373e6202b12fa809b,0
0xd3297ac568bba39a2d47403feb99e514bd661234,0
0x3f18d5319474c988f9e88137972383be44716cda,0
0x7234c5307a9ed2e020b4ce6fad1cc44467c18e49,0
0xc06416c2cd17122d2cdce871ff28847fd6a6878e,0
0x3e19f4710f74b466850b7c9aa3486307e08c7f2d,0
0x24b3e73204581d4443040bac219fe0fa2d25691d,0
0x450883c624e135cad02f8c6016695b2a835696b3,0
0x2fc524b73a46e3057a6b2e90d886a0093663e89a,0
0x27716e828603ffe46af23f535392811be948b2d8,0
0xaf23af303a5b7e84e2efe1bfc6317778fdbb7a76,0
0xebd25281351373f341167b9ac583797220b13ad5,0
0xa7c14d1a29dc23708f7dff212a531b533b6392a0,0
0x62a111d2515a9494a5410bf7fa995628f077820a,0
0xfd4b189ef3ba2fca94daba78cbcd8c7d812d4f5a,0
0xf686622399f0f44a9302785e0bb2faae07a21d45,0
0x6bcebd9c48a702f50e45aee7dc37c29108ea6617,0
0xfe0deaff4c0009244e6bc0ade0d48715da045de1,0
0x34028e5337fc872708be92afc84846c484dd8c25,0
0x557965a2c98c6a9633372f0d19cd2dff87587024,0
0xa02b16078490ed07921c0dadfa9fc4bcdb81edb4,0
0x065570d7b5a98a0f0b49ca8c056b7769952dc24b,0
0xa12c5cb7a8cea57b1787b587dfa2b4ec31a0cead,0
0x75783d300b52f2e6edcc7a03bd74fd3f2d978880,0
0x6575b1d0f0778518554b80118e7830ff0053b084,0
0xb689f20153fb8b5d8bbb5cd2181a951a24dba393,0
0x0290238fc5004ed5e799864d5468b3cfcf84c859,0
0x67cebd9df8e76739d4feb351c894847e19e8f660,0
0xfd6cce110c3717ccc17361ecc41875e3371c8847,0
0x8a88df5909113579bb6f96c3fcd3dad03c6159d8,0
0x2ce710758424e6e38e5e3c5f5ad82084e11933ff,0
0x49bdd7d56fd264e615b4d54fdf613cb39ada53bb,0
0x7cd271ea6c68e598e3506fb3bee1ce89dbb6a5e1,0
0x6ace71a3f6854ae5cc4361d8d9f64f3ed5f48d5f,0
0x1011ecd460f2b42aaa0d9c78fa237eee82070048,0
0xe0b8fb40d104cf5c3efad1274c0a47b184d06bdc,0
0x73f256de0e975bbbcb9e4be5f97d2e3bb7f090eb,0
0xb125438cfded93a01baf0408892f0106ab2e93a4,0
0x4bdf1c8c1c3b6f93a292fe1e59b8f881fb8c68a1,0
0x7da0d2dc8c16f97956cb52d9ad009ce9c6a1c69f,0
0x997d732b3083f4df5ea8d661765864b74154c4a2,0
0x947284e93178e6217e9e3ee9527dbc7a1c42dbbc,0
0xb4b6bdc69da6f8e539b46e4e34480a81a4da592a,0
0x5a39f0be4f46f8e76c57554ffa0b7cee66458e81,0
0xbd8507495cbbb1f625e5003c3aba00fbeb0c0d7f,0
0x9a4c7c148cc3916847b77ff5e0c2c97bd079118f,0
0x1bf09bfa19f1f5eaaa83af070047977aacfe3989,0
0x6950edddf894640db7dbbbc21b3c8ea9f22c7339,0
0xcfedcae11675963573d67501f45444db08027124,0
0xca5d5a4a034d79f0c92ebf237d8b1b50d1936bea,0
0x44617b882283ae4f679252add52878d0095fac42,0
0x3aa44e1121dda0a3d71009fc735ef65a89b4a531,0
0xd01cecd19d5c6696f9de1eedb2e0f993462bef53,0
0xe03c1993928d536bf90cc6473bf82e34312df880,0
0x67c433e2070df50089557eff83694db2b4e7199a,0
0x72081dddbc1cff282d8e0289736096767bf561da,0
0xfca98eb6b29ac9d0d1ee02f6aa9a973ab2ee39fb,0
0x277e9432045a4be0f9caeca93a73cd2f0951dea5,0
0xeb7e9a713bd38a8ce7b885b65bcb5a120ed3bc92,0
0x7bbed9f89a06e372bf8fff65a4873ed14ac61ddc,0
0x168704ce470de1bac60a3b1392c8cd673b3d78cf,0
0x3550172574238a3c4adf43b6042e9f5aece1b17d,0
0xfee1d711046b9306e34005da22b40f636c6973de,0
0x9f6b85a4bfd71f697eb6c07c830dd619f30cafd7,0
0x8c39c07a7b10abc8a5041f05ac4330f02c3f22ce,0
0xb64f780be10df6fe2c77d27899a5387e19f7159e,0
0x059030871b86364b3c1635d8b6b1627b5e5b2f46,0
0xec538d6c9f2c83f3fd89872fb23316f0b90899d9,0
0x4f2d50f1754c155482ba49d540062a6367c2d05f,0
0x82e524165a81bb311ed44dda339612534e9c2cd9,0
0x76e2d6405876190fd6c8747f094a1525e781069c,0
0x012eae28600b4eb099c70b5c528b66f521f73f71,0
0x35506cc467c5516d3bc4599b15908ab89f7d605b,0
0x368c8d410ff1e8de0759386707d2a043eac1fd3a,0
0xa98098eb5612fae1338ec54a655487a9ba6662f7,0
0xc1af80379ac39dbe18fb948020ad8c7d3179ddf9,0
0x9794db077abef55f0619ac5230aac6647ff177f3,0
0x6692c0095d2015ddc1afa9b2bdc39ec6629cdcea,0
0x9808ae5747b6d81bf9e4262c5061f55a597b6081,0
0x73c60bd1c475fcc717236bbc71fe687fe9b62ed9,0
0x64b3e1b3da71dcd989fbd15690a5ec967128c1d4,0
0xa5aaaab9c19684a0a7d7f144f8bef00ec2983392,0
0x2106067a52f8ba840d69b436ae397615aed10cb2,0
0x18661ae4d2a5d8de8de090dcc99dcc2a28048423,0
0xe2e3dc3f3b3c0ef76d542498255fb6ea74dd1e12,0
0xa1e6eb6b29c9e4bff4f67a29970e73f89bc4c534,0
0x23372d02995be81ac249cc20fc6599bbdbeec529,0
0xd7d6a3da67c4fea57272c24af9d6282f70695a09,0
0x94e8a970546f5e3cfb5e93f7aea70b6367086e25,0
0x4ca69e99dfdfbbfe7da5ef8bb45b205f987a4880,0
0x14e0165fb368101e02327fbec76018e8cea04b65,0
0xfce9766c8a788dffd9836cc8e3d46abdbebd4595,0
0xfdf8efbea3c6926c23a6cb846b7cde8f9167d62a,0
0x082aa687f38e79842f6de9c5d4ed29cad737acc1,0
0xdbfe3bebb1cbb50e05cbb2e64041bedb2c047f25,0
0x3f08427017457faeef39bfc48cf943b9cd9e94b9,0
0x195c5257c26e0c69898fc3cb7f278242d789ed4b,0
0x1f08f9d8e6599de32ce5d59fc6c0ecd32e69cfd5,0
0xf56e7a033e6e78f5a4a7964ece198f4e7dd4f479,0
0x86cf1f90e42bbdb8ab3c3917a1aea9b400ebb2b1,0
0x222c82df8271caec2e9f069b6967750d96260cf0,0
0x0b73458063a0232b1674fe2308a96d74cc55ed59,0
0xfdae90423207291e49aaec380dd654a7c2c9fc6e,0
0xe9862b2c3d637b5ac7bce2ec75afb408c477641f,0
0x0df1eb192634356877a6c904a59124e99f050a10,0
0xea3e8c71c2b66248d654aee737cc8267fe98088b,0
0xdeaa7ed619b3ccafe0a4968062723cbc99167008,0
0x67585c60c2b979f097bc068b429ee18dc2fb79e5,0
0x8f224c3cfe2aa5e735a1fc57aa830493e0720f6e,0
0x0edef4094e00ec1bd09277a25ff47c8f77f85a37,0
0x992bca1de2a5c28c75b94e5856df5131cc699e9c,0
0xf8f79a1db6b7d634dfe1e17991fa54351abea080,0
0x7cb41d7be5ff8f854d505ad7c9c2cd0659a1cd42,0
0xe511ef1c747fe00f5cdd8b4df23f2283e7250063,0
0xf3fb1a4fccb05f0e66553b88c1510634986fbab1,0
0x75a0b18b0efe0e319cf527cf4166321ddb0c3ac6,0
0xefc75f71b0e62aa3ae964cdf05093e385cf6820c,0
0xcbeb7c352a975398c0e1328af1c097f09a716b10,0
0xe95066c19e7a34e7754e4604abe47c5c40e78e0f,0
0x1966a4114b83d66dbc5b0020182bb8efb07ef0e1,0
0x10ecfdf8061fd229c22615e12e43441723cb3ab6,0
0xd9d007bd1c18b8c9ebd1ff764fd27228954e2e4c,0
0x1816922eb008129b54ae09b79627d342af61086c,0
0xb9f740652afe35e304075b57ed05d70aa639df8c,0
0x45105c2873c97bfda3a46b5cf5d16607cb675c37,0
0x547f0398567ef0ec812284e00e664be8237815a6,0
0xa95afc1bcddaf6e52fcca918155ca1cc2358315a,0
0x6158d32396c2734c9e87d18e9e5fbbdbc17272f1,0
0xd84a30201aef9e566a5d3cc19e7b08e9090f2e5b,0
0x4f2f6df7d2be1de529dc6278af9b4fb660a3ad57,0
0x76bfd6d36d9f68dbb39569f37068f6ce434adbc1,0
0xd36da84754b89b9f4f994404183f25d9d33742d3,0
0xb62769e9e7c8d0b933c0d284b272e92fb3b1782c,0
0xcbb5d7f18f59b727d3149ff3c12ed78262e0e29f,0
0x19f02c872c21897b7c139638e42103a8c24c8677,0
0x06c7778576db08a6ac446f3705053292670effb1,0
0xc7f1d2cec70d4dcaefd3b9e99094eed2f6a4ab78,0
0x253e10fcd6b5b0701c54a88b7b4edc4929e3a086,0
0x24a2a25b556e24b93ddc8ab580dab508421ebb4e,0
0x5516822ccf43fb8f794d77c6c44c3536012c8c14,0
0xfc54b92648f64c17645638ef0c771811fdd5152e,0
0xf15339bcf578bcc5195c6eafad1c88459d7a8679,0
0x7c6e4ba972f58c7a0f673a11a58fedb52cf959eb,0
0x3440f9e8985b69dfd61e99ca42bff93d4a391102,0
0x5893a27e189559dabd90f0f11081fd292378beec,0
0x08bfe146d46c799d57a641ddb175c26281e8d20d,0
0xa4631fadfa7ffaaa8efb875b3cdf24ed33dbc4d5,0
0x5a928cc5ad5374bfa99a19af2a71df6bfc5da3b5,0
0x334766041e52e336235ed3493fe342fba88ad155,0
0x35afe8ffa0850deeb652759b79b7039fa9672c15,0
0xb8de425e1dc5ce6a626a594f4f4202caf32111f3,0
0x67fadcbcb44cd870bb91ff82a1ea631a4e75425f,0
0x70a85c5269dd2692a093e54d25bb03612bcb507d,0
0x9a7b53363db80b409ccc1af9b61c258c2630f416,0
0xf26b6dc8cf1d3caf32b06d1cae202c4bff314c44,0
0xac77c38acda1683575cf46b7f9593aa27742d8c9,0
0xf6a4a49006db0886d23ffca44ac61443a03416ca,0
0x287f43d8d88c82d1dce513700be1189625de1870,0
0x3c207c1e788ede89a3b6fa426476b63e2c6f1e23,0
0x066e9af81b6d53b710997b3705334a2f3a75410f,0
0x03ce342a891464cc8ccac5634f36c0a0b6902e9a,0
0x1c6405f0872a2cf3680823da1c3d85bee9b575fd,0
0xc2a609d58e9834481ae4e3d81094bfb211dff02b,0
0x22343a6c6ae27c10f54367e5254ee7dbf42f53aa,0
0x8b2c9276d70396899333cdd929e3cff68b7fc9fb,0
0x9f11477661fb1aae8f1d1a809ffc9ac16e2ba6ca,0
0x497b6b278f80e139891d774e85564fb6e74f6ef5,0
0x3686e2c50957063df8514d3fb252bbb0e46a965d,0
0x67cd90fb779bbfd3215de2bf63d7bc82231353b6,0
0xda1fca10610fdcfd5f52299c88d74f1cb2f6af73,0
0xa883afd12c4dcaf99a917717dc2e94f697e9f60c,0
0x69a26fbd09b0d4a63efbe937faef12c7642c74ba,0
0xba1360ae1dbb48ecadb3d602f7474486f8752d64,0
0x1b9b367f0561d68d7cdf6f2d9a3b75f867870242,0
0x74e3e172ca26230ca538c66cc900a2b2c5a3904f,0
0x4a4cdbe84a62148428f48ecff6c0f17e174a97ca,0
0xbed4752e30809e2c8037c05ce740034f5abc53f2,0
0x286727c851506bdd23335afbd6ada9b585b63a3f,0
0x9f3f4123ad383d47c4f9b6bb3576e4809cf54cf7,0
0xfb999903dc55d4607efa394cf40c18048e4b3af6,0
0x002485b4812dc135582743dbff1c2dd4bf414965,0
0x75d2ac9059e9ab03b87b37bbcea69410e0cfbc4d,0
0x57a5ace5844dfaab9c448f73d9d87eab95f811e4,0
0x1910dec655f5930d819e21e1c2121438230828d5,0
0x291f5d6317aa68071a16880c1bb257abf170b7c9,0
0xbd582aea46d59481ed6d35a527ff8593bf9b5e6f,0
0x1362d0bef9cf7c9ccb6f1dbfb1e0e7f85c5effa4,0
0x0c53f6d49445056308c2e64b4327d0384dc32233,0
0x4dfa5bb6cb7855c90a11354ea7878108c3a302bd,0
0x33bdde1766b4f99e8472fb06f71bf58276eed9e9,0
0x20cd18b13671b1bcd904c52dd6bf0e7234297bbd,0
0x77b67a0d264f3a9249f4a33771106ef54fb630e3,0
0xce812ba10fb85bfca697bc5fc4979f081690472d,0
0xd1df70ffacfd91aa6bbc2d5229310cc3f3a5c214,0
0x4bc93b336428314cf10ff0bf147327aca12f012b,0
0x3128f00f45cbbaca40ddfd898197c9959492f3c5,0
0x19476aabfd1e67068b56e0053e600fddbf33e83b,0
0x543a4b99962ca391eefc9acda65c8a12e9ea7c50,0
0xbc5b74dc40613cb2e78649514f61f0f979fef4fa,0
0x201daf75f019d096fe83f2200d9b0046868b33b1,0
0x62750ef5407bc1f5ed8780f4fa66b4b7a214ad9d,0
0x2f0ee27eee0b135b2a8559a521d1dd00734a066a,0
0x5e835581eafaf5ee18db810622e7e755b59098f4,0
0xf06560090a646e8744d8c5b9340ba5c045d2be57,0
0x952be086ecf1f43429d0d2435220cc58a1a8d1ff,0
0x32fd332b7e3a9fd6833514a7d1ac7386ca44960b,0
0xc286c90251704bcc92df928c0b5b31cf870433b6,0
0xd123fc360a211565b1e356fbdb5494b4ee06931e,0
0xadce8195ec72ad8b2337e3fe59ac0fd208bbdada,0
0x36dee5fccc07086d91b6ef5af74b8eabe71d36a2,0
0x1a281bc79cb2300081f246b41cb735e007327667,0
0x8cb123f72789d071c0583d1dba714cddbeea049b,0
0xb605e2a43d04e3f46fec21a8bf72a5b1ed288933,0
0x03dbe4eeb0dcc39d1d19c868691b80853df80392,0
0xf1f3cee1b2e207140110e438ed7d4d0f2de3cfcd,0
0xbea2332a2e3369a3b7d409197f23d87e32cc9bfc,0
0xed65bebf1bf9b9f9e2c0dfe4b8784ac11acf3187,0
0x43f8abee95af4dd73a322f838a71c63cc363af0e,0
0x31d0e526d975cb4bdfab9592cc250d1356764a1b,0
0x48b4cde0be3345e35e4a815b2511363bb0ca8cb3,0
0x5f427519c113ae636fa6ed96bb4d216ac2a30fb9,0
0x0b3d6acf1ecac98af65a7253e565183cfe118b95,0
0x22dae23ad965db6f5c0493195b7e21a791b5c1d2,0
0x4e350359feebc113bc767d10c8f0c5bd85bd197e,0
0xf470e479617679661767ca1ba25afc65f58ee353,0
0x758c250dfb3f246ac6f0920ec35a73c408035337,0
0x8101b57865b2fb043a202ef28a44934fe0a61571,0
0xb312cbb5299025b6cc467e0172d46ee997109fd5,0
0xede9d07e3244234a743f9e140d27c4744a93f296,0
0x20760b9e59a565bbfb8dde5768dc5c64ce2ef421,0
0x7eefeca7aff35f16626e6a473baa9ef156e13f7d,0
0x2ed14ddcaf99135575f635520b7370cc992b3b14,0
0x8aab1596845bf4bf5a0339d2a763e34847fc438a,0
0xb071dc400da26ed695ab68366dbd109e8ac21f34,0
0x9ae4688d12be2e218c1797570d45187c2e40b1a2,0
0xed8831457eb9cf39001212b78122f5008e35ba0d,0
0x6c1c554440246bd07688e100b3e33b5c7a3df495,0
0x8f7831c82c503ef4a5711267b054961069905977,0
0x7ba869fd9235ccdbb1e06f430b25c74d73ea20c5,0
0xc6c886d1fd26d244bb6bd87a2f2dc700746c2e2b,0
0x5a4cccc7fc1f4a79828f287f11c5afbe685f138e,0
0x21e3d5122c92e90208595317053138bd34368171,0
0xfa55d7eca3b70bd2ef2afca617a6943d0f01bcf7,0
0x06383c2651f16ef3326d6e60b526714c913d2af2,0
0x2bf116012905be25cf886f16c3f69cb2e8887d6c,0
0x919ffe6d14b825e8ac48c27fb0d70e4fd9cd3844,0
0x6307f82915aa62f73257abc9de646b40f55aa0b1,0
0x679cd8cb196208ab388528c7e6ab9ebe508576f6,0
0xd80637f4ed7f766d9ffaf4085fe96c05909d700a,0
0x4dc88b5ffde539d67c486971c6789abea78a9c19,0
0xb7832707408fe500607f9e5c4f8a1031aa014979,0
0xfa7a812740df6a3421292bd93288715dfc19594a,0
0xf4c6dcefbebbc500068697147bc8615c12a58d46,0
0xaadfce9f20918e32bd1b24fcae0da57efc49d870,0
0xdf37e7c0eec98c09ab4f71963a55e72141cb0305,0
0x3fc84fd5635baa3cb90779b07bb04486c5321cbe,0
0x911ab0f1225e419be07791deae6112f32bfe5903,0
0x0f5cddc976b1c5cbbbd26d16258587aa13c52f76,0
0xa8d50aaaf264e887df258c9bf3b30788d8febf81,0
0xbf8a630d47159b004a5ec08c26f0e8d5dc73728f,0
0xfb2a769dd82ce8282bbbb38544022356e5812f18,0
0x21185094b4dc35c451ce8517d4dc81fc32042615,0
0x55c39f842d9a9fe543b1a5f161ba67d9a2a2b406,0
0x15e1327930e9f54f6f622e0cddaaf7c045a0bdcc,0
0x4238a968907a655a76bf8e5c35e04c0a5ea8c0b6,0
0xc02c243a22ddd2fb1f8c5a1a239ad9aebbac3e27,0
0x3bad5ac35d9f833b60a3fae4be0e754b710a8d21,0
0xf37b47ea9f0ec0b760e460b4aaaa2068b3430e76,0
0x79c7d106486ab5ec409a4bed3c61676f70fadc9a,0
0xf66653537ceb928909d3e9d93c9fcb53d1ab903f,0
0x7a6a88fb5b42a7480f58f8d9a476d916bf3857f5,0
0x10c330baac97f0ea444be952fcf4826b7c50144e,0
0xb33a4f98746b8d95f4afe8be7f98e33ea817bc42,0
0x3de2a787a3dca8e95b6f0f3b8916861fc155b124,0
0x45248ffffe0b5d30cc7ba6580a936b54cdfa2966,0
0x3dfae9047cb2de737cddac861247719b4ec88ad4,0
0x0255f4d4607041cec7c3f264048558a7cad38c59,0
0x8d4493f3ff7879cbab9f1ba7368ba0e0023a199e,0
0x404ab2ef163155d076b58509caed6d23e12a7684,0
0xc46d8caabb9f1dbe6a42386f1a2310fcc681a006,0
0xf4492ecd3a568a8734444dbc8ca71232b827806d,0
0x7594c263861d65b4017da5bd5d6a85ee4888d929,0
0x5186658d1009c746f9c94207190de73e7ad064a8,0
0x8ea0b6af28fef8a04be32ac5908be880b46b7241,0
0xa605eb592d8befbd4c61a603e530074e25db6263,0
0x449fc90d44c521a133f026f1041ec4039c83b5f0,0
0x67b5e8b9f1a488aa6ab78298fc63275b6a2eff3c,0
0x6f08684c18d36e6fe8f4980867dec6afc16894cf,0
0xfe6edd3b8e9d50bbe32f4d63cc200e690762551d,0
0x6efeaffaff61737a115cc795609946ca3a0cf666,0
0xc4590fad10cfcd4cc430c4ac20c0a8b2a83d7435,0
0x0ad4529dde78f3b9660c5842982a1fa453e1f008,0
0x5b4ef531241f328645f4554aa2c990e819615688,0
0xb906e362813938ee4e40aaf1ac8f112244864f27,0
0x5f1be3f7e08cdf245110272dd9dcab68b5ab85e8,0
0x71c713204262739b12d390df15c1973ba85780d9,0
0xee922d50137cd34a9a768e9d6014fd5da9c3ab0a,0
0x75bcc634af2a94b537a0331ba109b2a8bf4583b1,0
0xb4355d530f5a2d4818b0e73051f7e952eb010285,0
0xc958ebd9bcdb679cdb863394fd7d6086abbbb2ba,0
0xed86e6e4e3929952e323a8af8823cc78ab2a67c3,0
0xeddf1bf8db0b8b2f7564c557518bcfece90e2985,0
0x35ee3129b57c9dde115f5b61db18d4c78c2d1882,0
0x8bfc6173147b7100b64093166a7ee66c03b6db53,0
0x567a5292dab5d7de0d5f828a4e063c52debcb275,0
0x7cb39023360a0c53c2067e881b1b507aaa32b6ad,0
0x5224c148198c88830ce882aceffc38e3c4c24f5f,0
0x902f09187a278e50f68a006ce9c123e9f36b88dd,0
0xb9c6b86fd26f0866893540220f12a86979cd70f7,0
0x5a959b2ddb2593226169dcd3543000cb2378c7db,0
0x014d388759f1b75a4e18865672aa4bd8e4af3797,0
0xeaf745c47b0f5a78120e0c1c94f557fa90d09c7d,0
0x806b6f13592f74602399c51624dfdd241656a4e7,0
0x6a7f6b9dbc9de13aa3357d8df2710ab591912a45,0
0xc06fa6660e3ba2fbb5283aef5f484b21bb585a03,0
0xd3c2b8c18c6edcc7c64568b5426c5398a6bd36bf,0
0x2046123ba10b1b30862a41ff4c700e2a840d8514,0
0x5d6ce024435356cf81c76a891be33cd4f907c408,0
0x07dfdfb476a9cd300538e0273105db963f948d57,0
0xc9718bd1b88cb3dd446299d32aed3d5494677687,0
0xf789b78579805fc16143b4a94f386513f2f4b71b,0
0x11e700322646b28d5918cf7e72de64d711d7f3ea,0
0x222e8f244c477961404d98b00c2c80e1a69d28c0,0
0x300ff07f40f6bd7e2b17a1c4ec36ec00ed49dd77,0
0xd88b80a109e7f8cba37e69d576ebc99ebe156b10,0
0x7808942ae3e7cb2480a304e85e380f833072cd32,0
0x3bcbf5574d20067139f634cfce6ceffcd3805a5a,0
0xf192ee00ac8dfce80d251cb59dbbab951e238468,0
0x819891265d83234277a5496d9ba693dfd8592784,0
0xdceb822562f0df6290a451e43a1ec8de6b461c34,0
0x4883baf08e2c464a2db29dab852035561d056272,0
0x28e130a805316c1a3f57baa80eebf57421599468,0
0x41f835028fed95c35f11ee9dd55fd6d0dd8c9ffa,0
0xaee352df91095bf29cdf46813c709f4694abcd7f,0
0x3068a241a23fa019ea94cf33aba3d863dc01c9f8,0
0xc375e9daeede3a2604367b7ecd393c67e577758b,0
0xdc043660d23182efab0d33d205b6397cd47efd1c,0
0x872d449f156c515f7d1311ca43340063fa7ed50b,0
0xa792d511011d81e18df5e89104ca57cdad607da6,0
0xcc99dd97f84aea7c19fefec383a765bb3edf40f9,0
0x28232707383df6c7a628b379c4a1927df2d9d235,0
0xadc6718f8fb6177c339cb49d23ba938b225d6a13,0
0x42f090902322de5c729161b3f6223c32e8fef6a7,0
0x14f292d7c3dfc4764f8176ad05c95e03d2ac2a2a,0
0x724865ada8ab0b539b73c62ad3d560657894c8a0,0
0x2b8f1b9692932bb1284337de06ff697b971aa18f,0
0xcbb2f0662ed27dacdc8cbc02a9dbca0b9bd64318,0
0x93ee8b34ba292722b533f4446c622ecb1af688cb,0
0x66e8722809c8eb770b686dcbf16dac35b0728e30,0
0x6158c8f349c10efe58e9cc3e94f99ec210c3edb3,0
0xa8e5d1ea59eca57dea2d37ee264a5ecff4d98f90,0
0x98a923b45f22a53433b7ea1ad691ec35955002db,0
0xcfccd7ce73f53e6da61ce1f60a92c8755b43cfb3,0
0x992becc8ccfb8c1ce538b12b20da11fd8e967b74,0
0x70a15461841b3f31cb1a62bc84d834ead2e24db8,0
0xd8e0493a779b7e7774d64307d072eb365168daa6,0
0x3e1e584ced447e3e49ac3f7bdab37f3e84f39b6a,0
0x27126704bc28a2738838f47744f8ea9770c165f0,0
0x7ef2fd919d2274173c25920ae55123572524bf55,0
0xf53aa7cde65f1f0cbb921d59c99a45764390b5e2,0
0xfd4f237600ee3c09d7cddfe2d0950119efa5ea7f,0
0xe5f0b4dcce4014d194f75055474840522b10ebf1,0
0xe4984c3b63d5058902fcf229f80962065f9c642b,0
0x7c8dfbcb53853acf39b36ff4c282dcd17aed8b92,0
0x8a1dc2b5dce976a7510b24bae01dd88d2a01ad87,0
0x7e005a862824da97b68085c285880e374cc0480d,0
0xa851d955647f61816fcfc857e4a1f59dcc68cb82,0
0x454be684b66fc7c540d5a100a7f04cda0d85fbb4,0
0xbf3cacbc5617de4db512cf34c22e735d636af3a2,0
0xf0a69168fc76231e74c40088dbabc22aa1f88163,0
0x3c1cc75669cf4831a5261abdd3365655614463f2,0
0x48b63e901efb1be6e1593eaa6bb288ff1839e268,0
0x245441473c6bb507071030b69980b3734651d721,0
0xbc3f30e19674a624b0af21a712ec7c20b02b26f6,0
0x2357058baedd81f90eefb1cf297a9ffeb136cec5,0
0x45aa0406bb65503fdee7aa9f0867cf6b6b120bf3,0
0x563f999463c63a455043ebc55f47db29fb8cb7e8,0
0x5ae0122032c43df538edc9429935853c3fb4e022,0
0xa64634edcec705314a82201ce59b2c2855d97b8f,0
0xfc4a33fa7d49e6fcc2ac1ca9d96459202762561d,0
0xf1c0a427240a2e7c02c610e5ae50bf1da361c069,0
0xbddb961c9e971c945831931d2ccaf93ededeb19f,0
0xd4c1d0b38db9fb16ffcd2cc5157e76890a5dc613,0
0xd7a00206b62f99ec3e8640b085d307356041a802,0
