address,usdc_raw
0x0e7fc85094f1aba771b02626ca36c9f5575545a0,0
0x81d09f2ea480fb4bf463ebc01e9c42f7edaeb689,0
0xee09625b7c3387f21eac04f93b71e1aa0518b552,0
0xa846d177c90a247af4bb01497addfc0a67bc53ee,0
0xb7b3aafaec9cd320dbc40a466dd276a646a60004,0
0x526a252539e708947a29e0b9b356a5af89e4898a,0
0x33b9b91b571fcc18ac723d95253ff3fcbaecf27f,0
0xb7d09e54517786faf3aa51728f4898f60cd18ec2,0
0x9cb8e031f55f245114e5b2306da6f94fa004f29e,0
0xbedf8321c6ddd21282aeac278ff279cd6b4fa356,0
0x87dddb0fbe68da54d16d2515b403c80e71b3293e,0
0x85a70283261660eaa09052c18333496d6eca0496,0
0x5afb42c7f230df04cc2442b1b6f8d20b241c5427,0
0x63fdd7acc2fa2b6569ecc7e376d3ec1fbd8b4777,0
0x99556a39b7e1454d7ac01e32989dc3aa3677349d,0
0x18f36c43177803c2b800cedc42626e5dec7cd8b3,0
0x8d06837621c8744e452c708a880022e69dec6497,0
0x096947e2922f7605bcda925d3afab9e490e91604,0
0x86c591d3e5164ccdd33ca5d14f461dced0a1cb42,0
0xf9917ef2b9c3585e20476d299cca39529afd9b11,0
0x0b8c4197c31ca87c2c62585042b989a1e137c541,0
0x91e8aacb0dc0260ebb00245c56ba372948a260a7,0
0xa4d88abc8bc17e004815b9d4bdf92dc89e554dd4,0
0x6d96633e8259d388af722605b117dce5e00936ab,0
0x379c565e9ef672b7a85f0fdb72dbcb91efa60315,0
0x991a025641eaac48bbdddf2649c1ebe6d16476b7,0
0xb61360e1fcb66ffa413c9b09b741873feb5c7674,0
0x1090abc3ad527b5903171bcb3cd44a8ced795bbb,0
0x90aaa33900b0526937652d0e31c3eaa8ee571630,0
0x833026350edbe172f9b1dca0238880be89469154,0
0x282b0ca524754f19e09cb0d6ba1b9df3308ace08,0
0x2980f1f8ec3257df079e4bd1cc477524efa67c58,0
0xcfa7921ddf30ff2f8515eb2def51a3c293d26444,0
0xfade6c84e5a20c3578da4d45f51291253a0f12a4,0
0xaad2679f910d9a19f4512e6a17fcd38c2150d024,0
0x56696cff5bf52b82ad87bb05e46d42a4a4387299,0
0x7773590902f9b6a4ff2c4e269342a0ff7a519c40,0
0x350f1a766218ccb43b48af58049c34a55a023871,0
0x1edadf6cf4a313a7461a90d540889341d49f0609,0
0x80860a41ba37639be961c862c7a9a67b306fcc18,0
0x67128eebff1bb2c34946b2366ed8101b47444137,0
0x8510a66e7e13bb2b62ec30c5115ad8543825033a,0
0x3bcc4cf9a0031287879ca92ad7e83ebbf27b4b69,0
0x932e9238f34cfcb92da4c50f1853fc08e02d0f68,0
0x02fe9918e6b178bfca0cc8b027a3dda7ba31997a,0
0xefffacc268a97f92690cd5c34e8ab42d9266bbc1,0
0xcf78ee1cb2f9a09e4e52491d92d0762a6458bb46,0
0x588780a5de9d187c58b766d6a362d1b2c757b1ac,0
0x10fb24ffb9f3ed4447a595275ff30bff21d17d41,0
0xa27f8e1eeae86f41f4c70eeb6e65d35157a37610,0
0xd4632bc1f5428d414eee1b88095ee236db0605e0,0
0xcfe42e05089c6b540d92435a369c64850d93cf77,0
0x68bc4123934759d8cbbe3a9b243aa6d18c7a7f8b,0
0x9327c54b26b0cdaa0beda67c94448c9fd9aa3831,0
0x0b255cc58054eea2fb7748150d1a6e06958bbb80,0
0x049a8c23aa80e58f49de4ca857b1da0315e6cccd,0
0x24f2d0af447c62e0de1eb8324e1f03c2fa4d0f48,0
0xde9500b2056e73362702d9c30bf355cb562fed01,0
0x201ae3af3cf7443ff49a2ca5015b31f630247992,0
0xa2567f183b34babf44f1c3d66da19712265b4950,0
0x5cda436f32b6b2647b0d022285960f86379b39fe,0
0xa7563587f5c949a5ad0f06ef4cc47df83d534a43,0
0xa14ee0243ee6e91e1fef1328927758a385f9e5fc,0
0x4c34044565d128657abea8b2a7b7f86993c4d0c4,0
0x93d0afe592684dcf4a2a4bb78321edc670fde7f8,0
0x1481e1b9c6552ca86b2b9624663e07d0e3081912,0
0x935cd9174d4a7ae9514975b7665c9542e6c2887e,0
0xe0384c4148f1344f3e877eef483cd13ae5e63619,0
0x8f1d43dd002ca0bd0cb5d23cd4a7108e0cfabc88,0
0x6309f14858b4d81f9f1c37a7240854ef64181c93,0
0x01da854a8eefd995204d2db05959b8b980e96a81,0
0x938372574ec39be73f6d300f082a0b4cb1ddb030,0
0x75c4971ccc2c34f8f61f598f8b98fe73e16a3c8c,0
0xd1107963437d595ec1b1ebb39d9cfa3078de1fa3,0
0x5cc04b9c02661730586efd9e9dc531a983e3e3fc,0
0x5ded782b88c34aa31ddc354f94996167a7562e49,0
0x51d46a80f77f0b0e1baf2364c6dd74b599e31639,0
0x0356b55273a1d9ee452a65d87377ca457c703b9c,0
0xe3bc079b7475954481749ffba08c8bda05f72110,0
0x03bb6fc6696ee182eb06a9313b812ea7fffa5cee,0
0xd9683ff0ea16457bab966eb996d75a2713146069,0
0xfa61ad037d36719356cad986c67037b1b33dd02c,0
0xf3010199d4797256252bd2090338d169a5ef21f7,0
0x3c4cf20c59cf9dc3c564ad8d204ba11a4fc14dd5,0
0x2da614affeee431f3f63a2ea364efc6ff52438c4,0
0xb3e27577f84ddab326c8730cfa7b053175e70651,0
0x95349b4cf0e5c1d6b89821e096ad0f5f51132617,0
0x976c89809c5c1966df6356d6fadb76068bed85ce,0
0x73152b320cf5ef158738b7c414be2ec64dc7dcb5,0
0xb0e2a6d277afac27c7118691b5637681558b4954,0
0xddc86e7315ba5797313aa68c17528a1a6fec8322,0
0x92b7272e1a193c216051b3d4b184365863dcdd12,0
0x3a07f07a486583e6c4a2427f8ee5e74b4e50b862,0
0xe6ac38d4c316b2b065f360935fa748509b551663,0
0x072c2fdd9c2668d25c5a71541447b5fa6fb90eed,0
0xa8f801dbf74ba40a14c63d422eee81768c899545,0
0x278dd79f34ad09b0e013c9cabb4671b59efd8f38,0
0x5899c63d52456378062c7a362a14c7c13eac92d9,0
0x4b945486d848f2e26b9054b9c3cf760f3e69fc39,0
0x3576ba18e1c6e87d71d1dff7fe0c4466e3154bf9,0
0xdda6c9dc11d35d1357b90e31d2aa11657077bb55,0
0xb710984e7b5a97a5f3aa41e915231ca7b32234f9,0
0xead8875c1122c1c991f9965624fe973b3fe9363d,0
0x19168c4589693d66ed3a09f133009c66a0c75ca1,0
0x656549594447a00fc5b0ff135b327e29dc68c149,0
0x7a07671a7d2c154d30f774a9dad55b4af3d60c25,0
0xe5926c0bf5424c484d975e504aef0cd9e38445c8,0
0x51392d188297004fddd71f66725a5e942faeadc0,0
0x14f3a13b579ce54f89ba107b90e7a0edbf5cee02,0
0xe26238602072ed926038bafe552ea0386a2f802d,0
0xc712500bd0b62291a52831e1eb295c4a083e0373,0
0xa331552a968e2e3402d961a987b7c8f9aa9cabd4,0
0x11e0ba930703ba38b15566a0f0c254fb24b2c26e,0
0x4afc74ea9c10e0fe7b8088bc3160cf26202f2c9d,0
0xfe9ec64a5ade9fdadd81d8d2e5a213f903e6e493,0
0xf5e0c42f56d4c9efb85042eb07ebd14ed4eb5aeb,0
0x1c703b7863f76ddc9e9df8f22f2621fd7c27b7da,0
0x221391d2e0feb26283a67c9114fafbd9fbd8f2dc,0
0x5c8dab5baf7b8996d3374862f49c3250323bd53e,0
0x779bce5e21f77921dd656468db1e1096cade3401,0
0x825432d6326906acbbed82483e0d5368d88b7d03,0
0xa8dbd75b2dfefcdaa9a12b0ed43e8ec4c4dfc972,0
0x3cbd998e9013ab25a58e12e94a7095dcb2f6d0b5,0
0xed9009456d8acd67495d8199ffd372c3c7dd63dc,0
0x66f53a72d8108cd6479f2c16f7f9682fed9ceec4,0
0x3f06fac4e736329ba02823748dd2740e3df3be24,0
0xb7ae08300e272c5d32d5832826a765d96ccc1a60,0
0xe4dbe480eeb809b9501bd5e60d8f0004d3b6d3a5,0
0xcc6b40b6d5f6d6a104779fb2597196fe0dc1c8b8,0
0x30e0353196cea71535e51b93db9d9ca72dcb473a,0
0x1dae9c5f2a2434acc279d98eaa87e29009345fbc,0
0x9900bf3fb3bbe4880630a4f5dc7f13167f597374,0
0xb11ac0cf028cb6f8767bede21dbf8c56a09b2d17,0
0xb9618aba34162761934f89a504ccc973c20a3b25,0
0x639b7691ec4c9759adef68db005930558a9e55f6,0
0x97efc3e61d5ace4477a62f3042c22d353018193a,0
0x9223fe3693d56ebaafde29c71e89cb5ec5fbdfb7,0
0xcb3661eb8cc08609cc9a6453907b456dfd090edf,0
0x1b875d4a8536d99ee1baf7d6013a77b1fb83e316,0
0x7cb4d74afb100438f682b0319a34cfaf2744ff04,0
0x73603d71853a2d878043ca03f15a7f6cbcb24424,0
0x8e3db43bfe32aed638b82f0aec162959b31e8267,0
0x07479438d6fe611fd1230860fabc96b520ea7f97,0
0xed4224607285741bed7487be23b927084a923a6a,0
0xafc9cc03119fa11b00f6ea72171a62b9ba079ebb,0
0x2c1b8bf40e51ed67331d4b22884af3f18be533af,0
0x0d794c968c29da50f7c37be353a9d0ed68c4dee9,0
0xa8da4acf54d7a5ad877d0d129d2e7abd6a9c5f50,0
0xf597fedaea1a363fc469ed1f0becaaae41c3ad5e,0
0x66ae626677acec518d6c46b1e4061127eb2dc016,0
0x29c046bc94e5f3dcae7b56353fbe705782fc08e7,0
0x9cc3270c4b8cd0b4fb30d80a3d769eeb9927150c,0
0x42b1bdf36acc27bc73e23edf7b80a2d8d2741753,0
0x1da6435262d231788f87f4045fd813b38eb1df32,0
0x67df29d94ff4c43969e3e3880cb02b58bc261d9b,0
0x5c7cc792a8923f5190cdba1a45b880731fed9c01,0
0xa30c50ffe0d2da83cef361285eb1d74831a85835,0
0xdaa71f97c2c1978743b1c53fea95775fa4f42d65,0
0x3284b5cdb2ebe678b150b51c7bce4c99c23f950f,0
0x16e1764fd68cc6a518cff281573796cce3e19c33,0
0x1916c6d8bcbb0b1013752182bcab2070a9c9ade2,0
0xaa833aa964b8eb22e3cc0bae43363e769003855c,0
0x67966766b43f44a1141526bf1dfa651316352019,0
0xe898ee9166ce56f3e3728e3bff437d2f35887a02,0
0x078f9f60217d2e7e539e02f86624a72e048c1d25,0
0x43864dfc5ced92fdd92657b6311e5f9dd27a06c9,0
0xf6fe56b6e2ebc92c8e2de442ffc05efd04517a75,0
0xc50572ac7c10ee75ff2a675f0c4f41c311d19517,0
0x0f0825a38e29ac7d3b3ec35f115b9beb21b2d686,0
0x0e3b595c5616a41b9aed1edbc296fd3194be1752,0
0xedff74b1df351c5c6c2f99c735663089bc62609a,0
0xa5ebcbcb8c9fa250883dc110223fd3d24cbd048e,0
0x9059634b2c064f163c2e64e170982b79670a486c,0
0x2673332b9c4f04b870925fb0fad5ea167e0c4d21,0
0xa90ffb3e7e748bbf449dd8b47922933918bf02dc,0
0x482cd180adf22c2691a2543b7188d8464dadc9a7,0
0x14b23fd2f6b69d29381d0123651f0d33ec798574,0
0xf093b992d592f39c449108b798a86ca9b522aaaa,0
0xb4eedd6e15d474dc5033c60df309a5e5c39d502e,0
0x7475a510ac0855c788b28e86681460809e3f58db,0
0x851e55d8f124ff2b45e1e300db960f21c5813baa,0
0xd7295a820ecdc86215297e485989519e11be22b8,0
0x434e326d9ea57bccc49416479f13225e1e3593ba,0
0x556eb243c66faf9ad1b366bb6b6100d14442f2d6,0
0x91a4063069ed4d66de1ed57bd4a3dc4b2064bf04,0
0x212e27357284ab47b9d7733b5942628f43ebabcb,0
0x82eb1681968f18d130f40c40644215d9d0b1f8ba,0
0x47c98969e411425b62f1e98f369b2a92c71f2c34,0
0x4a76432de705eb59f326a976c3a1249bba7a9699,0
0x8c38a8452d506a14cb06acb746f3331ec50ab977,0
0x226d2a31afe4ac673a9395c120280283c701a68f,0
0x3e9040a9fc04a132604c33bfbb866ef6d0d87e19,0
0x3701ef84e62203caa7fe1305a6ce837cfaa80849,0
0xa8abeabee3a777e87bf6ba786661ee1bbe250b30,0
0x60977ae31ab098faf57afffb8ac2c24365d23df9,0
0x36e200f58d4aa5584918800a012329eeb99d2e5c,0
0x5478345b6ad0a284b7ecd5918451235d2657e93c,0
0x75f8b5d2df0bbc39d89d6d77e8fd66a9d83ba830,0
0x598f12b51f7051dc3f38e1a3f7ad19e8460769b0,0
0x0b912bd777078e2d7f80ad9b7ac1d8640a5715c3,0
0x1ca7e0d3700dc70b9ed813a6f69ece5021dc5a7a,0
0x2e69f9ba5ea1fcf3b2115ea2ea3f3e9643880c94,0
0xa03b4bd74a55d66083e58081a6e4d25c4fae1585,0
0x91d3215f37122ef43ab7e89d6d96ebb40d8909bf,0
0xed11a85a06761956996ce65bb891a702458cc2cf,0
0x70f082dafbd3eb71d08d4258e1fd42f355c9f1d0,0
0x85d4ff611509a37a13ed0e2ca89f052b58340172,0
0xb9f8392110c620d3909f5aba74ab218694b182b1,0
0x311e5908728d908c77761ce2459a4950f97cd89c,0
0x4e609591a0a46509b58bbca653d5bf57b1700b52,0
0x348ae69a4b0111383a5ee71c2d0d9cf562016c0c,0
0x0ff3c18c6e8ad794bc19d28d18d213cdeb1bed22,0
0xe6f77c454a436ff9100613a78f8dbf3de468b2b8,0
0x88677a265103fa98217027491eb72d6e43be09d4,0
0xbaf5782badce18a7a59c3dd0ba7c32d73a06378e,0
0xc4053b4250ca54260c1f8c3fbf82ba04bd4e0f7b,0
0xc8cbcd731e09dcdca468e7a4b689d1e8406a43c3,0
0xb7aabe2598b52d6194035a9cf97710677f7a0668,0
0x08d55713224e761a43af362f18b59260da69a7c3,0
0xc6ca76a38d7ff4c7d0abf3df539f6e5354d5b8d1,0
0x6df96d641bcc02e787c251fcebcc7bf104e368d5,0
0x8de0314480f198e520542f07ea0bc93073db7425,0
0xd7c9747cce70b93caa4189b545f88aca6217534a,0
0x54915844eeee763efca7ba5391a1025c16635e81,0
0x047513c3b620721f00d157c79a935d388320b804,0
0x260b91a32fef6082e4748574ab85e56c2bd9e16c,0
0xa0d6af8ef237b254d08cce999bef271d7af9ad34,0
0x4a95817f5df0456a2d0873ce941cf326fd3b838c,0
0x8232128cfe6391174cf23382b9513011f83d8162,0
0xb917786a4629650c786be96c317e8b2cbd3d586d,0
0xc517d4b676c4a0d7a17518f1034c873544b2565e,0
0xf5ff34f9ca52c6ca74bb3ff405f7b1bfe9f00d91,0
0x95369a57fa94469f9315f51cc3a40257a5abcddc,0
0xc28c033658be36f6697890806a6158a220c00cbb,0
0x48deda8e0bb6367215d4a560f79402724bed9819,0
0xe3e9c211288784425198231988aaa0253b255950,0
0x7e58e39c846dfa57a33e34ef09bd37da1b34a119,0
0xf584a641954299f01fac992503a4b26b2c92e9c4,0
0x21701e2f221c3bc0879f6c282560dc727d62cfdd,0
0x3febfb6b6744f317e40cb78f7a17fb89a6ac6412,0
0xede1bd7f19c9912ab7f54b3500025417363d7d61,0
0x2704a5663d453432ffd78d5b664dc8938b11a579,0
0x28d3b356e9f389eef42c5726d4defd29609d28b5,0
0xf02b28816c9d4ba48177daa11eea3e1db86b07b5,0
0x764af8333f8840f69fb9ea2aeccb74a7046c6d16,0
0x30f9774e2f2c169110bcf472bdbf287eea52121c,0
0x32dbbdc5878b4503c7feec90df033c9d40021748,0
0xda151fdd347fe1c372b5853362d648da76a32311,0
0xd6922febe64e4bd47595e2efb4022461d73e15a3,0
0xf6632af718071822515dee391b684196123b8adb,0
0x6087f6668cba9f5b58582fe1285f4cf5ea40e020,0
0x10b64ad258c728ec8288f38b3e3ebbb5d39b78eb,0
0x0faecc7423a54a95f0abc69c7c0e0a4311fca961,0
0x809acd9e800bc1edff54cb939cc96ba246dbc1bd,0
0x6a1a48dee14a2e66337cdc48f24180873bf4d670,0
0x27cb24138b1195e225edeb65c038a801d2a3d224,0
0xf2a5969baa2c65da80986e97e926b8ae26c8dbec,0
0x4f485881141a83f16ead3ff05a425a55bacd9f05,0
0xed273600a79f94348f8ac6f86723975ba9a19063,0
0x1586613e6073da58c56debb47ab6100f0a9b876d,0
0x838abdd2c8970893c62a7e9219defd76b46cc87e,0
0x709721613b543aa6590ad4444bbc5800b68441f6,0
0x98706649e7b53697f9d8a0c47b9182949bf97065,0
0xf1d4bab23455f85069d8ea633a8fec794d9f8287,0
0x7c838eed97c4b3e298eb4e11346b85b80d581956,0
0x12d1a3387cfbe7cef8c969461ab6bad15e536929,0
0x33b4cb7fc3a268be177555a08348a5070b49b395,0
0x6f8bd07b35939b237d6c49187c2a693ddd4dfc0b,0
0x3d98ab6919a483650a86aa764c312bdb2d889470,0
0x3952983a5f21af60acde88175bf1c75b4f71d8c3,0
0x4d8649086a448b9327e86b12433a39e11a11aeba,0
0xad81394a0c54984463fac6395ab25dfb36cc57bd,0
0xfd8d679101b893e917fb2e71693b627b0d788ead,0
0xddc4567d088e98b5d9841df3a2a668b8f209eb9b,0
0xffcaa982fea4ac2657a287f79629ab4c4aff5c41,0
0x71cb90f8c66b7bc1d6ce236268507e7c6cf8fb03,0
0xbc1b08e1d454ae6750b407cb1ac0cf98ed526838,0
0x8a1809385162c0bba04d1cf933947828eefed88b,0
0x46138f5c3be5fb2bb53bf51df7c4ed01cdb158bc,0
0x94f85d8f933f2ec8423b876d7515b996d4bb3317,0
0xaa2a91f9ee7b9ebe8cf8f5c5db0e16f7635f3b71,0
0x87c936174bbc83bd3e474c1ee0c5eb6ce3135b74,0
0x58a4135c3deb3642a640c191bba02612b9e6225f,0
0x909ad613f066f2bdfa111a666f4f212bda206384,0
0x0a65a4031d305bd7695f57e765f9ad0b09bc5946,0
0x3f2f78c8c9d68221fd05be648f0df5fe54cdf00a,0
0x2c1b32c27e2078069439af580d32d47230abdbb3,0
0x87bd9418524d14667dbf7f680f677f2f69043dba,0
0xed2e76e250157f79b49b34925b9e30691db8be46,0
0xa70af62c533ddc40994555b0fffc544888fb36fe,0
0x370eb57c0984d020d5484c36d7bed096961928ce,0
0xa770132f6f878840d561b2b52f719ab5eee0396e,0
0x53de76be6299e19f73c8d5b6943eae52a3b6a578,0
0x17074705dd53b3ebff5454baebc7a70642829d75,0
0x1d7e01d7cad7cf13fb69f1e490eaa51992307a22,0
0x12589eb695e7b30d04989ec9cc519eee6f2bad4c,0
0xb131cda6c72bd826be759028c847d6e62d63298d,0
0x53dee99552a162666bd57ead34ba5d9108f35100,0
0xb01106d2f6acd40d6be2d2931a32ce886f3526ba,0
0xa88fafd0dae54fe1c4de92e31a9cb9e0b565fa3a,0
0x72fbbef4426bdab3718cfc63f3f8da69874cfd82,0
0xa8b0f3b631bd3440f1d8108e58b9bc96cd0d73c8,0
0xa4e419062020c8c3c4360121d0caf73990ccd2fa,0
0x30ee4f621d30518e1a40cdd1b45ccdc896eae745,0
0x3dce78c17d4a2412dba5780108001d8cb142cc93,0
0x774962a77dbc23be4326c4f3a14e5b54500180f9,0
0xb415fae3a4ba0bf1e762aefadc10ccd0b3aee2fb,0
0xe105d61cd2a600e82492f33495ff44b1ddedab40,0
0x3c910d59fa146a4069bd6e9c2142592ddb0138d4,0
0x88a6a1bdda7aabb58c0db7b6045f751970efbb8b,0
0x48109e00616d1300eadd4f98c65127d3d5843ecb,0
0xffab334ce8cf5c4621f31c4347257c3543b8ceec,0
0x3a8d86339110584e61ee21c9add0618836eab2a1,0
0xf89b905af1dc4f929f3dc10a67ec26ff2c0d8761,0
0x0e2749b2228dea0977a5f326d953f6552afe2ea8,0
0x2ab4e1aac7eb7cda33220c8fa16e321384de1479,0
0xa10c5cca7068a6bbcf571b035bb1ad8b348cf3d3,0
0x9efc1015e459b97e18e351076cab375be1e24c88,0
0x38f62b8b5469af8dfbd17ff4214cb008c4b5feea,0
0x718d6641659e7f9595e1fd771c9a30a3155fae94,0
0xfe94e1cc37efa01488a8304d17a2276d4f6e1381,0
0x4954ef60b6a858d3d7e65a4c4b2d7952a51b62e5,0
0xfd70a9c40b92bf4231e847bcd2e0e96a3c94ec2f,0
0x7a772f57dae00d6e56d35b0338c082f48be816ab,0
0xd0b2afadecd70c732e2c08b6ce330907cb276ec2,0
0x53c8c110c7a96237eaebe8524fd9f0938e32eaab,0
0xc3253f20d49826dfc7dcca55922bad3bffb7b5a8,0
0x4bb83e00a75c128a282e7c9a8ee26838f61a927c,0
0xde8f71f2d273b62beb002876a40f6b672681aef5,0
0x5ae23b178beb6aef02978aee9733a9494ea978b4,0
0x69d35196c30575e1ae200b16d1e53ec3d7b19d40,0
0xdcd81082d1419c33e070ece1ff80355c054e1f0b,0
0x2b5af178b338b6fe4704326d0f1119a89b307fed,0
0x5b14add3ebacb77fa15b7d174cf7d00d83032cf1,0
0xb1d2bc9e806a55795508b5550259947d904bf30f,0
0xcd1131a86b2bd0cfbcd8b5a7c759c40164803a16,0
0x2c81c06a3d676830b9ec3135f406c3ce5cfec7d0,0
0x9407b31e3629e0a2109808861ad3abe8b0a07603,0
0xdc27e84a5be32374b5dac06257d812dc47c4ac7e,0
0x3a3802338128b052c64c0ac9ca7fc211014bc5d4,0
0x50105d3d793e80a76da30b1edfcecce9b663f75e,0
0x77697499c0c775fc1e0f52cc4f73cd1ea165d949,0
0x3f37b927db17557b49c60e9065abb60664eb7e96,0
0xc5e8e4281347c194ab776f8288de2a7fb8a44a74,0
0xf108e853ddb1195a03a6563f66db485c427201e5,0
0x94d7a0550fb960f5cf1d4ef0467ab58fee171ad4,0
0x6748336be168cf1daeb69350508307ecc7eb6157,0
0x4d97c6f386e30a9dd42ce1aace737250f26b20df,0
0x5e9119acb596c58fff576b781f623595ef3b6739,0
0xb12e3f2dab67b24c8f98d35533a97391b8359d41,0
0x9b0c27b11dbe217383f44baa50bbd5380e569f0c,0
0xa692d62a9513eec36ab3cfdc24471a8054f2102a,0
0x5bead552ae096a213607d57c83190c9b5bdba022,0
0x3718d9ae9840306a8813f72482e3ee5178a37c67,0
0x5b2bbdc10fb615bef35941ec51ca0c0b79c70eb8,0
0x7f95d3530019e09c577b11a86a11f1de98e6a571,0
0x007970402e50428a5009e58bc40e08a37738256e,0
0xc8db17cbce5651217bd897f58fbe9dcef1033d58,0
0xc8210d154d78e1a34e92bb645e97112a8d018490,0
0xb1062016926ccbc212f60ada150073470c87b5f6,0
0x367c3b3d7de2140f3ddd34364c3974e08dd16296,0
0xbd5fe0abac87657c3c92a7a912fd07d98e7ebac2,0
0x3f1788611ad84dd09f0dde8a77688e44566dae65,0
0x77369a067b723aaf361971f1b569052b0b8f0854,0
0x65e24792fbdb4c045c2f88cb63d3791fb910f509,0
0x1906212d5a68862ad2dd81533cf3d48202675fe0,0
0xb48d7acd083654859fa155c3d99dbf96b6d04789,0
0xbafdd4c8cdf7d86e463e04ad22fb0e36099e4f50,0
0x279bfc5cbaab22a6afcab96292b511f26910101b,0
0xd53dfd422aaba0c5332d98b1e39e45c7665ab997,0
0x460665b92e9652ac0fc8f5ccfb995c02f085ab88,0
0x099097bf02a1cb4010b7387c771bc7cffb911a35,0
0xb206b887513cdf3715c3034ae85cf1a0041d2a07,0
0x15e7477b828ed36bc5a8fbd6d2dce6deb10d6b03,0
0x8dbae708cca5f6c5978cf2b17bfd5dc6956cee4e,0
0x052dfdea6757f799ed45d7e0717f12109e362ece,0
0xd126a36a8047498a630e7d78b6e00ff3610a79a7,0
0xc831b0f05c790f1dd646de0fa5db9fce690f29cf,0
0x09978d7ce41be19ad21c7161c1e0906f2e8c3b83,0
0x0e7ba20f8b8a035bbbda17ed1bcb06874b5f8fd8,0
0x9cf22f625ba1e6b8519a591c2b49e00a45547f0d,0
0xcb65dded8bde2f7ad627a7f872c77499fac892ab,0
0x6711b089b108b4237ff4a3ae0f9faf4ca94a2d9b,0
0x58d73ad6460ee87f4a76eeaadc06cd6ec96c5a3b,0
0xc72446582b64a3f7f9c3babc385e0a9b45ef215e,0
0xefba6b6b2978af7625c313e14ecfe573732d7ecf,0
0x2165612177682bfbd00fec6b92344014f2b88717,0
0x26c3a586e3e160f81fa10fa950bc0c9e6a61dff4,0
0xbec1fa3053415d99e24e1b7417473521237d0209,0
0xcd7a008964ff0c5523c589acfa288f055eccc3e7,0
0xba71c818e373d255dc68978b68491a94ac1e844c,0
0xe900878967eb4744ed1cf22355b8aa9ae86ba2a0,0
0xae93a8e2c2f83380ffa9d2b90ebbf47d9d2f56c2,0
0x056555d460d38a55a828e7bd56c35039f9451c2d,0
0x3a562ddf50892d81fe494dcb33b9d73353f5e9f0,0
0x1a5a6c092ca1a578aac2663ae0b40f60320f2b5e,0
0xcc5111eaf474de30305c1ed507e6a36cf143366f,0
0xf49b80fb8a55ae1955ebfac94925c5359ad327a0,0
0x7e8a9ceb998785579ef97739bd5e0341c6a47c59,0
0x719fcc25cd7e3925bd7dfe1666747e9f6123df78,0
0x615005e59fa0551cb2473f0aa683d0d96e922530,0
0x0468fce17a21db4e80570a4aabf56a038ebae5df,0
0x268389f15634c9223c72edf74cc306d73a502396,0
0x11eca6860399ba8813aa93b7906dda032e5a6832,0
0xe32f2a90c367509dcae306f112a79f1f11e996d8,0
0x4d65230780e7fedaa2f798195adbe0ddce9436f1,0
0x958821bb9c7fd8d43e9b438cae541faf0b062263,0
0x5d72051166d1dc2b11af77433e2553b9b195e187,0
0xdf1f01ce12d6adec9b01728351567282d7060ea1,0
0x3e1d0892a1be8ccc6767028c4dc540eb5496444d,0
0x9df4ed2fc2107734c92ca16dbc5fbf364efa8542,0
0xaa65d74df748bad72e425d04366d56eaca3e44b5,0
0xbfe19e6ffcec7d087efbe5461dce875996c97c2a,0
0xb3a9ed1cb1285f73cb4476d12e11534beb8707f4,0
0xd03c5aeb381f29cd0dca783d6417b3b5d5aa335a,0
0x3b743c5b0e04ac642b301038ad75def9b481d545,0
0xb44f30072383a586732293e0bec1c64336b0a5d2,0
0x930e2c33b8bba812d7abd087d378d91d299e6465,0
0x52329da776cc1f80ead2086882683bbbb58512e6,0
0x795556100021a85d9b794ce0f8d3de48ae5e2f1b,0
0x87a1af81be742088d45d43289c506b7db588bb13,0
0x53cb33724e1886d3ce49192748c1b506ffdebdbc,0
0xc99d03ce4d6134dd7f5ad1a5c3ede254ce77e9d9,0
0x8fd4a0fd4c54ed1efb59058db6fef25fcf8d87b8,0
0xa7354864e92e487a8ca1aee257b4329cd117fb1b,0
0x0c1c9502f4e38a8ef56d5ad62c5086b68333bbe1,0
0x0fc57664312bbf1723e635ef3e27cc19e9cb1a2e,0
0x45a85f083a15f65bcaff62364a4be8b22b7cb91b,0
0x20550e8b6090f05396eea2339a0b03be5b2370d2,0
0x9c12288c1dc1a11bafbef6fb803e3e87d662c627,0
0x32c32a03168a20789d98f0258b83b2f51b10b5af,0
0xec6887db9c97ec5e4a5394be4af9dd4a1d5b596f,0
0x5a418fd3096852a60effb50f7cfc968247d746bf,0
0x114372b82593ab32550ca514c4da6ddfe3f7f4e1,0
0xa16f724a10084a80704a6d57b3340ed5d6b46c1c,0
0xd86e873a2dcf9cc098ed81aa044cf3da73006f65,0
0xa9852128230161240c3881d024e83806c95a6ab6,0
0x25800bdbad40deaa3a857cb45667912df7f3c825,0
0x070c3f66324ef50504c56e4ebcf4987c5822fda6,0
0x54b69923f5d801ed88d26f023c89a70d41ca46bc,0
0x11ebe96c22ab9eabbecb02ad3f5c7d9dabbdd325,0
0x355ae0386bdce3429c22f30b944bab2e2a6a0792,0
0x0f4003eb8593542b3a027a2ec03e72ed2f91261d,0
0x9a288f48ef41579801b3ace477bbb54c9ddcecdf,0
0x9ac905cfc44cfa25cf944755f578aecb3f781eda,0
0x63a48b5437ec8e033060d616d199fecac828f298,0
0xd88c0dc56d2e95d9f6ef0f540dbb8c5685893a78,0
0xc6e5534ae2a934dd680ce90576fd468c57c87ed3,0
0x2fc291297feb10d303de865cc77c5a76fe64871d,0
0x1d137b467544d7d08e86770fd04a0ce7305f7f2a,0
0x9d96d0d4cfb27f414a8f3cebae6bced4811cc50f,0
0x4d116c87e2c0c77979b1da35bffb44b99f04f6ae,0
0x2ea1b96370211807b4b0556eb54a13c31d90a333,0
0xad2054d5a070c16f018a4cc402c9898ef66b7045,0
0xd15a579a80f8ccdabb416e76c8efbe5f70fae5df,0
0xadce50f151aeead59263fd4be6d9c5e80560f72a,0
0x0a7d4731c3e180111b158b369dd30f455a5da4fc,0
0xab207da85a5c2b0078efa2cf808d1bb5133f6b61,0
0x6cf80cfd97cc30d82a8399181d9c7aab8dbcda12,0
0x96d237163df89be9b42811c839199221bd7d6459,0
0x2da685d8fa2ece0a83a3e03819afde76d70fd98e,0
0xea0f103c4331daa1c491e3e0c7fbf269b18e66af,0
0x65e0150328f56411a5cb31c27464667d0454234c,0
0x1b232636ade268e0db63f2e641f5e4c856f3ffb5,0
0x00a0d8bac275c0f6044c3a74aa6b72af041ea1c8,0
0x11b3a2a8ab51ea823e06f8d83a946893a5caecae,0
0xaf4ad1d383f1de1ab39ee0dc0fead5a990672e32,0
0x05f1b16a63a6e88ea9e26156e9afcbd2975de253,0
0xdc7e9c179305d5e01d33861e181bb855792324bc,0
0x154999b465124d65c75b5e6e780eb6452a584641,0
0xd62056e0ae9c2768b6c4c680cbd1b323074b7a7f,0
0xe411a5e1575b36baadbdf83619cf7acfda360216,0
0x7b7f7c5aa75adbf1e62561671c612039704c4e70,0
0x3e9608fd1e47967753bd764f176badc80dcad25a,0
0x5b6332a4847de1b6b0d81fa754efd32d51a9bf90,0
0x521efcf5b49eadfb71591cdbd5547a80456b1d9b,0
0xd10668b8a018672fde98a8cb3556a687635ad9bd,0
0x82c83d1b756e2a0de500d11337e6824e1acea735,0
0xd950a50403b9aef6f7ed8a0206a6986985a944e0,0
0x0485c10489a2df0480669ee43d4db4f2f7273a4e,0
0x48435de9cbfa1fbf8535743e1e7bcd2a0912639b,0
0x4da05eed6da6fe4900eb0b01b156f971de80a193,0
0xf9e80ebab0eaff660b48e3130b213cfe49b76667,0
0x24dc9e7d2354ec600a3efe26cc6680bb723d3a16,0
0x5ec4c907c8616ba78cabffe821901f0abffd3347,0
0x584dc96331eebcca61158b84753abb633f13cf42,0
0xcf30a52cbdc8fc36b9b0297400875b9bfc447efb,0
0xfd976a10d07e3c1a9193854e2552d3716cde2370,0
0x826a0a13ee8acb22dfe5be8fda440309078ac42e,0
0x42f49c6699cd9ff5a5f22f979724e40f4aec158e,0
0xb48cb15597efda17a208c8c802975e24296e8468,0
0x48941b057b0e8d7289c8923374d2e38372c471c2,0
0xb16cce04d9194e2dcfe768aa0ecb3eb726f6e1d3,0
0x3e5ae45e5a305ab2a86d2ccf02f455f7133e08ee,0
0x7c22a3d306109ea2c94894244fefa60583e817ae,0
0x05e66952e5dbdf501a5b3c3249d1500ca4b281cf,0
0x2caf5ba08ad4e775503591989d6bc88fe4e9aebb,0
0x0954fcb68f1c9862b083bfe4051acc8f65b413b0,0
0x4679642da025dcf2f11e4ac346aa2db85a88b76b,0
0xdc059994bd941276b2c3386735efa9ee2c351882,0
0xb5a6088cb3b323b3f32c668c2261a13f41bb181c,0
0x782b39ea2ceb8aa606641079e79942247fabedb9,0
0xed89bd31a6022078fbe0449604733e0d3dbea0e6,0
0x342f83fb3c6e38bf2864776e8590a984f2957403,0
0x5bded7741b7b7f560bb5ddcaca9f6c36ce1dec0d,0
0x1403917d86c003c60d40f7ba30fc5096b0d09a9f,0
0xd0d71a7c501df55aa00bf1e2ad8f2a05a3776c23,0
0xeb936cc9141fc6a4ac8bb7456e7f3fad23f52d51,0
0xd6615350890c704ac937be5e1fb66a126495d2ed,0
0xe6d64a69fbdb4e5844446b36be4ef9f12bc2eeb3,0
0x27326caf64c59d9e8ab9129a633c75b08c9ade85,0
0x8fe801c649567d71022ef2a437b7f9d5b6be4fcc,0
0x9db79ae05f1076f0ecadb9fd69b9d557a892d6ba,0
0xf66fc43f40368e76c0b7ef4f3591fd671583b026,0
0xb3d7c9697ab8ef629ffe21a8040f46c47a334e3f,0
0x2863b81926fe29da8aa70a342c1970f9eb749974,0
0x426c7a4bddc4008b6f6bce6d63283ca8cf9552da,0
0x3c45ac3df1bfa186ea1dd5204e241ed71c2fc142,0
0x786501279aa27026c0768c06562d34b6a9c126c1,0
0xa8c2c291c2dc9e1e24cae479ac9f5706e9e72107,0
0xa0c3e6ccae3c65ec9c56bea615316e0eb4139d74,0
0x418fd964a72294e01f1571c7730c8a3667edc2b7,0
0x81c04a43d0adede2a52c61133dd610be65795cbb,0
0xb83805759f657cef4f6f7c8678a4641431838bad,0
0xe5ead0830c1fb5c7eef6e0e4578f67ca57f2736d,0
0xf04db551cb25be5b3be5ef85e6d3621ba40749c9,0
0xe364e6112cdf00898eb3ac866992edcc8d5103d7,0
0x32501065ca1219aca57871308680f5809c18135b,0
0x9f51acce05e35ffe0cebfff40d5e9bb096d0f5f9,0
0x00feae387448ab46bbdcbb8fab030ce2aa7e48f7,0
0x87236063ba76a0f42cdc35211afa73d75c07c726,0
0x0e2b43a5970449138b0c23cb708c8000edf4d6bf,0
0x0977bc17e9c9fb0649f3ba6f4c886662674658e3,0
0x38b5bdaa68970e63abc03cce0906cd1ff5057803,0
0x61c2f7fe0cb4bfe0bcccfaa58ab2685bd8f9af78,0
0x006140b8fc1df292fcb0815ce0dcc30d12565044,0
0xd747fc19bafc4bf1f3b5c4f380b19d8894a6a2d9,0
0x059021e85b0999e90896dee9bb8cda447d32c6b9,0
0x646f96977854b4a2873b868f8a1233a62fae2a52,0
0x435337cb101fd54b7ab050f0d3dc1e912833e636,0
0x94a4ce09ab7041739d6a4d403dc79385c9266859,0
0x7065f7e256c3339d9a4ad95d0b6366d311d45f64,0
0x042ff7d24ffcc9d49e33f4424ca191c466114e03,0
0x7a62fb95e5b126517af6ab947394f4f52029f0fe,0
0xe255da0e8f6bd02643e2c9007e76f78e12526715,0
0x37edebd5a0e86d213f17abc149ac1f925ca0c8ad,0
0x6fdbf3552bf44a975626378c0cae296393c39025,0
0xb7e210c3a442638a90a80ea0df733d2f6488cf92,0
0xcaa4f24d8f1f6377ce9391f8b4cb5b306e6981a2,0
0x8109fa56f1e65f872f80eb995ff9347baf3bc189,0
0x9fefc6117b178ad9a9e254acb1a55567efaa8e81,0
0xe147b569366365e4e0a1aeca68764f7f52250fc9,0
0xbfd1ce37063f7166019c092d3ebe10ee654f9293,0
0x759c7ec651b67b2530e3f24f279bc2f600503810,0
0x797ae2aba5a782169edfc8e394aaae8f4127103d,0
0x63115ea0f1e6f08b614a3b69f904a51cc5217cb7,0
0x3f1e2225a9db8dd33f2863e33a0ce240ef2b13cd,0
0xf34193999171809a90d7112713b85a15bb3758f8,0
0xf4f4cc12adf828f8f5cf2838b45171b1dff7eafc,0
0xc7beca96a6a7166deba97171f04ec1d80136bb6d,0
0xaf8648fa0333ba819512770270a09b89f4e21ed7,0
0xa0d2451cfa082e772478a24ccae7253f8a6b020a,0
0xa3d80bfc767958a808d847f4a67a86c6dd9654e3,0
0x8a4f1bd624f50e28b721a2dd65f053dd60d398b7,0
0x8fbaaa4ea4a231b1afd134a6368647bd3727e14a,0
0xff516d3d23da81815708d77cfe29bfc0e256406b,0
0x4f8a0e9f28622358fbcf91967d5de6508ff09508,0
0x7f300f2e666c6386819effe894caa837c79ea65c,0
0xcd6263166707a8324b55425158d5c8906360f47d,0
0x21e711cc26ad20a4d712a9e91a877b7f58ae8922,0
0x64a90458416df55102ca712566870d5eb5105f81,0
0x64e9727235ea58924e0ca40bd62c247aa769e64d,0
0x53c4091883f5b7b60a4cac07de72ca9fb4549370,0
0xbd48f21b658e41b7463153c8f58557c84204d9e2,0
0xc2412f9dd534bea91f04b9145668f94d8d65e1e6,0
0x27ce565650c88fc93caef4e74c5450dc63a86461,0
0x3e7c1c711b4d7516e08c1fff1a8ec0bcc1c521a2,0
0x93411953c1a16a4399f209c519f2066bd6a68051,0
0x5af8182472b825143dad9bdf5a8fb57cf2a45565,0
0x2be63492b9eeef8268c16cdbffb627a8e438a8b3,0
0x491090dab62a99bf5530f063812021d76eead9e0,0
0xfc02d0df3135189f59ee71e3eb26e92a4eddcc9d,0
0xbce6ad759b8f11065e81535efb2865c7eb368f8c,0
0xb73b58b0b8beed21a000314cc971085666839cf2,0
0x27026d321598dbf5ff95216601610b09db7c507c,0
0x448f7f4e6d19e07f9686e70a295a6769a63e8a90,0
0x6fc2816b9d1ff7eb1c1807e502e0bb7aea916be6,0
0xaa760f0def370ef007903e6bd56200b08cfd58ff,0
0x15a2d2a2bab6fd327102526e2ec29c764583cf15,0
0xee647486f7212d340909e327a80ec338da2d69d1,0
0xf28112998ae6fd64ca1435af98c287ea46a3923c,0
0x4f6c99c5de41030135a76b6f28a993853572502b,0
0xd6e480b69b117755d0f1855a8e941749721215cb,0
0xc14f3062bb673aaf7ccee1981bb9e4eee59d526d,0
0x5dd55c7b3eea550720332857e03c4b9d4cf11447,0
0x7c0f834a78ba10982ccbd952566b0f904c262b35,0
0xb5b7889c180d309c9edf929521e21fe1e71b5e36,0
0x98ff7290c966e406b593338c132cdbef5942799c,0
0xd15f2bd1c8ea5ba06a1fdcea006675f1a91979cd,0
0xe665f6290c2bd9e2fd85a61b7a0dd874f01ccd29,0
0x671638083da43c708c929af18059028234278f34,0
0x04a99fab8b23ee0d11571d237de56463425f8fdc,0
0x4cfa7bc5f0b67bd38489636ec6944ddc6a323fd4,0
0x3e4bc4557867e5fd3f3a9a73e46b21fda3c7bc6b,0
0xe8b9f58be2b195212c2f0ae69ba1905da376bb5d,0
0x3a80efce8a1f36e851abfc92c156fb2863fb1e59,0
0xea183ba6f7a83c551a7fdc462714f71de69740ee,0
0x1a152385ae597b952bf2408c568d93542f1c376a,0
0x941044ec8be88dd21bffff1c0bb2b6c627426527,0
0xdd6d5bd091f124634f66cd375585604b62ba7174,0
0xc87595a49057a2a1f84cf9b33ea0c4dbdf312f2a,0
0xf00563b404fe7dcc5a063bc197c5de31fca60e2a,0
0x2cbb16e4af4183db920a55eb8fc68fbd06adbb8a,0
0xd8df543e2ee10a0474b58fe81aaad776a3ab69da,0
0x5da101140827ad8aab6bf98b00a6db60fa48b87e,0
0x867eebc68e2137109f336080648a033f0c2fae79,0
0xb90c3c1b2a0e1b23508b55eca846d19f3e7de0a9,0
0x28a14e2646c8a2b34166126e6ffe2b45f2751442,0
0xe45759739918f62b74ffbd566c69cc8cb9d7400a,0
0x048b113ccff5b802a2431ecf43d0b4ebbff4e1a1,0
0xcf37b29f444f30fabcebd66e9f277ce4912fe9b6,0
0x6b57b0890db12afc1db2aa32d26f9c9ab17f8f98,0
0xd7412f8ad3cdbc1e743ad2c8c7cbfba1c18cd8bd,0
0x73001ce4d3d68078093506f18011d86ee65d8f95,0
0xd4f82f2c7aa4c7ceeb90811f3a6016d309255a89,0
0xba9fe89d4e26424303bce4d3c094e4c023cc6e49,0
0x3fe492f3c3448f8b4e7a7f1bc19c7633ef87c5f6,0
0x9625e1181b4e97b2475e442d767664378ae21d3c,0
0x42a35829732ffa3754a9620ecfefb77dd484fe77,0
0x2538e67e8b7b8a087440ad7fa78fda6c4c3bd642,0
0x9bfa1a91c33677ee4685fd35d004c3329fd91add,0
0x469b2d5d12193530ba16beb7e530a7711d64aa32,0
0x868f7481b3b2d8520ea0feb5997088e2ae2dd75f,0
0x57be9b73ddde4d8c408c12c42abb0e65e352aed3,0
0xaa8a6e3b287fa9f8d416afac42a606c4f7c8dc91,0
0xfef0c7ba10e94aa15f09e867a5a61285c5fb1192,0
0x57595060de26e7becfc3337175710c38600adc81,0
0xa84c167fd128db97d4ba5f2a4af2d15a488b28a0,0
0xca3feb89f8640510ea9a300a4a2d5b331870624c,0
0x29ea37345fac6bd5c4b060e7bca3913d8bee7edf,0
0x10d083a4be7221186677f60c930cad172916261c,0
0xec6d3278dc893afee265f8ef9105e791b58f8023,0
0x1af98a4055d3bbac2e3cbe7706a22cbd4092b4bc,0
0x84ad7f027c7bc0aa6745f17112b6f7a3d5d69a59,0
0x045da8a7c808c05892ccbbff082cdb6c7023990d,0
0x1b81f260d1e4dce4511a0aae74c431b2634db845,0
0x0e10d3fdbe14f350dfc4015563a75a198fc8c74a,0
0x678fd8370acda3f0d3b0aa5d623a1e28326771c0,0
0x1e63a46fab50ef031d13c9b4499e227a8af0fc00,0
0x1c5e32c7484e71372be9e2bd60fa84a0f9cd78aa,0
0xf4a4915b9ffeac310b429cc66e8224c013f6f016,0
0x1804deb13f2302d7b380e46e269fedba8c31b896,0
0x1f3e94064476b4e462ec9aa73a7e2924e45cc85d,0
0x5578a055fa32a03f151297d1ab7e206743af5a02,0
0xdabf0d6765ebfbe25f04be104cbd9259a110e2b6,0
0x796625ceb93111647604c9fb991c2a99eb4078a9,0
0xcb5307a57b8f900f77bc182a0e31340ad3ddbe6d,0
0xf4051956463b75870396980c934080d0373ef5a1,0
0x3864424aed80ad88218a83891868268fa4e8e3d4,0
0xb1df96ba268b9693b833fc8aafccd2c823f31b44,0
0xba78f7c27e7184a97a9259adcde902cb9249c39e,0
0x5996d66d18b6db436f8b7bf35d4d5682616cfe5b,0
0xda03fd0c5d100c41f1cc63fcbfe9d432e656ed72,0
0xf188c5a047d3dc6a41af8ba13d642c3f28dfbf41,0
0x697d4e12e7fd16336eb8ec76e209bd73a0ca979e,0
0x9f32b2b4f5b69c58f103b7795fcaf7a8d94fb0bd,0
0xe9f75339f247ecc2813c5f6bdac570b5c7b05e4a,0
0x591babe32c6e1b410ab27fb89a6a6efa66883527,0
0x0ae07780129b2552f3a52a384ff2377d1e783378,0
0x118909475acaabb91fde8c7507646241e4739c4a,0
0xcfc36892f093a31e3fb6d376442abd2681fb7b50,0
0x6da3be6dd1c7b55656eed05e9107e645e83f0a90,0
0x0959cd1c3f227d3231f9e17f0659bf42dca144e4,0
0xa068abdee39874bb1f58356bb37fad128fc41055,0
0x5e0a66c1a814ee12db447ec204ee192bfe9ab2b3,0
0x4cafa31fc670d6c69ecee89476a4a9351bfd8a5d,0
0x767f9c4b814aae0756b7c5fbe2853c8d7602c528,0
0x3ca588beb4a79b54ef719b574abe7e448e398db9,0
0xcfc0fccf431d1571b3f5b633754ec84d7b57b30c,0
0x41050ba6ef16251ebf14e76da9fc497783d88f48,0
0xa4dc2b4abfed992213e9b49f29cc4c14a336a81c,0
0xdc32b080aedc0fdef0caa4988df6fb6184c352bc,0
0x59fd9dce2deefcea6a322dba5d46c449299fc13b,0
0x485d45440c8a4fecde768392ef3845b45fbe8663,0
0x572b521475e8b0340be8cd3073de49b52aa8af22,0
0x75d1b2fdffd98695c68077d0b7eac1436c794cce,0
0xdc816523da61bebdc72743c9813054644ebbf8a4,0
0xec4554d35c803f3e4a091f5e0fa02b5cf6bb6e99,0
0x099cedcdf8d4a7670022f2ab29f406b71490b1b3,0
0x7177da377ea01d8d75b459982c724c2dba1b04d9,0
0x8965d699588dac96e19c4ab27dce02de7eb374dd,0
0xde202f7c611b8780120e605bc6034175e9a10b58,0
0x5a469b78b10e031d89af7c38528420dde3ee4382,0
0x76a88c10bb704048d046f46d9556a5a73778e825,0
0x5ce6d5920063a4b9c927f12755b6359f91082cf4,0
0x0d7ba48109a7486cf12480e6ed6577beaac43acf,0
0x4e1988a78d47bab3eaa8d9f456cbab5851990992,0
0x060c15f0d53494f85ec950388bdffd06e8c5b9e8,0
0x724553264472a4a597716672b069ed785fa3263a,0
0x51f1374e79ccbf8a7df2617944a0b202865b8294,0
0x9825a253e2891cef649161009247e1f1a56d0dee,0
0xb8a8991a28baa8587b2a5809042c8e91f34ff327,0
0x6f0294a2ab606c5083b65319185a259f6ab54d9f,0
0x17da63aaf89426677e1f576ad7f61f745b1b5714,0
0x7ef4ad8adf5beefd16225f4452d7dff4df6b1f07,0
0xf65159926d75efdc99ec62206a94fdce9e661d4f,0
0x748942c8fb0891dedfe4149551ce853b098afef3,0
0x4f6427926ef416f9bcd9809813459f616f30837c,0
0xa94383436f0afd057b82c3d775e2e56e849f6948,0
0x54d365404f59f179911b0ef59d9045c17cfd9a08,0
0xf352af5b15b8b641fd9430d77241e5f1b2f78dcf,0
0xfabe0e8e840dfc67e24098541520b388de4ed3f5,0
0x769d2e9419fb61bbe4e0b533428cd5e24d288cbb,0
0xc8aa2b41a5259e7a394fc879193b321015844216,0
0x59315de57f68a193457176f16665d22ab8910918,0
0xed4f80802e29a9783b736caf5dc78411a7c6079f,0
0xa22016a819d2300bdd87fc2586c901d1ca3cf01f,0
0xd5111593e9841a0b81dd2e9bc9f17702e5856b85,0
0x677f1a5b4432d99a02a881797de800a024051886,0
0x41f870f174a2edad6fbd4367098894531ed31905,0
0xc8e3f79e0c44d17ddeb1c5422062b4548aafc864,0
0xf1df8f437dcd0e1286c0ecb6a858b7c9d92de374,0
0xed87a59f9b84d92ffaeff86fa8ddc9aa829e03bd,0
0xfc1a407a9208f964f22d5edbfb1fa816c32329a3,0
0x76527344be5d5e0095fd2becdb89bbfff21b90bb,0
0x382efd0f82f467ae833b6c750fd870a3206addf5,0
0x453e874f81384532d6c911dcd6a951f4c5324485,0
0x6f0d6c12b6b44f7bd73d83060d1330a7f5d73e6c,0
0x427b102c9ac9c22e870d13e3f76626f14c634102,0
0x710a9ca8b033194d59cf31d1cbe19553ffbd8301,0
0x9f312b883c22eccddb8ec502acad3cee089c1e56,0
0xf07d87367fc70c00e8e9ecc06587cd9e0cb8005b,0
0xd42b5cde678b873415492ea9ff7c2a9612f5ff22,0
0xc5381612a114b5eda8eaadb216b954d46a571492,0
0x7502236ad35870a73ff1986d1fd6917b50446209,0
0x460fc5975c52fe48452b2be24faaec8b92b9d29a,0
0xd092ff9f42f2f53649f9d57f27377d4c6dd19651,0
0x16ce048ed2c83396e9fccc6c926cff1784c7d800,0
0xd5a8adecb91309ea775be8237d69bff85e996937,0
0x4e92bc8553555a850bfaf9ceec4b800d555126c2,0
0xae99c44e089682c138d793539f95e8bf216e206a,0
0xccaf55c509e94e173ad4f3756db7abba31d718f7,0
0xf78e599999e5c3bb8fbf4d6ebec812b3d4c6be18,0
0x0fd93ad22649f4d523ac3c6fcf0499b83e426e1a,0
0x91eda88c16cbe878c50aacd2ac73ead06a42bb3c,0
0xf8bbb2c342ebf920b175f47275fcd7f726773c15,0
0x0cd3ad577f9432239d9e88803b695fc7f8668856,0
0xf04c5ed21b3dc4bef1486d4540f0b07203e3e289,0
0xa5e94e031936c002f290d99a5cc619e90efdcb03,0
0x29c6c33775e37f72539d2636b56dba06caab6e01,0
0x6b8003fae11e9580b2791b7b5428532432433ded,0
0x52f92de32c606b5dfbd9cc8a9d11ed620bcc0937,0
0x748590a4ad5ccd09d1b380c18cc701efe997b32b,0
0x84392ed14cd45631e4233006ac7ff1324b1c9e84,0
0x98110cc0be568010a404f16bfad70d19cc621a5e,0
0x7ebc50e158ad8497d5da93ce45ba373e504e94bb,0
0x0fff588d0bf8105116181ef40b076718c3dc86e9,0
0x82f4c0b38b8e994bc7f7a062f59d6b1388142252,0
0xcfbbc4206cee79f209b68c5a417675395db010f7,0
0x5010c2acab9515afa2702c3db8924ab6c64ff131,0
0x728a5121c142a606269eb97b5a730b2e9df93e47,0
0xd9bfa4ea06511b09d69682c470debeb5153ef238,0
0x33be52788dfdd080bf040c73536404801f682661,0
0x76d1feb4c137b617404d68a38aac6a071dcb9bbf,0
0xcc178ba756351685b29bee0450269f227b2d5c83,0
0xfb98d732049275a2fbdae953fb5b092da6739cf3,0
0xc7b1201fa2d92e221c287d38e5f1631eacf817b5,0
0xb0141782c5f50502c6131ab95b12b306bd63026b,0
0xfbc24d3030a432037e1fd963f58bd70a820d962e,0
0x4b854cdb48ce62a3fb97067b05e76c169cdaf07c,0
0x5c9134c28681bf510677721a7d44dc861bed1fd6,0
0x8402dc63adc1fdceea8ecba215770e7b7c35e8c6,0
0x7ceeb0edbb7830c8299622555f91bdd023f77f24,0
0xda1f799c91b5ed05f13b21b2d21279be8151be61,0
0x17eb34be2622b731075714f6d3c6ab52854f7d90,0
0x0487c512741701f500c7c541916e27939a3b3231,0
0x96d9e24531df05c25a5ace9e97cbfdfcf7256924,0
0xe58c50f3dc66972e31584c67840a42b9a5b83f53,0
0x90f0facf3c59396c09cff2a06e84c74d5e5791b2,0
0xd63e6c6d15cc4cbd95f492b8065d45076d1dfc2d,0
0x5284219a186d41eef5cbfc5dd5c95ea32085394e,0
0xbace119862abcb5931a4545f133c2d3d5d5199d9,0
0x3259fab9737d9c71701e1c1e7c924b45ac957f02,0
0xbec233744553c66df243a25caf326a81abc182bc,0
0x54d26245f4cea355238cf848e0ad872f09bb93c5,0
0x1c81a2846ae77b614d28c05501c89adf5d3e11af,0
0x7f1014c85695ad8f5e3e6f94c6eb463c99f314b5,0
0x9c96d50d289f26a2f065588f9b9f47a5b19d367e,0
0x1ba0a3c27ba6a4a5948b7ba347db0b6316e16c8a,0
0x042cf2ef5517769d7f72b0171f8b9b92006738a6,0
0x2055992295434cb0301699125e5546c78d2d5858,0
0x5cf23bece005907e56cb53807d15de4c431e18c9,0
0x2e95027dbbc41e8053f1a2127b6642defe49fafb,0
0x09e2f596785c26e00577d1f3f03cd61c421d07d4,0
0x93f3e310f6e1edee88f15ae08461581b585db376,0
0x7af54bc599531ec1b4cd6553041341f16329201d,0
0x7a2838948ac48d4c2670c16e724c13f1382bdcb6,0
0x1c66f59a426c5f042fa7e1a8bf243cef9fdffe6a,0
0x7917b2765a078a2dfb7732ad2b9c7956fbfa0c5e,0
0x1df7020382a1e113ef850d61208d902dae1a48d9,0
0x4aa5f1d16d9c36b0bbdb03e1d7c97e81db960edc,0
0x50862d10a5254a15d096bbd23d6c1df6eca0ed6b,0
0x463cc3618483e191b15746825ed5bd8dfdc64a57,0
0xcc01665001ed2474b474d5d9c8ee5918a280f4d1,0
0xc8e4b58a25fe04b152522dfa1bf41d5316a14f72,0
0x70746330ad67f48d6cb54bc740613111755a2153,0
0xce5d3375083a60bb486f030907ba6b72640b4810,0
0xe194f3fedb9cb695de2f44c23251e15b28cea5c0,0
0xb664259073305dfa9177720b29cb35f3084d57ad,0
0x8fdd4de967be281d98ff690f8630fd34f13fc5e5,0
0xe5c153431f767e62bc1853b592c7fed02d846f36,0
0x95ed2bd81dc77eb4fd126905893b8df4d0920356,0
0xa566ac01fd84cb249225ee9d233574b9289b3a55,0
0x5faec11f13865db46c613b8f94df5e944799f06e,0
0xc94b11f14577887b4818b7c86c25b86100814a99,0
0x5b8108ba5ff4d342f332460f35bdd6e301e9c971,0
0x96b55962e20f288b5d6f948b02b6f4f62e38ec11,0
0x0f252455cd8a3d245d2258df15bd3a4dd092eb14,0
0x02546b9ba64c6f64a03fd9f1ac1ba51d5e98be0c,0
0x68d2c52c45412fe22468981c82422d95a577b0b9,0
0x2d2600b39fe11829ec5120750ee629dbb6d7f7e1,0
0x5b873b68599e5be798e300582c5b1f4c05fe2fad,0
0xdfe94d649746a647f5063a487c8467b26ac5159e,0
0xd4c18a616d9b4052fd7bf8729255d35fdb833fef,0
0x160d5436d0020195665366602de2eb321c92af6d,0
0xdc306e29a5c466e2d28dcaeb21eaaae677a21528,0
0x42bf2c057b79b3d1c97ca6269dad46ff5b561678,0
0x7f649780d619d4ded4e48bf29cd16447c75a875d,0
0x610253a36879b303f0d215c608b08c203bd78189,0
0x893ffcef3d1f8ca4dbd52670e09559492e731fb5,0
0xe03f053b415fb0edc4ea975548fc9d86bd255c34,0
0x9c561eb2242c1d9f804b0a5eb0bb1bff0aa837c6,0
0xdb532715cb8119fe0efe3a2ba4655fb4407377b8,0
0x33368e288ff7e2f366a4935f94bc7565586d225e,0
0x8be82848f6827015e1644e935551d9ab80860a76,0
0xe0aa3e024872e0ae13fd28549730d867dba2f4d5,0
0xbc7c43cb374b3c3a1324853f7dd71046da683868,0
0xa205bafb108055ccec87cea7988840242e7f84bb,0
0x55764d2b16bad49047b5d9bea37584c22485cc56,0
0xed64a24eef4134b1249899053d3a367f8fd0c0d4,0
0xf2c5035838eb8b93edc2912a341345ba6bae6433,0
0x679f3059a1051cfb30025c8050bc2bc9d50a64d1,0
0x9feee4a3c662c74de8fb98850bd68be30cdfaa8a,0
0x6ad3bc6c1421c337386302f4fbd5425fac300ae4,0
0x9cf8253e6a20efdb2060a74b1e6a47bd02679b1c,0
0x271f430a751267d9e7e570f4de88c88caed2d2b7,0
0x96810dc261b244e209dcc2f3ed5af60af092302e,0
0x481aa1b290f7c842653acc7b30acd34dab973878,0
0x5d9fb9ef83282d09f8298fd309c46b00a8bb0f3b,0
0x355d43d9726d31db9a4241c9aee01a46922aac09,0
0xaa1d90fd1e0410c54c340f1d0d01b54d7843906f,0
0x537a6f24cc7e001d8f95394fb66c95ec6fe81b7c,0
0x0653d3e29935145b5519d2daac9313bdfaaf0cc4,0
0xd4b4735dba684440399b3cbc97b8290e08573061,0
0xfa741c1638e29fe9b9749f9569a9d4988ef70c2b,0
0x34d79562392258f8c01c3a3db89fe19ca6d13955,0
0x46d96fba29d680e9723c2eb7f0e773000f113a44,0
0x09093b27c389660b78fb08c478ec414cfb3c76ea,0
0xc06ead7e51e6f0da376c6013cee5f824bab6f60f,0
0xfd182c28e91bafb69ebe5a15289d6a0612e80a0e,0
0x8dd8a399f7f3713f09eaf43acf67d5f46501b77d,0
0xe5c516daf9545e934fe4ffb6d0d244128e13b6e1,0
0x02ddd55f1d71c8673b8c5badc1e6d40b57d1819d,0
0x4fcb70408444ca169406d8d2f2205cddd4b4fb68,0
0xad8290d3a599fcc02dabe6b3ca49b5de3ccf025e,0
0xba28c1b90f95490aad7973af0c99650b4c64817b,0
0xe415bcf11a3510cdcb5ea82c71065e54f8ee6da7,0
0xc4c516a4dcb235fbc9384af91740e77cd742062f,0
0x666eaf17bc927bf83c93b26167947bcd01867237,0
0x2ece0f82a7bbed41313f5279c5b4bf08076b089b,0
0x946e27f4ccd7bc6eec57061e6d7e4360fe7f51cc,0
0xed07df996f4b25aef88bb7ef4b80bd62fbe874fd,0
0x14a051bd5c6e614a3927983244a9f1ccc50eab8e,0
0x6c75460931d0adfc6d3c4fbc1c6b82485011794b,0
0xe25b3f858002f0acd7f839a482a11d818341641e,0
0xea5e1735ce490a15294cdee76265a83038a9b202,0
0x39107f2827e88afb7107274d0b7b8848c3d5230f,0
0x5ac6ae8ece72d2ca600d0a190b7918abf31258fb,0
0x1fd1e9341c1d9f4dd87a8d5da5b21a68b0d7f50e,0
0x3ad59bf28598403bc00bfdb593ec6eea88db5632,0
0x55d8e731fe44296c273308df798ca9b37df5348e,0
0xfbc6dbf448e5e6371139ec8c09638c99cdf4096b,0
0x277649fcd43751147b46e2879077c1cca694a4bb,0
0x7ea71893d8e598d4ed8acf3e1eba128d31ea656c,0
0x9c4f03f41be2ff5a11dbe86920fcb7aeffe4a292,0
0x7f2e23d8def94b8605ac44f63b9fe058e282b02d,0
0xe3909977f7f1f97e0fdfce831f6ed2b6a3cf2e15,0
0x172f832e2058788ae31f62ddaa1522d90e7294e2,0
0x3d229cfab5783c951ed68a731e8b9c393ed7d10b,0
0xbeb557c5ba6358ba88cf1e40605d59ab78cc7e4a,0
0x8f92ec8e92bab88a8a1de6e0e2dfa7b5134edf12,0
0x96124592e991b6631a6850fe82099813bb6d0b98,0
0x9bbaa9a2f9dc9b91311ca29c42d90634cb86f413,0
0x5870682049fa82480fafe8cf03eb7f045857a314,0
0xed5b1e3934677776c6272f3db3327f1848116e29,0
0x360be2c89945df77402d657db406454cd68a0dee,0
0xdb63361e871accce2e25174dbb66f19a3a06d82b,0
0xadc588c745e4ae9d081c82ff4a74e1c48b521b7f,0
0x97f3f64dc78fe86d158bce9fcfe0d990739a9057,0
0x8e014807a905b10349b89b09cd164ef16a9e7ffd,0
0xf40bed8ec2d167fd1c2335849a972f7d3eca1a59,0
0xfe1e7d9e5900d3b78163775c7368c4f817fe7307,0
0xa65811469dcc8c8a6855b7c8df373870f616c454,0
0xea06848cfba87b91870f4e5888ff4b92f7f29616,0
0x13242c9e50f9781186be39788343e17a3bd060b8,0
0x115e017fdb2410248da1146a8f7f955f3d770233,0
0xe42b53bfe4cb31c37e2f075ea902f5e74b73cb71,0
0xbe1f3e2ffb3525cb6712240193fb3d4cbd27abac,0
0xc1b400f17a5c1b27a614e8598992206e31e1cdf5,0
0x241ad6c49fd173de226b5d08685cb16c263c9e83,0
0x0c7f747cd1d59e8737c7b40c8bf6373e05315461,0
0x00ad0014ba788e2187d04c18498ce9c602c2a72a,0
0xdfabdbf4f62c8c743c679d34676f40e8e4acdac5,0
0xaf9a7cf89c249dd345b8cdf46d2b0527fe156109,0
0xf03d6f8808da7570dc2bff3149676bdb0faad619,0
0x198243148a1fc1567cf61e5e3bb5ddf111ad673b,0
0x01b5139f72333366b0bedb6fe6d1ed29241628a6,0
0x5960c51bfbe863bc04de0be7281dbdab95f8fc85,0
0xe696f85c60db94a56d99f5d0fc66f686ea2f4ca6,0
0x6afdec670e3f6104019b1b0d10d57bc7ebdc38bc,0
0xb2feec63df89dae2f4540246818ef6154b2d29c0,0
0x54b7af5e94a9bcbe20818e58fc8be5a7ef6dcc84,0
0x147fd79559bb020fd26314fa7d761ac68f28ee6b,0
0x3d827275f9807927612e5a0e34794dce00ba495e,0
0x05b0b61bbe38bac0233dfe8ae187609416299968,0
0xbd89ff646d5b3b1d4cd32f453a6a2d4bbd2d27bc,0
0xc0ecd65200a90915656243856026c2d382ab1e22,0
0xccea7d2bdff31765b11f82c6f3b74319679ec396,0
0x57671c3194266eb869438192259f856a059b2bab,0
0x16b636dcdc90cf70bca0ee737319f320b00fc2c7,0
0x42f60747ef0e2840965c33524117306230656d23,0
0xacdfc64217ea6546a8ae6aa8bbbf24c8a73487b2,0
0x3d20505d15cd413350142700a2aa8b5ef4d29718,0
0x4a7567916197f86aa33931b43d63d0e4316719fd,0
0xb65f492dd10786c1ab7e2fe6a72f11f2755300ba,0
0x723e6dd128837437df953a16c410c821128cf9dd,0
0xe20faa39a6673f312e0cb94534f650b22130b759,0
0x66f9fc6e7ceb0072221ceab3be5f44a11bd244d1,0
0x6c449eba445c019f776ec57ad328a8c35f52090d,0
0x88df1fd7ca6db83719f85b25c68d9a0d201af03d,0
0xfd7c92f2bfd961263a944ea56310c69d41bb4fec,0
0x23b1c95b91bb34711a71913d7d4064f78ef95da2,0
0x278944cd42d9615189bd16974b4c04a46f12a4c9,0
0xf5a1fd658e96d2deb947cf79ab9d7d7200d15c71,0
0xfb70858433aa653dd3ea7d3d9fe8241e61e76320,0
0x2e4f91df0199b3a6b443064abe39caeff5cb56f0,0
0xa0eefbbe3f4be644499c3043c2215f806493822a,0
0xf582c4f27250f2eb850404f58d90e0645db6f0ad,0
0x643e02f09bff0973757eecb8ff9f7130529f3853,0
0xb6e9ffdee39dfc2a17fb00c0ea78b2bdbfc32e02,0
0xf19a11d23998cbeae069b23a9de26de7be006b09,0
0xb67e89d4b096d4793fdf9090e21d1fb0593d095b,0
0x467935ee95ccd40f6abe4b1f6498c78b550d3663,0
0x23627bde8f1c7e3cb46ee3630b3c5906d79773c8,0
0x2811417db16b689b4ecfe18329a3783ba45d4bd1,0
0x1d369efa24da7def9098ab42f5bd6a326481e93e,0
0x0b787cc579700403ff21a71418f11c432972920f,0
0xe6b3f331077cc6ad4da33d3b65de3f660243f7a3,0
0x8bee51e6d3fa12ed56244f83ab586f978d750053,0
0x233d8d69567e84ac73ad75678b9cc8c2a350a630,0
0x7db3352c786183544e2ccd8aefa227f2ab7f2520,0
0x1a63cf07469a86955fa6d9742a1031b8704dd44e,0
0x1db4dee270c93a9732b8264fb36c51ee278ea1a3,0
0x0ead37c9e046ab53213e4528848f91faa9875c62,0
0xdd100a274f37000a5c8476e94f89f43c13ab971c,0
0x3ed040b3725100c7e12d7c43a78ac75e889700a5,0
0x808e6c8a0a7bcc450b7235451c8416bcacc96c1c,0
0xcbe691dfdf234737443976f129fc98ef45766c9c,0
0x91aaba848df2ee6ce6174afa3a885ba6c3ea06f0,0
0xe8756300ff301f3c518a6f1d0b94c05f2b290885,0
0x1e92ae23b1091268448e3a9a9a30a1eb0a3a72a4,0
0xbc788f00901742ce121237a52d616996aee7e021,0
0x2314fb59b359ee067603d80351b159b23db0e904,0
0xb569512762e79aac071de2705002541b01791d46,0
0x5a3233daeae267ee701f3af94e82dc9cea95d7ab,0
0x68b38f869762c77acff3aa36a6305dbbeabcb7e5,0
0x9220a795d8f17948225ab8bb0cef0d794c8cb3ae,0
0x98fe56a4e801a5839c37c7d336dfff4a361b9e62,0
0xc00989b409ea408c11c37afaab7a7ca18adf666d,0
0xdc66aa7a76f1744d1d3b449d0eb7ef216e5a7d3c,0
0x3fc192d85d502b1004c990f5bc1be5b9f9a0f2c7,0
0x77df26ba12c6e8bec698c2c0b024f111e413cafc,0
0x46bd6594febabb5e7096ea75903ed7be12fbfa62,0
0x695a730361ae93a92d5bd926fe328e6e305752ab,0
0x5ea71517ebd63ed122a4e2bfdc1a8db090e07419,0
0x3f431ae52a9e53248b64b5aea4e0c7866bfc9d1f,0
0x2e9ed4920b9fefaebc2ef7eba2a60ad5d8d0f51d,0
0x1052238047aa3dbace01f3050df680c1e67b0cd9,0
0xcad00149f4982a884b27b750dfeb330eb3781eb8,0
0xa362e78ba267dc9e0d761473d1de0cb0debbd5d3,0
0xa42ca192d533cc96d947cb73a5f5c8b07f80a4c8,0
0xd3b9aad568850bfe7f2c5e45daad1b2381188309,0
0xf9cce8cdfea3fabfc27bc266a3aa47994f330f79,0
0x6d64e1a0b9ec8d4be271dddb5be1bf6767425e45,0
0x8619f6a78d821308c54a5167782098851048238f,0
0xa45bfe1ed877a4aa33ac3e587e906a64de6f6cf8,0
0x9fde025dec37f3700dc3d1454ae2b8af01c5018a,0
0x2d5e7c331582f3b5406f1678afcd5a0aa329aa29,0
0xeb3148637ee236ba009dea790d4b2b497dd5ef79,0
0x033687b6dfc076ecad4b8a815c4fd9c1c9861797,0
0xbb9f2584abb2eec1b2a7dc8016079e3d4136f00b,0
0x659195a0da332ab6f0339648d3f93e6cde9d2e73,0
0x7e87c60587258cb6933ba8ea5cb089eb3152c186,0
0x610844e7d3d6a1bbd4e0ddb64d827c3f02276dd0,0
0x3dfcb64da95b93acd1c40485835945b0a722e810,0
0xe9c6c8e81431c42977beb9f2900ba920dd085e9a,0
0x035f2e863b52bdbe686bd3ad9cb69e87bad281ec,0
0x5902325e7f35b9909c96dc2ed536138eabcbf1c0,0
0xa8e38ea73b6c066e67b2023d62ea85ac77e51281,0
0xe9d87f0fa3386d80f28bb991180d2f0a9f0075ec,0
0xa8b545b7fec271eec2282831923c3d3bfa55c75f,0
0x3ec515e65d2896e4a855fca2f76cece69374d97f,0
0xd204a0fb15a6c1ae1874927b5e3e6d2a3ca6208a,0
0xfca84876d70eb7d9fa50c496a79d53312917ff49,0
0x99116c864ec7ca8a3aa984e6e14e853b7e12a86d,0
0x1727d485a42480084d04a60353a56a8fed5017ae,0
0x9ff00702da34df2cced86c53468f9900c8de1096,0
0x859181693f5c4823950643eb58c1a80812116c51,0
0x77387d8200424ff0716788bc71f8e2424eb07667,0
0xc5c1f9bb8da4fd8e08af6c07c33195212260df99,0
0xf3586aa7045771fb3da58bd81d46d5554dacec88,0
0x02ae30026060262b470b09958afac4c5e1baf09e,0
0x3ce61a98a5ef6ff756ac078c8600ceb801902a7e,0
0x1fac2f15a4d065d41ca455bd89649d1638dcfd3f,0
0xd169aa2e6876f534e08a42993f461bca381bbecd,0
0x199bb40b15a5f6e0a8eedcee306338fd3078bcc7,0
0x148019b9f52e2b0e331565fcf17a69405e728726,0
0x07cd3a24900d847cfd9f7fc8d56cac5b86e56716,0
0x6da29a2ed49b545ea6f905e11627ab6ef9d82df3,0
0x8efe11e34a956c1c70ddbc148df5fdd3851215c2,0
0x7dbe0b24f04b84aed8a255229267419501972ef4,0
0x30979dd28d799ef0efdba803d40a05856cc7fbbe,0
0x4192e8e2ac63942e58e5b4a65388bd5f7f22d81b,0
0x615e98ca0d963be382f574e8d285ababf8e562bd,0
0x1a299cc276380b86c1d9840b3a36c0db683b4d02,0
0xc482daa4fe7cf4872c84f9cfbebd3a11f748924f,0
0xbd5ba2cf4b23d232ef4329b0333500de4de5edf8,0
0x074535eba96b19db5f9c754b9c69ad5a97efc6b3,0
0x609969cbd9f6db03bd72b6a508fdcc9613ca7649,0
0xa48ae40bba77972ba3d58c3d6b2a0eb88e7b040a,0
0x3535075581dd30cfcc8cb9ce62e8806324a761b7,0
0x865bea02b7273f49db075f980d9ac58a85a06a8d,0
0xb884050a621423a3e1fdfda338729e48fa3effd4,0
0x6782f4afdb4153576b6b33e6cc0ed3022a866336,0
0x78fd022d0ddfe9284e86865d7800db1fbcc286fb,0
0xa9f4c8fd823cc08a892dfbf01067cfb71eef3de5,0
0x135386ea53ef4941d96ee09dea981f54ab956db8,0
0x909d25b59c447672ce88032c091c3230add6c072,0
0xe997daa98754e633e866e06565e18263699cdd8b,0
0x200f6f39f8d0c146ad8cb95018825620088d8bd6,0
0x289d2c6321d644dab2176831c25c69c0b353fef6,0
0x072f547db6e624b2127dcec3adc2ced164010d8e,0
0x6c398516b77af6bbca0922f94a1b8e9958ba3f8b,0
0x13e829d5e11d9eed9fa84ed8b4a735e55ac02ea7,0
0x76409df0e7b8838fa35555bfc658e4d7d2df9e0f,0
0xc24e7e6528819e04116d97f8116bf743567dc454,0
0x737700cbb8915a50d9fd484b368cb65d2f5d966d,0
0x9b1f000a86bf87637f13e8489511edbe19d83cb6,0
0xcc99c34db0b1c2ebd99641e8a261d40044781ff0,0
0xf67f4d3477e9693ec1d836bf538ec4f54911fe9d,0
0xd3215787929bbca7dc3394be482eaa39ac6f77d8,0
0x79f92d71d89c6b7e7ba6b95060bfd374bade1f57,0
0xd4dbac3e0ebc49877edbed0700d8d77c3f53fcc3,0
0xb4671a353a0d8f7bfce556948bfc8512a3d1e288,0
0xb57f8f8d202bafd9bf5936bcbddb6c9dc28dec4f,0
0xfe50d2debc71230c9e92f200c7eb2481b192bfd4,0
0x4064a00e8851df3e74758bc4c6a015111a877c33,0
0xa97117071ca63e72606598b6aedc66b80de0506a,0
0x88a5ae59d10666f571c983548fcabd50c96f19b9,0
0x92cba75f99a8ba162b711ef62924bb472cc7f1e4,0
0xe93fae566f669acd192763447e43d2141c0c2b52,0
0x0fa6a7852e869adcadda5966664f656734327fb9,0
0x3d4d8768363c52a98a8883a856101adbe12879a0,0
0x350722ba49f78b1b807c10f8e5a7d90653bd224b,0
0x9721a6e828eb09483f9a217b232ab885df274a85,0
0xbab6832790b93fd92205a175d1cbdc8db913c701,0
0x8d33620583304b94fd3a282d1ed83221a989acfa,0
0xc65f8ace1dae986cbdced75957b53ba6f22dad8c,0
0xac222b5222ba4be9fc88b5d53b2bd03f04051986,0
0xd202d66fe54c0c8db68ffbafe8588bf654089c9b,0
0xc998f940a6b1bc6bce5d20bfdd76be293fa74771,0
0x2199dba505f9a54bcab82b5024c05ebeb79bba7e,0
0xba521469eaf7e558c51c914af011efe7af472f35,0
0x65c1110835a6145ff43ad8263dedb375f91b578d,0
0x27af6da8700c599d14ad0dea767e2d358849c10a,0
0x4282a330f7b9787d3ccb7c72b3bb1963c100373c,0
0xa51f6f81bf040ae862277d293140d3a3e8b8fb97,0
0x8c324a62b7d2b0570ca9545f7089e9b1b016b18e,0
0xd75aa3f1181d31cae1888330fe31c89c06bed5b5,0
0xa0937b8f6f31414096dc575a9ed41b894704f1be,0
0x8b8c83b7b1977f3c11440e5cad24f62fd563b211,0
0x619b8b48e5c6a6fd50a0b67fe91d232ea0f7a46e,0
0xfbdbd0b8e616c4c1f121b837b659504be34a6f22,0
0x5d5ba8b34d6e89e8303250673f42877fdab7d61e,0
0x0eddfc629d58030225ce4f1513d9b9d92fd707c7,0
0x4aa1af667ecbca513374e376f3568b8c261030aa,0
0x82f7fb5696e2b9e6c0fa94b1b08b2776bd884726,0
0x936f5fbb4fbbc7cbed0c3e492d3d574c535aa005,0
0x14dfea9a794231a47bbed66d941d136d75456e8f,0
0x7079cf546adda9a2e35c1005796b37ad75484c28,0
0x338ac62433b69c879ef4f829c92f077fb9e3b41c,0
0x24334f305f51e7710d9e6420954418f8b01b0bf8,0
0xaf12f2f14793948ebd1ff8adfa1c395d4dec8215,0
0x43d772108f21d37721c6b459a44906c467433380,0
0x0cfc0effb438d780a65d830d8092a216d01a9cb1,0
0x958cb314b0c9952f6e2ee573ab38526555cae8d9,0
0x07a657a083d4481c7766417f0401d17522f9f6d4,0
0x19fe6a2ab9559362cae8a364efbbb67c83845269,0
0xbf95047e514688c78ecf1650c02d7cf4ce3aa6a6,0
0x97f6a382b27297c9d7d045f64a01412fddc7fb57,0
0xa57d7d7f4bd51a189092027ef22176bcb9d159b8,0
0x8a25232be617cdd0783298b082e4a6411d262dff,0
0xb3d43bb98e3fe12beaf4cb5aeed4d002616f9c21,0
0x6340d91c3e8c1b41dcd5ae252d240d22aa63a4c3,0
0x04e93589f18ec187d06f91165d158bb3014ef1a5,0
0xd2ab8961471a9de08050bffe58b3c583e90e36d6,0
0x7b8f60630d576c2c93ee8c8e4dc1398126d13c1d,0
0xd2e58ef03245cfa472bb0b4069074987cd2cd299,0
0x5538c58700f6414f360b68b0c3fe373527b8f091,0
0xc086b17581896685b73ff710ee8b9070b6606ee6,0
0x827ca2ef3cf32d9ec3f57457f71cc5cc7b7a1db8,0
0xf7dd6140033bc08dee847f0eafac6213c937ed90,0
0xdf2849edd4a6182d80733a238f013586c56b9ba2,0
0x6e05d13172818261dd156305d7b7650aed1f8a60,0
0xed9cb1923a827aab01289d93c006d0328aba1fa4,0
0xb897bf4d5b08799f4e42390f36377577485a1d75,0
0xa049e6653795de3b6e4f5f6040b5bb09fc9e317a,0
0x7720c882a94169c0525a033492580e6e2b421c94,0
0xe76a2c0c28e581713c87bdd1681a96b87dbe5199,0
0x51925c117acc5084a28837e1504ec94d773a2768,0
0x4c5aa5966a0697c7b22f28980469e736edee592f,0
0x2be41096ec6e643b95a50cf99f28f63bc2e23515,0
0xddb7664b45a39c4dde4710759d0855319942c9df,0
0xf7008352b01ed23fe3c7de80fd57569f37fd078d,0
0x55ff1ba8c99926ce30b12fb388fe60e91104d2d1,0
0xa20e97a2e4bc8ccc1b889832601fa9f0685a14eb,0
0xd1a4164024bbe929c515812d00e77f7ad35adc64,0
0x3d8ff807dc0227d4d4312287d3b6f50d8d49e682,0
0x9f76bd5a2b6ff556a1fa1fa4ac539437efc5a681,0
0x8fa9fe4513d1fd093c12d6b850ae353a01707bd0,0
0x2bd3b8e52bca7dd2b927f40f83d7e3edb233efc8,0
0xd5cd09f2c158619ae77a3ad66fa52513feb3faef,0
0xfec029169c8fe2af6e23ad7adba9bdd0fc376196,0
0xbdc888f3009b466ceb3caaef6b51af3b8cf78693,0
0x8806e6ecbc428eaa4d893226f3018312e5c0acf0,0
0x93411a107c51da1a39bbd4762e8f138f124ca295,0
0x13a9155c57f5af69f1e6591ad7aa15061ec4440f,0
0xafaf480902763e8e7620f4a207b366ebbc0f09f8,0
0xb633536c6553635e9d2a5e564d1692bca4f7608f,0
0x209b92472317e1386c71c98cc3a754e2e73745b7,0
0x982d611ccbacd9ccb970e09f229b291d325b4e18,0
0x75e0ae471572acf2d1801c745d28b9f8dd35a15e,0
0xaf5f91b7fa4394c483009beab651100065422851,0
0x11c57d9e186fb99a12d51722587d13ee635f7ab5,0
0x3f248cbfde212111098246af542124dcbdee2018,0
0xb40a37bd53dccf9b4a0c6c4c3caaf959ed48c1ad,0
0x9df902ab9c1944b8cf84c011aa697db563477aef,0
0x480c138dc3d00c88521be026c3e73764790c0f67,0
0x64ae6071440203d996f0633c0a33f623bc8c77ff,0
0xa73342567b6264f70e61306489bc63cd7e4453de,0
0xeec341689c746213d3d1256f57fb671815a632c0,0
0x5e015024f991e59338d55e0769be0f0a28ee27aa,0
0x35347d67ed6aa99df5ca619f0991cf6a73f72360,0
0x7199272f35b91ce0899498966ad00dc84b226134,0
0xce08adfc3a0d667f69a5da049e6ea040b229f280,0
0x9a3afba6316e19ce97a4f580709c624c47a6f298,0
0x421ec48b3fdfd7caf2a88c6f8b915f35dd9fa230,0
0x530640137f6f43fc467ef39977caef8bee296275,0
0x641b4df6f3a135045a0c5f82bf8655b798e7a1b1,0
0x810c598c34955a0c402185a7da8b3be670593a2b,0
0x5f6417f1ca12942ea2770a751101f5011f33845e,0
0x459c45a13fc61ae7f514c33c5e9f2725b4c47517,0
0xf7e4f84f750b2084f1cae840ea9a4c0e6e8b4f0d,0
0x8d284ddf309d60a236173cdc500b5b59f7b6a87a,0
0x48ee76a8d087ddcd5c602526b4f43074f971e4f3,0
0x874a1a5ea40ceab0e496ec895f4d371dd4da9a6d,0
0x4028f5426e41870979b7dc4ad8a8fdb1fb796899,0
0x01dca39418612ef7f80d64867b3922b21af941a3,0
0x96200a92a5f141f9fbf9afb29a66fb7642d425b0,0
0x934298e23bdc68a02620131489240286761189cc,0
0xef1f215c59bb25b4101403df320b3f9d567cc72b,0
0x29cb14236554cc214368fa9112c772a1ac01d49d,0
0xd8c187a07dd8bd88e057ebfc90d01a18cb2f332c,0
0xee865ff43d3079d2bc0f2ea2bece77562e98b65c,0
0x9580e3124a4dd8cde15ff62a60f3199bb0ac7ce3,0
0x8284beee09a6a3aaf47519a54db4093a789fa2c9,0
0xb9771b4b54963d9e7fba75761163840d2d4ff580,0
0xb5c80ef6d28dac8e8e8a0a80120ee1f7b1242355,0
0xad14b7f3b9e1e769ad0b09d874378d90c7535bf9,0
0x062aad985c579e5bec6ee08918c422a612fe33a6,0
0x65cc1e78b29abdff3dccd56c5655cd290fa69684,0
0xf8da62dc2551e1960ca20eb192ec42b2da4ef3cd,0
0x508349a1acd66ae510e303eb1bdd5b8cb6615d66,0
0x760815b01d45f65a6a9c474b0c8e211c6a55b7fe,0
0x3b427664c3a9275027977e2cf81d2d2252b2f827,0
0x569cf31c6db51a98ef24644943989bf4523ef4fe,0
0x0b34fa604ea3e81ca054b4be34a029613798a6d0,0
0xeefc326249b76d53f2315f6cd6b9437e27ed22df,0
0x8e0b7f9698ccc73c280899ae10a1278e06af0e61,0
0xd8e34fd86a6e3324285e4406242e088b31e44b43,0
0xb042f4101bae438b10a7b5677e94410894a4618d,0
0x71046d7d41975f639abd874926c7e4686370ed1d,0
0x5daa893842ecd83a50ac57571192c4053a8e5116,0
0x1d0fa0f1f3b8d93f159d81f54184629e81634610,0
0xd3377ea245b505c0a571f1c7bfd8ae0c7eb9875c,0
0xa9d74a665c3bfb08aa47c4bcc566e9cb97f3efbe,0
0x38fe9a7b79709aa679a58aad697ec8752722c67c,0
0x3c96dbbe22735e72de370e1db2f5e3a1a1cc8dba,0
0x67f8a59bc8f4e08eb1fc95d605cfecb2120976c0,0
0x65eb3defc6f3952075aac06a157470f410823269,0
0xca111c3d7c2ce7965429964bb94323910614c93b,0
0x6dde4246947cc368cbe40017fd5e8b59e39296b3,0
0xcef17f2bc25615cbfa69c4d77a8b2c400bb4416f,0
0x88bf574d26522ab37a30fc06e8a411e9e2edd984,0
0xa3a85274dd1a63c7c6c5d8edccb799c5c07177da,0
0x4905f7b82f184cbe92efcbbf9ebebd3c4d630f87,0
0x68ca77f5bc50d76b49ef69d465a0627250dbd0e1,0
0xd5385826bcab6613b4f1ae8119dfafc27df0bf15,0
0xc56c61bccdbf0739088122c5990ea1ce41507c24,0
0x2a6037743b56f2b2328bc565cc335fa4ab0eff55,0
0xbb4bd6cec88acc3c62cd9e886a1b815e21333dcd,0
0xae40dc5605a62ab056cf4198765262fa6b2b2c75,0
0xa14034bd2ebcee0515de890890cccaf7816e0810,0
0x754b592775db508e00da35b93724f486af76d21a,0
0x5d070ec7ee97a853163658da1f75be9e19540f03,0
0xe4e27e859662b56cb2e40403872fb92c823f8fa4,0
0x282bf0cf26639d5f4a1852662f3a1f030743b1de,0
0x9005da78af9f2e412479c28dfcf84b41490da2c7,0
0x1eb7cf5e945b3468137a50399fbca2b787da8bc3,0
0x71d4c214069f5eb6a369ce38a1d58ab19667b7a5,0
0x4c625710374e2c717fabdd126ca98e42c0f15b84,0
0xb32d0759409603cac1afad646df856945dbd858c,0
0x47dac8e0eab6049315b2ece345b89ab08f92c8d4,0
0x176ee66e87313e0c2be1cbf0974c51cdb7e2e946,0
0xd05f2e8a7a132b618860821837a1a015392d576d,0
0xb04db353d597508149af727dfb87deea0f252834,0
0x8a0fdefcfeb97d9ca2942455eed24fb1607c60bc,0
0x0611fa3eb62a0553f4a71c21a3e734a9520ef538,0
0xa8485216049dc7623fbb0c0ae06e1f61db5d5ee9,0
0xaff009b63a112db65e32732e7ade9c776da6275d,0
0x6c6c990d745ebf02ed0be86ad381ab4d941bb948,0
0x1fb3b372dc03544c695b6d8f5d589bc3a5af25f6,0
0x4a6357017cba8ccec547f7afc9463c2f66115042,0
0x63172d6e61c8e97dfaa229c048f548c73cd6bb2a,0
0xcb9e5a63c975d5d13f72e4e288217aa2cdfb7d84,0
0xe95b677f48f26bae73b7bf47fade2065612107b5,0
0x4f0163fde8d3814b547285d5829566f8e11d66fc,0
0xd287a15ec8067ff77b201409969a349cb404ce01,0
0x0d58d013b5bcef97470c051a88e7a55832b01307,0
0x3f93479d7eeeda1702aad5092e2988c56cd59245,0
0x38ede6a48eec0940b0cd33a3077694c5a4e835f4,0
0xee9702bc92bb4937aa72bc8033739db3d9356f2d,0
0xc14654635f9f726a0a46f05f2b1a70699e23e651,0
0xc4c09e9e3a2d1d8280c039d1450fa538eefddc32,0
0x66e1ba3f07cb9dab0272c612e55580681435a689,0
0x413dcc8c11a88ebd79d9fe0ec41149dea8be8bcb,0
0x7a1e67e17f18e9cc7c7d0d1fdafb0e4b8f7f351a,0
0x30a877513290c3b26cf4d8e4433b28a9046d0c72,0
0xc50addc331e8b078801b0b4d82c28a12793c6133,0
0xb4493c61bd69408261b74e9eed9f8c29c5895e6d,0
0x03ef3f67dfb1d4858fec2df5bf89868ba95f83c0,0
0xe37272d68a4da75b76bb4fa9f2ad9e9444e5e7cf,0
0xeaa4409c580045431e24ec5ecc38d968a2cdb14e,0
0xb4c605c25a8ac6b5b6dd0f9b1cb830bcdc63055a,0
0x2e6d4717129cf34371695ceef4e150d9e75d855b,0
0xab2fbadc3de65e8e68bc54c0aa926c6828e93b6c,0
0x401a4af71776cc4c452102ae759dd2e975caead7,0
0x9a1c841295a9769713a05adedfbd4000d122c520,0
0xda00ee31190e77f9adaf8cd35e757aff5c1bedcf,0
0xcbdf6b960483d259687a6f08b7a3a8c68de66606,0
0x24eb72c70c1eb8ffa970c0ab4b55ef762e0b5c30,0
0x5faeaab53e497d3587717387ea1eba7277ad619c,0
0xfc0d55846efe50728a96141f54235789c1689b52,0
0xa5582488fa195d5808a3966850886387576f21cd,0
0x3b6cce79c1d1a9f1db36801b33b791372811ed4c,0
0x3ce0eb864f81d41e6dfe0b3af28f2de95f83ff90,0
0x36aeae506d761b63196117fb3be190a9828c3f6c,0
0x43943c67a5fa2db100089de5cf4c2c87818803d0,0
0x540165595538f3f04761a7618b0a22719702fe09,0
0x1a1a59f2e8506689b86055d87af8a15fd0ac5e94,0
0x0a6618ae42842e0ff298aaf5d6a44a38622e248f,0
0x8e889201abfb5a10e95237d84f0e6fd31db4b4a2,0
0x7d1b7171d1192c75ab799aa801d6f645004d8421,0
0x5fba88559b080c5550f02958f0322cd25cf10d01,0
0xd4e8c56be26f2493f232b0c3a9ae633b6461a186,0
0x80e2ba24dc35926af5743479f44edd92550f5213,0
0xcec1cb35f49a4b221b6d16859b26de463e30ec6d,0
0xfa2a295139849619163aada13babee36c9f50050,0
0x5584b95307fc443406badb0fdb4af68609c5b7b0,0
0xfb6b3d1aa42f5ffc409eb061989eba08e4a63c35,0
0xb408fe3dfd1286d0156413702f0e63451cc9afc1,0
0xe87d4a10a010e60c882dacb96b838a88664421f3,0
0xc0c3284491b1226aa41302b19a009c68858e6fd4,0
0x5f98fc0b731934aaee59694c0113b68b7acacb53,0
0x1e4c2efcf30ed2deb6940be78903c6643764d8e9,0
0x7b292250a205b10d5c6a6ca1e5f94b020b979481,0
0xf1c1fa3b5c995de87197ea399da19bef19c2ef3c,0
0xcaa34f79d6474cfc6343daf2f42bc1beb7116248,0
0xa1711c601b67635426e6771ea53e86d615791f3f,0
0xabd914f8bec36bfea09c820f7c19567dec17ff93,0
0xf0ed5f01b0428c0274700c25fbafed49fcd6c7e5,0
0x64fe1f9761a9ed3b06b64ed55307a5431af473bb,0
0xf42e27188f75ceb96d4db80c8cff562f14c1d2da,0
0x41f48aa14a6a2463382ce9df4c895e7fa1ccb347,0
0x7d3fcf80cafdc5863bdafd3adada7e6a7c4b7908,0
0x1af4862fa6afcea2a489741e3c54e29b0f07b4ac,0
0x7d17343f4a13a0e66add3961c17e81640ddf0c8a,0
0xef44872743dacdde6508f3f39a5db8f867f743e5,0
0xf62d1f06d35146a584eb71ec3adb1fcedf287250,0
0xaa644e96e3f083eae2033391663e758389f384e4,0
0x2361104bc9b896ccbbe6a4a61be5a88d4eec4022,0
0xde6fe7365a646345ee846acbc0fd8797581e1732,0
0xce455b2ed19aa38254ce9172e56a4de300b68961,0
0x599ab1f357489ca5cfb59a7621aa177c956c39d6,0
0x44bfd98e354358206c0c89a5586b10d01a362c9f,0
0x87d4be5629dbd206713aee3f4c81eaf90251e3b3,0
0x671ce9e99b0f1320712accf51b1ffa37634704a2,0
0xbbaece478f8cc720c74e8e34b8a38088d80ee5fe,0
0x94fcedb35b7ecb07c7cfb096f9fef4041ca48bbd,0
0xdc187b1a97ac8c83dd381cc58f3e350923c19aab,0
0xc557df91c86a255bdbb4d12c11b158a5a048f756,0
0xc2b08608990ab7b67c28e4761a7368a2f921029d,0
0xf8f606593fe9b3726728dd8b76fecc4c9a5117ea,0
0xea1aac71ccfc4081e4e5b9be02b0c7fea86f4d5b,0
0xaf567fdeab1d45c213dd73be4ce57e3e228f5426,0
0xf09a6100edc023833146b37da2c74a71c051528f,0
0xf93793ddd283459d145cf8647286dbe9155157e5,0
0xacb3664d60b4b2200e8dce0e2a0c61d12f054c84,0
0x5a543295f9fb1faa98f1b83405f6f3b3c74cc4d9,0
0xb9041621df28d5f63cc197af09254d6041621e7a,0
0x327857b35f741125bffec2db76fd98d23b6a6fc7,0
0xdec7e68e0b0de5e336850c53d17bc5f3c37ae037,0
0x72e7445cc61757caeba7cde5a7855bd2bb64651f,0
0x2c776524dbcb7560a59c458605da80f92feb70cf,0
0x59723e18b63709831149cdd230416a0ed9462be8,0
0x88720a36748b3640b00f126265a6229c9a9fb7b9,0
0x28b0bf9f544fc51a40120d43d40bae82a71dce19,0
0xfedaaa455968ab475b01430982c8d2b295ebd2d0,0
0x614b4044b00c95a0eb386f555256b7d1d9921a44,0
0x41e3a34b5ed1bcfae0c08a17be94d12511690e8c,0
0x8853af04d1a2312c8f25e394b6144fad69e35dc6,0
0x0ea1347a2d5ecf5311014fe8f658e52a249e43b4,0
0x7c3d648d9297a6518bcdb0285a780b2cd530caab,0
0x87bab38d11941dea31bc9f7cb1efe5a6baeb4f96,0
0x25dab27d9ff4f9e69bd7ba72b7992aceef8bcab0,0
0x3a97e91e19766057bc4202a6d65cbc507c9edf17,0
0xdc0757c5bdf50c2a12cb197cdd4ec6ed0afd3b25,0
0x4dc464eb6e00d8ab039f09bd37f41d4822a71ce8,0
0x700312ff48ef0f828b4e8e8b0fa0aabbf496f079,0
0xd9021cfa52a5532bd7a9185007d21fca61102e24,0
0xa2b9a30f0e0e9601f87120de467e81274e3f2f8a,0
0xcda8373eaf6e30127aa8af35d7448195e413e9dd,0
0xc177b632c9e8c55c5e20dbbcb27dae05194bb0c8,0
0x55cd649faf018c8c2712ff9beef7af75b3e90fbb,0
0x1d2008c89b2af66eb7068018f5613791751fe7b7,0
0xb31d916c93e403755c6baae3b7895a7624994140,0
0xf4439527d0e26d00ab1e737fa4e564287a900f9d,0
0xde008c2c29c0ad83b8ad715dea43940c60945918,0
0xbfd2e1475381c0e75f7f0cded79f15a5ddd918f7,0
0x5a332db84baa4d8960b13133b11c91a7e129af4c,0
0x14508ea20c72945011fda670626c4768b5eb5a21,0
0xffb83ca2c21e9d1b3fcea23fa12f4affef8b2411,0
0xab4338d94134ce48d05f7375e0e5fb392a9598ef,0
0xa4e94a2c091e8e74094aa7e31cb72a1a25beb8c9,0
0xf7c9ef3a2c5e30f4414acea6ef384907e65992a1,0
0xccd48cfaafb3a30664591706c0a422201621a4eb,0
0x6a657324a657cbbf962e2d42b138ed324409c340,0
0x1bde634568347ec7eebb60eb9689192f71eeea67,0
0xafebf090b3cee23ed02380c419f96fec46dc3017,0
0xb4b9d453fe247eddc369f818565ab02442c44bfd,0
0x82c4535369a2c6308500b1525d472e5ba64a975e,0
0x9e10a0593decbaa39c5b1e0a51848f476f21089d,0
0xd0024389fa1ccacba97283c2b598abe0a028a03f,0
0xf2bcb75dfffb14b9e15be6e7a6a1e4802b742574,0
0x745a6d7dac27df469cca7a3d726882f6e239c366,0
0xfe3f80809f12e43359515090267461c067667900,0
0x2e3795f7cf848ff0bc904b48157069cd6d4347e4,0
0x143ea5d837685ee5fbfa895fe0586aad28decdb4,0
0x16ec59c0b2d3f267d63b2d3fab7b1d65dfb53a40,0
0xa58d61419240525f634c9ce0e50b5c825d863657,0
0xb8fba65eb6d984f988afae47cbd39ccfd115da62,0
0x13db112dcf3af2edeb743e4109c18b3c886c333c,0
0x5e54303c4c2b0c60aeb29c879cdf491efea9d4e1,0
0xf5384ec479b1ee200ad75a8c41e80475f9513891,0
0x719bab45b44826843fbe938e29aaeecd6d3592a4,0
0xccf588a306a26a66693a9aea4070292e99af995c,0
0xe7edfa83ab9454976143945de1df831f8982b7a7,0
0x577eed5216bae252270ce1d9aad9859758174164,0
0x6c3080dfab8f25b57080e42cbbe3d5833c40695b,0
0x1cfa8a1db2b4a33e5ed7defa833a7701328f84eb,0
0xd69d53376034b02f4b7274ed16f1282e18a989b6,0
0xeb5bc7b628ab9bca13b56865e3d3cdcca4ea62e6,0
0x89b91da2a674af223610ff700a23c08847c6c787,0
0x8e881b1023ff647d679e82ba76c8220ebd8ae8f7,0
0xb12c727f26734e9a4dd487b24a2480f1cef41ffc,0
0x6756c7aaf9dfa01fc7413677dae22eab0027b065,0
0x0fb5ce66c136719dc09bea84c684d5d52de1be83,0
0x225851115ea1e4f676ff77f4ef61ef511c9a0c7f,0
0xa2cc993e0c76f41014ab588f4f20f61939c2b221,0
0x6b7043c9353d1b07821e6909d1ad4ea8df299562,0
0xc475f867b5176b54869254eea8ef41637fe3f7f0,0
0x818cb12bea4005d931ce7009444cbc0ad25cd735,0
0x8f8423f3420e1e8e7ca387b9316274972e9e031e,0
0x7315672153ded8b2d1ab03b1ffd7bafecc794f0e,0
0xed66b662c0c42f636d4adc6f16d7b19976f781fc,0
0x5fd2af7a993ef13e442ad0ab58607ce8091c81d2,0
0x4d27a168f8caa63fc29b6af5c8c382901c344225,0
0x183efc29857a4ea7d12b672e5b1667499c74c19b,0
0x5377c3e90dfeddb24c3139b654d4a18b44b6ea64,0
0x7f9909df01ab59e136392470a497a20892c12733,0
0x402ad23c588ae113be3fd40c020801055760384d,0
0x3a99588ba563c4c05edd6dce077e0309421ad6b5,0
0xe27006a6d9bc0298e458edb8dc401749329a5f84,0
0xce5e31d275e4a971ed85bb4fc777d92cbce19538,0
0x6f661d851f26bbf93299e2ed9fcb897d55fe472a,0
0x11cfe4163d03144ebb10f105f2b4e5782352b8b0,0
0x5172d5ab1dead019cb13d1d05879b652af33720a,0
0x98f731919d890f1f7cb9978907d83dd5bb3515f9,0
0xfea83c2218d8481bb782240dfa887217439a9204,0
0xc6c5522009f96188d5743181f3812eb52cd540d7,0
0xd5a6157c891e54f7e8d74fc558ba3031974d5a20,0
0xc233b49e0a3ca74131f9ab3740bacc040e6d8b1c,0
0x6c176b73741ee3288c4490ee1f1f0e5cb0521f2b,0
0xa8904f1e2524436c3451b0e8d184c66b617c6407,0
0x9822c23adefdc7ec1f48de4cacc94370bb8f7b55,0
0xad70f3889af58fdcd8317d256933a57e2a2d3dc6,0
0x365ad421d54acd8e66ec381d614fb77dd15cd9c8,0
0x9ad4b1bb707a581b33c378cb1156efca4bbd661c,0
0x0e683783c76244598612b6eec281895f71363b38,0
0x518b4a4998e002b06e7c0631dc0186f8a59a63b9,0
0x0652ee6ba2906d28edf7e9314aca5498c5135ae5,0
0x31d8ada37fbbbf865ac4f09f67f02c979dd26e0c,0
0xebfd96f0ee14b82212d8517382fe3edfb22f8dbb,0
0xa8e4f00dda39ed6edbccf3ed71e82052ca41adc8,0
0xa98dfd490b29aaf78141c4506d3526b2db9dd4b4,0
0xd448621c5904900f9140cb0bb3e1a227a72e4d75,0
0xea01aea22ebd5ad194d6424e558139289ac60b93,0
0x94117e2b732735e606f54bf048e4783f04b78336,0
0x3574b973a880d7e4e8a36531c23aa8f66b8f886f,0
0x8161845aff5ae5aa0a4cd80fc91f972d820558f8,0
0xdb0ef207c6eb32f3a629f5ad4cbfe058e1005d9e,0
0x1cbd52eef06b5c61a013b28ec49765c5972bfede,0
0xda3af2ded6bd2b272c9c1bc094aa962d8eff2519,0
0x22aaeae5a6adec1e1bf345694c116a8e53679a70,0
0x4b835251b368b4bfc774530bb0a587402e16dcf9,0
0x4d241a86ab3aeebf5868d0c01a2c471139470288,0
0x916bde736e5d0d028a749b601384ca649e5a5e75,0
0x29504e33da834f21dca3be490bbc306e561a106d,0
0x9511ef0bd173d0747086ade8dbc1142f6506bee3,0
0x3a3fa5f99b9d45d15434fb0e765ed11c82eb2d1c,0
0x39914d2fcf7358d3b78d40bde81689f29d083e81,0
0x093a7c6b25c0979433f7890bdd4a236ba1f1ab74,0
0x0edd040301ce9e3b82e35b1547995bf05d40a62f,0
0x138a71fc0cf9f3fbab9857e55b650391004f6a04,0
0x9d2475322a4465f3e50b4385fa7f45cbe905e0e4,0
0x97629e898685b92f6966d95c8e12278daddfe3c3,0
0xb5d89f166b4feb2abb3c3fe53ab1902d6778991f,0
0xd37d3c825288d8a702a7d5756f77bbeaa0554d28,0
0xec6032ec5047b4733430c59cb739934aeb046f18,0
0xa7d928698512e899d5e38737187c89420f9a755e,0
0x1c6e8798e72afc9efc46a459ba4b04964bbb43a8,0
0x328f5da75219936db3f08621b887c476b928c671,0
0xc0fb08df7dbecca972130a8df4a439d40e97f05f,0
0xe25e1faa6eb1d46900f21d5d1df1f3458dc8d97e,0
0x9f7fa10e5429e3abe2cef16e5e6e81929e69fa09,0
0x62572fa3209e534662405cd9b3e7c22e43ccda69,0
0x2b0ad0a6dedbf1e0ae0edc772ba0204a99cbf210,0
0x4dbde7090ea4430682aadca22a1cfe740a846689,0
0xfbb269a9f082208cac87b3906137a961453d9856,0
0x80147e9e83b166ddce089b51c6ee15954f9ff8c8,0
0x3128ed68d51c3cb6792ca65b09ab5b5f206b69b2,0
0xea29b4a1c32dfbd579c828191263ab0c03c3c84c,0
0x5d5de1cbe7d3cde468c07f376b4e4a7dfc0d69b6,0
0xd2c540711375a09870a88ede91722ab1a89f3f17,0
0x48a11aa3617939d65be2cd3b0c04013a2bd9b8bd,0
0xc64a99b2bb3be59bad2616b14e723b4f6753f68e,0
0xff23decec4713ad2b55ca14cff1c67ba0e637567,0
0x62a863afe713dfe2b07bd2343381075b20de0876,0
0xaae6c533baa7ba6a88e5c2d57c7e3fcc5dcab20e,0
0x89a85c8c421297b35a7cca6412eaefdaa81b4ee9,0
0x965bebf29f4175cae8eeec1815b487f676609c89,0
0x36220740fd0a3f7a3664b671dd9e5901bf771e5c,0
0x2f7f985b9d36d6ed67727d80be233f69c5272bc0,0
0x5a55d662567b36c42b8382331a79137ad673b70c,0
0x0ec149abee23ca342b38b6fed7c97a530dc4eb19,0
0x88a9dc35fbef915669f32ff4e1bff045cbe99a1f,0
0x279e0dbb7b89e56a7b15cd81a927b5e56d09f614,0
0xed42bcd1aa64b2fd3f317c7c01a368ab8ebf2935,0
0xd88d6c0ba58796db69b1508622f4a8c0b0a48b90,0
0xf703420c60cd68f40b747d7ae074151399b7afc7,0
0xb57b64a775234e29b8aabc094a8df5a25ffa2d89,0
0xd94df9b06f8a8f922f39d6549d08543691a42a5f,0
0xab4306703183f38f5dec2425570be84c5be15b06,0
0x619ad9fe4dc542d2806c1ecb2a89762339644500,0
0x768b5c29d5a94040c51d062b8795e9126c0c9dcd,0
0x250a36892e71f430d85b217893130f8f4df56aaf,0
0xdc57c80d784c3f08f153bdd1cb6e01140096cc24,0
0xbc3f3bcb78d03e24bd1722bafb8753ed0a1f481a,0
0x425cf5928cccff4ef528062c59601bbd38639517,0
0x1b47f2d676de41ab9b0bf46945f99c197c52b8e3,0
0xd46069caa6eff3b945c266fbde33bec190760bd4,0
0x393df55b632386505aa27605d3df6bcf033ae25d,0
0x310be836b69465f2c41a55b0fd88f3a6e7141ee8,0
0x7ef50ef6b09909d7f18a9c3d2674d0e43848d5aa,0
0x61e19a325c6d2f49a8c55fffee17975ec27d161b,0
0x2976d0ff49825c1042b556d8568cbf7b3bc89e96,0
0xb86f8711c809f4de04794944815cbe8e9528c55d,0
0xa3ae2ad9ce42310c4af972f34067e6c04a6d5e5c,0
0x917b08ae02845d9c516f17fad8c27e04d5e1e6c5,0
0x16cf989366fb150b218b5080beb3947a4321dcd2,0
0xea961ff9f50d7f33a4ec1c377dfa7c029efe70e2,0
0x9309c6f7eea3333bbe69e90fe56353702216d028,0
0x160dd738261aab6fb74bd5ec9234394d020a5097,0
0xd40ac47c1f0e0c7e5dde1fdc03fcfc0c3d1f95a0,0
0xd8713ff50ad5f5a19a66598b6c684a95a7abc444,0
0x753ff0b933b772ccc3caca96279c027d13b1f234,0
0xda79ca79c134305b9602b5a208fafd34af62e7d5,0
0x2a7a60b7efe8c140da8a072649174a4e48b9bc1d,0
0x679af08415a702bda1fe519744e18131d289b5a0,0
0x93a96aff512ae30786db160088cb827f535510d2,0
0x68c4428509a23c6e326396b4d767fd37c47a36cc,0
0xf7e5abdda5582c608520d4526c32b9728d3b47bb,0
0xd6554ba3e04a0834f831458d73ca67f3e170947d,0
0x9f422b81a55134388db033f139d87b5c90871449,0
0xef5f34cb89c2126648b74eb3343b0900a6132b50,0
0x31be42737bc7ae072ebfbaf85699e64fe5119f4c,0
0x13016d37e8446c923e0e0e853a50044e9e71b636,0
0xd652396877debe1b23a096209bbf35d91070f646,0
0x3816613bae469086fcea7d76a8c32c3213e6e273,0
0x1f68805fc2794081d2af82f238ec14f1f0d8e8f5,0
0x82627b3ffb5e52683de817cd88c376c4cacd8210,0
0x66cafa1a73285ef7ba24f08535cd72641abf754c,0
0x8985eb85b23c456f6b64e0ff85973374985c82b2,0
0xec58635c174aef951b27ef6bd28fc0afa014de56,0
0x78a0d08398870514c0574adfa6cd868c180a0575,0
0xcd8fc87fe84d258d1e3004789374af23302277e5,0
0x2da4661d1bf03e7253cc53b5367ef54ff5b4fe02,0
0xad350a02175e31afe3be20a675d01c455ae7b69c,0
0x1ac47dfcbaedb1358d9331a44fe19db89aea6ad8,0
0x12b1fca58b8093d466cce4759e8c9e0dc992986a,0
0xaaf0eff5e394c6fd2fd67f77e990a3ba08a67d88,0
0x2bdeeaafef1bcb57db1adebf9acf8bea151e4f68,0
0x66709ff137fb58902c8b282970d62b2794906c91,0
0x10fd639f6c9d1dc43ff47c84e9c0c685011877c4,0
0xa6318286ce0d027e117a3bf30050b33dd39eb057,0
0x2893fdb0c696b6ce2d6ec2735b1167b0ee224c6a,0
0x2a4cd5a3843ba99919bbe9d347eb7bf2856a42fc,0
0xe51f4059b199df8df22e749b1450b2e1f7351a4d,0
0x8e537a9fe04e588319821acae7c0b3f522e6a1c9,0
0x7bdff02df66248b472daf0d867ce0a295a5b2468,0
0x8ccaacdfb2abeb57a6ddce52fad500e237f4e7c8,0
0x194ff1757f044a824ea3ae32615e51080346fad8,0
0xeb46a9b569d4a08bd211aba2113f31e50e748941,0
0x349527f05cae0da9bb4004e19f7076c7fb8e1a88,0
0x8c6b2f6587d83c23d19fed53b37f9aa83979df23,0
0x538fb269b9eddec2db61207f9da3a444aa5d8c82,0
0x8d286a34bcdeb2209885f24e4024b28eb3fe4cf8,0
0x6f0d7fd8e76b00b6a647585a360dd8960dc03813,0
0x8b9dabb09e263f25b2c12efd15ea6d43078b98a2,0
0x8e5b425bdd13f3cd861d2dc2a303c4be3f44a5ff,0
0xebaf2999459f2967274de6f23cc8106e8511484c,0
0x64dfa49ca674d1c782b123fe5c15eacaca168827,0
0x1e15833be23afb8f92a04de3bdf2a537af5b0908,0
0xf3068810f96e389459e5da1bb127bf1a8f95c1de,0
0x2083e8f5d7fbd9f75f4ca333e1d58791ee194692,0
0x057f10226a31e13970484bf1f1d8d3f2c4d02797,0
0x7af98f1d3527b3632cd10eb98c46fa5a8334b5e1,0
0x501a94d71f99633c12636d14e13bc88246909478,0
0x77ea727d6a6162ddd3e3dc9496d2345441c10ab7,0
0xf7fa9f3a96da2ecfeaa11d5798953aab005e6734,0
0x5843cdd8821c959c16c2861b6c1f02fd95b06174,0
0xa6197a0febb4e1a85e9373bb004a28e4356299d5,0
0x0f0b6200d22fcfbba0f07d94dc261d97b6052021,0
0x4672a8ae96d85fc424e62ac1c4a3f2dd0ebd79e0,0
0x176319f007e6cd2dbbdcab514bffbdb470656142,0
0x277a44306763f16ac73875ffbb2fa843bbb0a27f,0
0xeeb8f9b840f4a8bb511563a2847c89f76d8ab82d,0
0x7dee37cdf7d4dc4f664b5faa1cec8559ce78d96b,0
0x3a0a0448f9a8d28cff24d6ae01bf24486c4275ba,0
0x744d9636147a28bc7a7164cfac3860798a921db3,0
0x365669a21e658974917fbe447d4b6808a9efe83f,0
0x57d43eaafc83f15a08207eeac0a76f8e2455ba92,0
0xe3de86b0e69a613826dc2bc415349145abcaa3b2,0
0x99e9988f296cc3a2de290af194d82218ba9e9e6a,0
0x47d8aff74951bfc9ea1b03996fd529d13ecfb339,0
0x3000407ebe8bef06a47d9871f47c3589d500fc1f,0
0xb457bb48af35b7f55093ef0020f0135fd856a219,0
0x8fd3554f30c0e30f7a35f4c742201e810d9df6b9,0
0xb175eeff9a514f66fcd73a0117eef7953c337fec,0
0xf8c9f05cdd284136c1ea5527b5cc4e065d188aaf,0
0xb76c4ce65490640ead8c9e9e38d91f6eabd3aeee,0
0xdb52979bcf224c67007e78afc08b301737ad4f16,0
0xd2b4863b6b751593e9adcc74bc8d15e2b8cb07f0,0
0x0924610647154bacc7dffb096d608d61838bacd8,0
0x1b9addf09958a35affd235208830a2ac556026a4,0
0xb5094be42b47feb0ca4da27463aef6aae6fbf8bb,0
0xf742b5f62f518101d414615538e5e0aff00df1a8,0
0x238510ad6d6bd467046d906accf05763b0161b35,0
0xc5daded19903c2aeaf18004ddf7c0515c038b434,0
0xecfb35e507d08d60c8fc026d0e37b2262f1fcaaa,0
0xd17c0c278d19b4bbdb454ebf9f3bcbabb32c24b8,0
0x5368147e86f7168933da13e56bc38cf68d955716,0
0x423677f072f2393d463e1ebe4540c99ba9b2a521,0
0xb0a5b18b1260703264bc2fab3ac805f15ef0100b,0
0xcea0fdf4542c8245d545a4f4ea61d172d9e76b54,0
0xdccf4be14b33c61c9e367cd1b3cf8b123fbd19a9,0
0x61f99ccac72a35af81ddc8d13e89e802fbd8b240,0
0x7e7cb2bd29487b81415abcadf6c0738f13bb0139,0
0x7aa7ee9bdb6dc73dba13798700bdfdd9cea5a273,0
0xadaa44106f51f99c98a3f7ae7d9abd2e2d8493e3,0
0x6a5e5e67c28c13f94b5ead9f1a2157837b37a77a,0
0x2f4f0fa78dd48fe258a360cefafa5148feee7cc9,0
0xb03bef3b91ce62399232ee5c8c2f8f333235b04e,0
0xd80280594e92a359890ecc087b0436c0f0a3de73,0
0x1c503495abb50e3277b2914996519eb5cc1893a3,0
0x95e85dcadbb4b3be7e4ae54984c68bde3d8cb9ae,0
0x9133e2bdf00c31a0edc26a70f4bf4ebf278eb94f,0
0xe7029164169839341c5c79d261001d699a5dfe78,0
0x55edb1042bbc3c1ee001207f453e4be26cce423b,0
0xe807ba19bce6ca1a396604acd685cc8e760d7764,0
0x54f27bbe09a1360ade494a0b747d530c462b32ee,0
0x27bad6b146a6527503a6bdecc7f3bec338b662d8,0
0xc32a642f81fbf284a6053a98883ab777888406f7,0
0xb8c7d7da316e9c2645aa058190ac99d820671bee,0
0x846cfb5c8138d710d60c8630c8e24f6f185cab45,0
0x4ec515f83bc8b24ca257a349ad8b489a0f6d1406,0
0xe9727d93c96d76520a164e9c803aa7cd794646a4,0
0xefb60606ae87c27ceb64f115a2a9e8c6bbd72c07,0
0x71055cfb253671f7b5c3225aae150a00d520a519,0
0xd3c7efe120c5ce9e15d62e2d7d7cd76a2a29ab26,0
0x9730fce370702cca541de58240e049d6fc0a46a4,0
0x1a077127efc3bdafc6d8c70c3ba7adef56de3fcf,0
0xf568aee51b58a011e9792cbb386919a3aa1a56d5,0
0x0aa4715a523ff9615247e3d3f48d3cec93b944d8,0
0x43398393090946ff2ed5648aeb2c9879fdb6252b,0
0x0ecdadae5333691cee35006a8013ab005007f6dc,0
0x7e9732b08c663e0e0f1cf7078d1afc6c97532a56,0
0xcefe199fa081498e1978a8c41481e0ff58cf7715,0
0x01c820823aec9a2c054c9c6c9b7d0cf093f23a73,0
0xfed36d257e3b2d91ed8a837616825fae1db83c4d,0
0xf19a3ed2ee8bfce3e3e3a84b3265a4f59ff611e7,0
0x213710b1c5627c7b394343f6111bd1154a8059bf,0
0xe8c2cec74b53fafe5bb168532cc3a8eeb871e7e6,0
0x45cf120ed90549cdbf753091d95d557f39204274,0
0x68ea0d5e50598cec5fcb1980577a5ce20580b290,0
0x446af51fd4ed5bad29a9a67866c49327eca8d971,0
0x660d0861cae92f5ac88b14a9c8063853fcfb4c82,0
0xc812a73beeecbeb9b27c290d0fed81117c47f215,0
0x366e4852947eae7e510ef7863dc55c11b55bbaaa,0
0x1412f283637a4bb5bd88bf2cb23b98b54cc1d9a1,0
0x83f406516950c54367277778a4269935916977e8,0
0xf2285b93a26567b1fd4d25920a9df0ca87fdda0c,0
0x30ef3dcea2c8d3bf46309a3f3066ee8240ad302a,0
0x7537fe9658d91e2b485ecd59a877709353eeb9b6,0
0xe94ea79673762662c2f141feb457a8dd7e0126da,0
0x99a475ab7a0f176232e9a17fac2330bf4337aaba,0
0x09964c6e1d8fa9dcfccb5206ca22e08ba3c4d2c4,0
0x5a4306aa2f81c81c09273742b68bda97a1a657d8,0
0x8a7f8936745106cfe2f3b54a83cb44aaba991f28,0
0xe9a3d9931a3ba8028e971bae22240c2fbaca2cd3,0
0xa0f40846ac36e3dd6ba2e1ff9f72184afc11f26c,0
0x8304a46c9892628116e96da43d314105331deb40,0
0xaa07fcabd0a0e040242d8d25178c1a7a105cd9c7,0
0x6293c9a39eda891c1e52098b6224c092384aeeaf,0
0x537ff174687f57799f12ac06b04dbe635705b3b4,0
0x52ce73937c6af60d452233715f088a7e4cc25a83,0
0x13ca7ac05fa79d4e392a6feddf8c85379df914c1,0
0x746dbcfe14820ec1416c97d0473099155b59d699,0
0xc752741340fed3f6ba0063a81574540461d63a18,0
0x28f336c2b746a54926e9d1fee50835978d839b26,0
0x5c1b5849447ce40983de98a67efc05f9c027b0d7,0
0x619d934a3bd93b79284403d38046711c2b4fe3c3,0
0x7076ec6859de4b0098494ea0020b59575f7b6415,0
0x934f4d2c1d9906f7280cb94f16ab48cd59dc3696,0
0x230c0a1a549064e2f537b3f29417dd7d57da4ded,0
0x95f96810e8dae45725c7dd3648b1617f3a5d5042,0
0xfd77031611e1aa0f8d25ace8a0d6059d7263c6ac,0
0x344d17e96f9f4d4ed9990648308929bf9ccc27ed,0
0xf41396b5b7d69ffac4875f3155b9e28da964f013,0
0x5fe37113f51615151258486f10aba7df593fc6a2,0
0xe2555a8134722ff1303caa7b171a0a5a1a385218,0
0x3c294d3c8eebb319e76af16053bd257d095d4203,0
0x491997abbc23c284d74e600898de99340af5c9d0,0
0x7bb9132f1888b4c6572cea49b07092e3c861a473,0
0x57b95df0e120bd47f9eabd0d9fdc53b9685bdd3e,0
0xeeb3ed41857d5f6e5d57bc54fd014a2c95c9b556,0
0x986f80fca063dc44bf50e0afe001954634973854,0
0x5c4abeba9126e3b7231cd9c14eaee542540c6281,0
0x8b629b03662074b12b37ecf94c95eebe8998a3a4,0
0x562d296fa7a22c0ec33ccab315e1c4ebcfe4a82c,0
0xe995ae2d6f0f04e8b55bacbe995d7f17cf5e789c,0
0xa6c0c86491e3b91b92b842dee0130f8c47836526,0
0x72e419c76321cec0b21dbb45e420cca95ad3f8e0,0
0x291cd55992fe3b0932b5265ebd32abbea1709874,0
0x05105ea54669e6ff8833457e23d55601f9c47319,0
0xd15581b9b0534d845d50a234bc575e1c6181f372,0
0x0993e23b7deb4ccf04c29b5ab6fd63d64512f23a,0
0x66413b7133123a2d43e0e6b0999271e2491144bb,0
0x7c7d60f3f2171adfeddab0c899079f8eec0c0619,0
0xcd0fed1cdb334ad25e0fe872302f72a78efac95d,0
0xfdf5f05ed0121547c3b9386524dc9c9a5469ce13,0
0x0594c50841970b09d997dca4289e4995eea06b2a,0
0x5934d46a2559d510db9fe627f9ace6ffdbb68fcf,0
0x79ab73896064ea8de7a93655f4b33c911c6d31cb,0
0x8cda51d0c095ddf4105f36a094a4421beeb48505,0
0xfff069026ffcfac770a61bf8c8a391a8ff731394,0
0xcc479bd7bc8243e107e1a707ed0615e66e0ca4e2,0
0xce61141e1cf32907d4e83b74049dda12d06f5d77,0
0x9bb730bed08e2147420f540482b98e1259d302e1,0
0x2257060261adb9af91dd66f6e5cade923c00f952,0
0xba71d223bb807049ee090f431153ea570e5d00c4,0
0x4cd2b72a31453bed146a48187adef547eea787f8,0
0x61d9be10e257c23d4524c342d762c04b3d45460c,0
0x70018ad703f016f0a27a94024cecd455a60cc33d,0
0x41204a3ffc0e805fe1a8fc595aea25b35e88e5aa,0
0xf5fef73db4e5f94d370d479bb4566f6f8b492f21,0
0xcb3b8dd8f76832d771bf35214b43ab7d575c3d32,0
0x8453707d56737f5bbcff62b91a71d20e040ca368,0
0x7f30a3bdba6144151f696eb9ec6de25ddd674e9a,0
0xc1f22d3067a07a8bef22a8b1a1c21b39c82499eb,0
0x552f4080fccf4cb4841ad29d829e7e96e33549b7,0
0x1153b2f63705e2ca6cdc2fee6fc02c4b277c650a,0
0x8d05730d410828653eac9f1365b3c074c2c21f81,0
0xdca35835e275096c49a60365a3af8d04efa06c5e,0
0xdefe18bc5b9c8939e534b7083701542862cdc1a2,0
0x1aba5b4cf4b66351b5d4d4ece81b3810f6940099,0
0x470479f03e42e6c5745c7d20d7e2b5ffe0431add,0
0x6df952a3c09738ae005d502a9cc4020202fd79b6,0
0x737a6f99017f652437129298b74bfb35e9c3dcba,0
0xb4be908f42eda0cecc4f1515898f4f7df9c0bf06,0
0x3b7fea191953d8dac1b86fd98004aee1bfa6d7cf,0
0xf3d041f8703b42b0252ae46f41a5e1c825ec5e6b,0
0xbf1346b7b693be569d21528cc2967000318833c0,0
0xdc335dbc25b32cdfde8e7a23f5a25bf8a6376334,0
0x860bd89292669fa7a3fa39dc6f993e2e8883578a,0
0xeb46a779066843e4c3303debc81c178ffc4ba979,0
0x7a254d29f6c1803e9beda81e014c75fc537393f4,0
0x12ed80ef3c04edc500be68b0db363b45fc17b88a,0
0x130c24f1a0e3696ee395226a8b787770b7c0a7d7,0
0x3a0dfa9c81f56961089642ffaa15178ef6de24db,0
0x0a0b9112a0bc5ffeeaac0d1218115c77ac7f513c,0
0x4083f21528682a987f66e676e9298ea2fd5a37c6,0
0x23d052594c6dc47532132740ed62e58586284430,0
0x854e14dcad27a96ceab4f4fff7a6ad5ce4a51e82,0
0x93e2850fca2b985a1ac073fd7522363c5398c28e,0
0x893072c48dc2fe1f0754d33903a4f3893fe68325,0
0xe9a65ab2f4e5f85773ddf6fa200627bc5e1c5020,0
0xae05bf7dad2d310b71dce06c769053cfb22e6ae7,0
0x6745df4d328ad12a26107ff7eb4a12377cdc3804,0
0x27b378d0cc0c8d676f4550eb5f5bc9ae7f2cd794,0
0x86677709739d1eeaef9b4a821a1df58edb880be8,0
0x010f57a7978814a659d4ef301a5b6a33bd96173e,0
0xb04aa524b358875aecb8b8219dc7300ee4a55dcd,0
0xdbe671d6944e6ac21d72581d2504f64839f495f1,0
0xc53e4dbfe4c6376c6c3ac9e11e0cdd9cb65d7506,0
0xd3d95f2621d383e2a085c264c1baf36fcd56d321,0
0x03086ee28dc1e6d4a1bd59579ef2a723e5c0c72e,0
0x102fbb05b7f338c73b1cb9fed047fb88b9f62e81,0
0x9d71a0b4a3989cd02d253d4e7108c01898182255,0
0xe2fc7a59e9248ee785964c031159a92e858b148b,0
0x6427815832b3f9e1f672dd0fd2a2fe777107bf50,0
0x8e7b933b20d093326b0ac5ef7b671fe56ac9973f,0
0x4d7a1a702da255b2f7e6f8377d1ab8b4ddb769ff,0
0x24c436f934064270886edad13b8e71e138bb6ed7,0
0x827484159456be1f4e1375608594f343a71895d0,0
0xe78a417d2e473b0702170e3c725b9c54e42ad6a4,0
0xd899f34eb946f7ddbac95a153473cf5651860624,0
0xc332da9838cb3e2c8216cee10c0d4dee5e82a395,0
0xd448493df3f0c8b266b463e130060d079cc07d8a,0
0x4ff6045ca955261d4e29d9965067c89a85ad7676,0
0x054d52a83d4c2fa9493f744ae3167a1d9e856ede,0
0x59068c9218b13815f4cf4ace1db26f1c0254580a,0
0xba150348239a2946796bbcfc99f0474404d566d5,0
0xec21d209ec3fdfef257cdfef8316d115e9393ea7,0
0xef80a0634d98047115358cb8dd2977e35923b3f3,0
0x4a3ab0663435535e6c75671cfdc6a872e3280a14,0
0x4dfe96de0fc5e8d7cd12d7da764e788d4d5c575a,0
0x5cecf67391eae78cb32e6d745066b581e3fa84eb,0
0xb1affc128f9e431d28ff2f91bdeba62fd4d14a81,0
0x9129a4dce576b5e5afde5007647ec22fe169d03f,0
0x1d08ee42c18139ee98693d8bbbf4aeb120b6d29f,0
0xded4f56c5ab4a5171bc04ee09c0ed84bc7d5130c,0
0x816661e22531ea3064e2f7c4a78acfef39dd39dd,0
0x573000aa763af65cb93b5d8c0a140e5a6b2d0451,0
0x52418c62467b2e677fde952261be923cf3671533,0
0x8304e171b4e9a262b36a55282a7d2fe39dadc336,0
0xf647a2e06f0b902e727c13a1ed24900e1b48ea60,0
0xba7c22e5e80d81b6bb7b765d2502bed9a04c1685,0
0xbe1a31b0a4655ecf548e64c3c4eeb7bfd8f60df3,0
0xf2cd0a59993ebc706b01ce0b9d41a02fdd21113e,0
0xfd8c562f80fb4cc5c2d5ff4ced4da294a557dbac,0
0x10f3e912646a089cc4787c108469c4b59bf68063,0
0x851c307bde9a51afb52d7912ad397cbad7d178e4,0
0xf07eb6f8875c03bff0f0e642e52d7ae85fdf6011,0
0xe2a8edb2c4b2b1d1078101b1304fdfb44090f39a,0
0x83f10e77e29db2c67db355772ee9f5a94e4bb543,0
0x39e0bb33d2dce0f0aeb49806a190a77e3248c4c9,0
0x14ba9ade5c98b50e3f619f1a7e903fef7577e62b,0
0xd41989a00e77e19e48c88a91d24c42362a2faba3,0
0x112c9649bd044d0e0be1c9753a56215d00b85adb,0
0x96bd1e6e16c7c9300dc8d14bfa02a2a0742f82f2,0
0xaf533444fc31efb8526dc781abcdc60abe2a1125,0
0xfaf1acda64fb33414afc3d21f8583bf65c03400f,0
0xd4e1f20c384435de188887ec2f222de78ff36c9c,0
0x5c764f7eb6d3ed1fecd04a0a38cbebb4914a384b,0
0xd3375f0875812dd493c261b29d6068a8a9a72b64,0
0x52a7409e80bacebcc6c77b13a202068fa4805fcf,0
0x3765c73a571aeaa0dd798cf762e6abfc81bbe7d7,0
0x04e6e7ac684f53240885ff2ce646010ac5190401,0
0x0462dadb721ae659881b492885c6258fc0ccee64,0
0xc101e4ad4aa129dde88f9e1919ce3b80a46f9193,0
0x76daf831d80bdb996824629f01aaf3013505c1b8,0
0x9bcc55e8ba7174bf5c208ebf50c5cc19318d687f,0
0x05d87c7dbfc4e408024703d669ba512238cc53df,0
0x5a049159d2f9a6b6efc41ca0ea478db30db64e17,0
0xc1c2d9c270069aafbd8bc0a615827cd4f07fbe53,0
0x82b51c41347f65d84720af20c74243f7416b7565,0
0x8b3db562372788fce746b34fa1ad539f10e9648d,0
0x003d826bd44fd1bfb930a8d462097b1533c20871,0
0x8934118c87eebfe4b14f2c9d81b5fd2e974b8f67,0
0xdc50c8944c875dd44f44ec7d99fc4ccaef6b6fda,0
0x9b8e0bd04baafbb8c3caa8c57f6748a53b3e9e07,0
0xfdab283f7c07d63f1ad6d21ed6818e9c98c553a7,0
0xd5f0fbf0927341147218c1127057ee5a4442e837,0
0x398b05f7343dc63e9a2e11ecb53e82bd04becc43,0
0xd58bd20dd61fed30029063918930724aa306f36e,0
0x42d63943b0d219f6875e21cdc3b7cb48dd61fb22,0
0xb8e09497025dfda77ccf0b9eb4969964c3cc4672,0
0x23b26b0adc5cbf873687cd8b99d6d9fbeddbf69b,0
0x6b5d4f92b7cef65cd9e5e5543139721c54a8ba27,0
0xc899f0ac096aad2144d5bcdd05216dde8720fd75,0
0x96e5c02bfb7cd3f9887069213fb379b85508e633,0
0xe710fae51c3e3fdbdb358d4695835c46ab7ffde1,0
0x8e546b769a44317712c780128a28f158b4e9c8b7,0
0x59c627cb8ff3763f30f8d49d34df17b71826b187,0
0x8ecc843aa85558343131cb2025f6168228f45778,0
0x3fe5073dc650a201dff0348ed00f47e5378e6f8d,0
0x9351e7db95e9f4462c67119c8d9516cc69604a4e,0
0x30d79c5e87c0a0ddcb4fb6354a7cb48bedd6d85c,0
0x6ca61ecf3db0a0d9a33cdc247ba4da77f9519460,0
0xbb0681cc36c8111d4b9c2dd140ba866c6a1b89b2,0
0x0554b7d28d6dcbe81879f0c0e84e92e5731207af,0
0xae2902ee8882ea1279acb9c4a9ea9f1438a7a83a,0
0x90935ed2ee0021ef4bd0be62b79b550cbc774da2,0
0x9651ee606b6d501bccecfbe1d643b537853da523,0
0x77f66883f295f6894900938d22b4d8a30eac901e,0
0x61f34d00d13eb8596f72a3ad3a70154a99f37de9,0
0xeb4d4193a6f3625e7510e724b02ac2a1c86d2fb3,0
0x6c1473d59d9ba2f9a6b651341378050a178e8f34,0
0x627a22b86f284b7faa0e000d18a7fd53450c9cdf,0
0xd703b00e28747b59e235a05b9338032e051c3a08,0
0xc108d5df844c5de563325c8654fa9ceebfa0ca90,0
0x91ce7b30d701c48e26da7074e0d543522d5a0876,0
0x276e0ea42dff750634001cd6f6abfb8f224e603d,0
0x04a63ba0fc217254856b39f0c87882b33a262974,0
0x10eb24f725d56671e875962d3e71e4eb0f333a72,0
0x64544430b816bd0408302e3c34bfcf672b629cdc,0
0xa3a9a33ff3519557f042fd1b024ee5ea8810228d,0
0x2d2c24b1ff5b4434f0f7902dc10c880e7e3384d7,0
0xb4298b49f61a219ea871d2cb971d4e4f37c4a4e9,0
0x3729a79ec64d8b8f836b5e89bbaafc33f173e834,0
0x39c2f623d4693b7395549acba65a7ed15843f614,0
0xd605ca5b6e2b76eb99a360db10abe40cab6ee5d2,0
0x9733a142fcbd35d1b0d350f55e224916ca2cea72,0
0x7d7147d645474fe5749a4877c6912bdc774c3871,0
0xec4121c8cde0858d6c982fc35d6bda1d24494452,0
0x52a4ab722a0042687765e88cbcd3b0acc57a9dd1,0
0x49af6e09cd1243a25437ee5afc068eee308682e7,0
0xc8db34425aec86a3e22725c98db8d418bc06df9e,0
0xc274ede8f63390a0113478c923b2d5c8ee2b8650,0
0xe76989d5ff454e38eb01457d39131d23fd665d0f,0
0xb75ca5e05814e5e2327de07e5dac9c85d2037b83,0
0x54c18e6cdf2705709448a8177bc4684522186795,0
0x0462173bb90f0648c41a26b2660882de77b3a59b,0
0x1f548696cf39e22f8e6f46840ddd529e68cecdc5,0
0x5c9e70614757e9827261a35a5cbb1866fd14371d,0
0xeef0597121f6b3da0832b1563bb77b66b374e59d,0
0xd4a30bb1992e2b6d14c59d1133e032453bf00574,0
0x85268122e91bf29122348b521676ac8442643306,0
0x85064e08449b4def6a97dfbab61a330e95747b27,0
0xa38f3d7f39875b45ffffd78a1dd373150d368b75,0
0xd683fb9a4e3d2ae497e836dd7461fea29c7e0deb,0
0xa0a79c0902145da44a747c4ab308685104ce5349,0
0x0cc23506eb55cde100b8571b57cee34986be54da,0
0x3de11c556a2409e680636fa82c9ccc727893ad8c,0
0xa07be014aef0f64fa56696e8c70cbca2cffd23d3,0
0xa471ea8edf4eb46758e3560a6096bfc37fd87b58,0
0x901a5a4a961cb7330a203217665c82c47952b22c,0
0x77154004e999aa643bc442ba271856d3fbc45c79,0
0x324ea0b5c66acd37a6541aa52b4daa0f79fa6870,0
0xe2aa44b9229bb9092405eaeab9f3b7996ca629a9,0
0xaf1d4aa8760c05a870b9da1a1938adc24af9286f,0
0x58ddf1a9977f66481f4b67e2c7db2b64e4912bd7,0
0x1dac93a530b181f520f231fa46f75696ed02d857,0
0x85cc90b45de7b073dc2be8a08ac097fa1daac602,0
0x4e86b9440499bf00a9cd3ba2826145a6d9b41580,0
0xb59992761c11ed8ae4af0372a6b0625d4741a6ba,0
0x5aa003b867985e4f05ea9dc826ce78c17ef52b78,0
0xfb4931e318935f6da0b4900bf2ccf4014c4f39dc,0
0x26a03b6240854083a54a8202f84a2261eab8daf9,0
0x3c7561fa13eab6a2cf32161f0ab7317c30656ce2,0
0x546ff0429e6ed7aa2c5f2a90faf57197e3fbbd41,0
0x8caa56e4296170a6cc1920498def5e7f558f2137,0
0x674b88c6be1358c09a29540e9627a6d6d0e4f9de,0
0xb828bbbaa82f7038da5d5f3405101ded75642373,0
0x5164f07bee1bd20c873156d1373dd4f786c21ba5,0
0x371a16dd362189a1b93ab717c20835eb89478e22,0
0xf01c960d5d2dd4c71ff84f61d4a59928eba10a1d,0
0x5daafb99a7b349f78dab5ef475859ccb31f77c10,0
0x8cf1d02fbde4c515addb7410efbf8ad38c529b22,0
0x24a8487eaee55f7d71660882feea8299f4a3423f,0
0xe95209e65b4be77bf96010db2e516748927317d0,0
0xe08bd0d780caecfe7e744068ef6904d82fc01934,0
0x1f5bb20434faa72e31aff241ffea5ecd383cb154,0
0x1110da8a5617c0d3ea9ef40ff2667f0b46b73db0,0
0x32795755fb1ed3d0728215404616814683757446,0
0x4003a2534b497cbcdc3ebf990a3ff9feeaf48d30,0
0xfc25d5102cb171cd7a2e341be4e2e9372fc9a815,0
0x672d31f8da269c8ff955d58e433e3da88f0125e6,0
0xe07d2179f6ac80a24aa1d878df77a50ad6e584a0,0
0x6c95bda8c01f89a0640ed6d0ba9de0ce3955892a,0
0x2e802db2884cd479c2ad81ff3e3b2ad4141be02d,0
0x2362bb35de132c692a13f95ba174b54e18d0bcd3,0
0xf933133a1d052b471c5b7683df19e2c95a1e4837,0
0x4288c062ba871e53df3b00c9f80ee2601288f6d9,0
0xfe18e94c776bcf941317635f271ab3c2506d2ce6,0
0x061a79c8386b10f18cd44ba28deddb7ecb939ebb,0
0xe91e48db04fc54b278a1f362694ec5567e390bd0,0
0x0fe9753717b5f3a505e82a74c7041b850a1eb2d5,0
0x5d6a18c41b01df526daad94f1a7e0b5252cbd713,0
0xca454579686f5f2f3d2a716894397ce159c8a7f0,0
0x7df4bfea760ccc66fd6de71d4849bc40523e2855,0
0x849725435c2c03dfd90d8d414d7b538eb4a84b80,0
0xf3ac3c4c5652525e0bb28d8b15749318b3b6bebf,0
0x633d4d83da67c768261a987327c7479da0af61ed,0
0xf78e6ed58177bc698e899a21a811e36df39fa8a2,0
0x6325544e6204d66a098c88923449f31cb489bddd,0
0xa93cd290dd7bb5cfa0e8a4dec53e4d25f3865026,0
0x2fffbc05ef0e26f7e5e57f2dd1243bfca831c8e4,0
0xc00bd3ba199144319bd7825625a23138eb7b93b6,0
0x1f0614b0431b8cac18968cb0b1422b33d6fbc317,0
0x13dd152200433ce1e1901c1fd33bc96f0eac716d,0
0xf6408e4419c6f915d8ccaf5d5f65d5cd1699894e,0
0xada3f72ac76744e5c5a9562c253e85bf896ff476,0
0x46866afa7791cb88619c706b3965bbe177abfacb,0
0x48fdca0cf817cdd8558b4519ce5fe8945732b405,0
0xffc4daa957c95c2d0d2be6c3b48771db68c50a89,0
0x21f5c5c51e2c77af7a26f9d707bcf6380710d0cc,0
0xa8d522b84131fd5bbc052e771c49f4f4ee35be11,0
0xa889c5276c052f11c3671818206128f7467af044,0
0x7ea56fc339c3851fb9458fcc1b20bb14b43d54a1,0
0xa75431c59fb40f09562980d8a2d87b161a919c86,0
0xe59e17acd16caf2bcc22e2e6d3efaef5eacce946,0
0x487d660e990f4ada7f0fd7aa3fa460679c4ed3b2,0
0x93fada99032b79704814e011b52e427b3729246d,0
0x5ffc80433ca8380ec6fe4fcecaef9aa0275ab1e9,0
0x02ba6451522bf0fc99effe1252a97c2bf283d7b4,0
0x1462d4146342268df04409ea82ec63345ceb701c,0
0xba5b1ac0a46ad4b81759a2046364a7da3100fbdf,0
0xc53f241c89f915efe6cafe3cbef1189355fdf6d9,0
0x4bf8f631c41051deb67c213a3fc4f3e133eebd26,0
0xa7850dbaa1cb0ea9cfb8f4dad2fa05dbb9f096fe,0
0x3cca0abca788eb843656c4fc5912746ee3aeb755,0
0x99bd87d9f83c5cc77ae6b5f7ae266785f0c3b70e,0
0x1ce0cd00ca9f3502a9ce714a96d05774d4d5b299,0
0x8a5a574b210a3151c87ac011bfc157a0c9ff2f9b,0
0x5d56ca57225710a3b6ff30562e5c10b7cc495e44,0
0xf188eb0189576010aa9966d1ecd8d48e56fbb900,0
0x7a7a9c8572721b3333f392f7d85006be08172396,0
0x870eae3b7a99bcba6dfe3b69bdacd5bd22c65e11,0
0x150c9f6bbe939090b3c3d6abf890afd73fa5fe94,0
0xade1fbc030d5eb92289270abd176cadf8bd61016,0
0xd2e72a7d917657f833d62e0661eeab6bf78d6060,0
0x9e3bb9ebace6e011726e658c12b7c2675a95bfaf,0
0x1722642d2fe08061d2f605622afafff60d304c9e,0
0xf1cd173ce3d393d0f966b47d566c9a45b8b4d730,0
0xc3df64752c514a782283f9f9b4bd901f68dbd108,0
0xc51fd0e9d115ca982ce4a975cdc4654b63f20cbd,0
0x1647d56ffc8de4eed4ff4db77f1fe3524c0d6134,0
0x81f0f6f7fee9c089c8c1e0cb369ad2ca28fce09e,0
0x9d8593802bec5c7419e8e174b4eaf5ed1a918fe7,0
0x951ba7d1431c4f550936b9b3ea080bf9e84f800d,0
0xc07d806f00e4651619858b09d824ebf46942aa36,0
0x5391226dcad77bdc51cffc40cfca8527fd067ec8,0
0x293a773d3a3fd505e3255a4ca1c120535e5a3393,0
0x4e842a0266e9c1b46b572dd7cfcb32cdee47a4bb,0
0x9938009044dee4d3c9d220214c1302d905fc33a7,0
0x8b70bceaa80edc5bc5ac0bda95b5e3e334d4135b,0
0x147a0885c0341bccfde47ba9a8bf6d9eca649bad,0
0x733a5ea2373293820d3b6acdf98f1c50bd389414,0
0xe95390ad84ae88b9adff09150af58ca63ac37952,0
0x06432f4a17c653d0a1ec50fc70683110e23121ba,0
0x4c4e700b4089a3210397e827b81d1f5ec24da158,0
0xf8707d592344c927665fcde342b19df06c228ebf,0
0xa508ce03f2fccd2ffe2bf3ab3bf4d00f405907bd,0
0x6c85ea9893bd298198cae8efdb6f9cf4d942f0b8,0
0x535af34892df146c535ca26e0fe794395e9eacf8,0
0x64f9c24492c8bd28a766a5914081102b10f3b367,0
0x034479c0724fa5df20d2bdcaa89ef23f2a94107c,0
0xa427fedba5ea28df88526ef60f0ed494314fd180,0
0x085600b1cd7a9d37122c73f3db089ac2bb892e1f,0
0xd46bffcc8886c9a4b867280d0c8fac707bb8b09d,0
0xfb35e53dd3a60ebd49a2e05e6a08c2362e3ab78d,0
0x528cd390f3fbd36c5b55483e242c3fc4cf6b8728,0
0x87aec4b92d8ce22cefa05ac116c87bea0b5590a3,0
0x8b368c32b142e471ff0bdcaf414cc730520b5d1f,0
0x299025fcbe0de0a92a0224a98e5f67463a836e80,0
0xa86470a7750db51031fd4e6f5f5fac324310cb95,0
0x49cdb5414314fcd4fb8ef3d40fe6dd74b6f10964,0
0x2ddd4b67ac8d7525e948507244b6b9cc38c82075,0
0x310fa64eb129e697165b587677b91a4b51fc27d8,0
0x0a3685e88a42b75d4aa6de0d208b7c5a4093fba2,0
0x52bdb4d6320537766a472d58708f2f487cd518ea,0
0xb3cd85d3d9154fc3981e9cad00731fe8d242a3d9,0
0xaa5f4eed7e92d397ae5ecb736e70a85d29caf2e1,0
0x9394af087a806ef78c0c947d5fd991f49695e984,0
0x0404537b234528f78f85a73000f4e7dfc23ac477,0
0x90763fa20a3ec11c06a5915a85f7cb7892bd3259,0
0xed63b526f85e35cbc751e5f40efaf3b4534e1993,0
0x3f4a70aecd916e2cd8dd083bba5449139181cc2b,0
0xc0ac62813e3caeca659f116b42b11b69501ddace,0
0xd38939c77608cbc519b206b2e6270c1383a956c4,0
0x3e45cfbda92d8af06d4b97ba2426c371ab47bb59,0
0xeeff653c256783f9570b6457ac9b6cc99858eecd,0
0xae0e4d873f7261eba31ecdc7856691f224075946,0
0x5b0ad66d76d44422d50b4ba7df561be0ffce58b0,0
0xcf088d1f15cbc56e90ea64f9b4541163e589f68d,0
0xbdd6a80ad1e21273ed94d5bfed1d9ee0497649e6,0
0x88dd8aa995a5efc61fb6a2755942f55cdb42a2fc,0
0x05002331adb0ed71e280aa1f31361727098199bd,0
0xd224df3fbaac78ce4c0476162819205de20b6292,0
0x987394bbc03188a2b2f152b3340ecbe4994ba0a4,0
0x2de7c2da60c991eb1fb09d54c75211f5fa73ca0e,0
0x63a208c8555902b74af7b6f332fe3c1eb4b61896,0
0x351a36a34595c2297f92c875f8bede80d7332e3a,0
0x9c4055c072632c93af57ebce759b841bd1b58366,0
0x185bb96fab3b06969c9662d789907659a96e838e,0
0x9fbe107c11bc0d9b08023b4a3ff4561767732ec5,0
0x203ce3ae873ba7e0d00d8e0d8fe9f000b3d1c20c,0
0x83bc120c5eeffb5d7461f9d28f07b4f8d49df830,0
0x3d5f3e586ec973b2afefbdf7d3ec890829b9e90b,0
0xf3c3abffaf4b16466d1a422e9e923a7cfecb086b,0
0x17e723277636c04ff56f651a6e4d961ccada7b02,0
0xe16006aee55a610a0a6bdf5b0b65d2349c538f52,0
0x33219275e0c97144d3bfc87a2aa36249121b9c24,0
0x1b280dfba09bd1a747d01ade90e7233118d81ec4,0
0x4200f8c7ddac12d3fd745bd6d4ac098726f489dc,0
0xa7494a8dd2bec24e5436d70025c19467484c9b82,0
0xbcaa6970fc2cb28a6f4696587b5e5ef0037c6153,0
0x617bc820273447d922aa4dfcc3cc287fdd7233c7,0
0x6b87084d4ab95987d9a5857c806dd86e4b2c370c,0
0x6edec8fd472380b8afec8674ad13418e9b9d593f,0
0x3a01db4379d5eff8bd1ca132ef05e83138fc1cbb,0
0x417091adac291fec521fe83eafe035314397ddf8,0
0x1a43ea2eda37a24a0a0db5e2ecb53eb174af7c08,0
0x107e60000f7b500c14fceb81527be19fb05340ae,0
0xb1c03ecb54e9411fad27f4e8b9edbad6cee95720,0
0x984dc9937d52e953e1a0137c024cc2f004938ba9,0
0x45ecf01d89144addd7f730d4f104af263db886a4,0
0xe47c43c72b82dba0205cf81480aa5ab2afca6312,0
0x55a240ee758e231ff20e6c3e60fca8bb9a4098c4,0
0xafd8a63d4d3efa4083c200ccbd7ef9db93107037,0
0x1d7f3f39bc5d0fc03eb2f2c0f2bc1ced2a9eebf8,0
0x1dd4e24e32f7a493fedc6f589160c7f71d528ae0,0
0x5106aee132f820cb5053f11daa7b45d55a3d8e55,0
0x9190d4802e0507015e34df6af572777d00ddd4fd,0
0xc846bf9f5c22646269101af7d65f8994add1f39c,0
0x7ec227fc8a4c190af6e4ed5ecd0374aeeaf770ed,0
0x2e0dc48089d815454f1a5d7dcb930571bb9760e7,0
0x699fb22f7574fce492b9cb209a00dc14cb1a04e0,0
0x18fc1687012f795f13b5fe38e054193ad7e90d76,0
0xe3e8f947a70e7e9f9ebab2c211ca9ae4446d4e2d,0
0x93940480f35748c16fafd36f56245e6674eba5f3,0
0x9473f080fe540eaeef2ce13817aac1467498a523,0
0x7cb47d312162560909d1ea8581f6477ca30c4d1b,0
0x2616b66b84146f0bd03a35d78d13d058fbc8db00,0
0x24e8e116fc35c810b2c7dcff1a208e8fa779038a,0
0x838bafd31bf81221a78af5ca7d2d2d07ec8d66e6,0
0x43fc02a38cf8e4a84e111dff54ab9e6585267f52,0
0x9d02322d448fe308a97a2aa8f88faab235ffa515,0
0x5b6c2ca92c8ce2a3719b395c0beaf77c575f519d,0
0xf7067a783794839a6e69198b43a439b24f2fe2cb,0
0xeb8775821f3ee45d0d615c594be05670b850f521,0
0xe9ed1671c6f39606cd6fd35483d46b82c922605b,0
0x3aaabc2ba67bea36b71599340b5300fcbba1ab9e,0
0x88eea2915a3a746bda56f401a460f17286c76dba,0
0x6a2b3129f60ab6d5fd3b431911303645e6dc1677,0
0x96a7548f3ae4b060c806e798879840a3bdeb736f,0
0x3cc44f8943b384bbb083a6355a4079124e293754,0
0xbd9a734979d0d7f0600a18c614ca2edcd392056e,0
0xbca281fef3a52e649619f9a9fd58384d3724c76e,0
0x5c8aa0d8115c1f0c6f930e636dfaba1c4aeacbd2,0
0x99fe2736ce4dda4b6e5207ce3ecf8a3d319c45ea,0
0x860275cbaad2dc6c29ccaf54da4a19d49433a2c2,0
0x79433224a3f45cdda9ffcce83e0b14887c9a9dd7,0
0x06f59f89401e49eb219401b393ada041b4dca979,0
0x10d413fc04d64b79fa74f0c584aa5318a6f0ed97,0
0xad5074d72b49238d6cb63d4544397f0888735773,0
0x291743fb0d4d30ffc5b50427b0b5916a454f9449,0
0x256d5578924f392bbde9186578ddf108bf8fcc60,0
0xb687edef166d55beea9a2c65d8a49648bc80bc59,0
0x04b65c687eedf855242632b47b524b63c917b49c,0
0x1cf5ce7612392730274b527da1eb415bb2462769,0
0x146a13c14740831b24eb0afd245cd6b369e9bcec,0
0xaf4a562ceac185aa6f1ab3715ffd92f96e00f29a,0
0x4d221679a09ebd7ae517d9c2d969401973df21a9,0
0xd11098efd67f1bc1a68660a8055538e414e67e58,0
0x4967fcd8d6de33695c14babff18dcf579c1f15c9,0
0x43fc32c06f744923191d59fd39c31bc51c7f0491,0
0x9ec369f5ba1736ac589adceafb0e300b48d2453e,0
0x6890a224985a9ed66b5ca5c96612b429a4802651,0
0x3fadcb8984bb2ae88a96d78e498e17e5af2ee50b,0
0x72fb8e0c0401ed2ff28891ae1f9c73b92ddf187f,0
0xeeffc3c02cabae0badc8b8d1bd399292f28af768,0
0x9a3fd534cdf328db8cd4452ea663dfa07643e765,0
0xba596ce3c2b5a48243007c33cd2875058abc7521,0
0x80312b5175f1a4fb6b682fd391b015215beb3b2d,0
0xf6e2d4d644ce0d76aa0834c2da86cd83d2365652,0
0xa342460201c138d7ddd7ca5c1c806aeadd5d5062,0
0x855205994021039b136998ae011ed7a5857ba0ce,0
0x7526a6ca951e73c11e3edb2d1f641ff63f9b0839,0
0x43c06c8b93d8134cf9e4b43135284dc3d6264bcf,0
0x57c62f574f593a7f04545c4b026be018be271865,0
0x27d6c8ad2c2c19a577661b75bf510ca8ccba7684,0
0x4e468dac67f1ea3667550d4cac38fb770873d52e,0
0x93a2ac35997214aeccc17c171aa41ffc8583945a,0
0xf5dd379c3ac6a329799c5410d55df5a136bfb474,0
0x6fdbe80adb91199560c5a889eaede6971b5259ce,0
0x82e1b7ed0713d5151e4467a888e8d40cab1bb136,0
0x565ea89119fbd7796aae0c01eda635f8a57cfa68,0
0x71ea4540b39792764f5cdb067c605bdb673e54d1,0
0x12625cddf4776868ec66fbf96675303ebcb370fc,0
0x2afa380502ded4b46c600388ec3f7efc0bc0d98d,0
0xfaa301d36224f124001747b76266aa4d4295f188,0
0x6abebb716e724b69a19e4371723460bbff36926a,0
0x158ec3390efba9b28748465088a35c48daa7763d,0
0x1b1105360769589a2f0a460e10f2ab775a25144a,0
0x7318eada2afa6f9f8e7eda806e9f52b094bfd5f1,0
0xab3f1c1bc6df36765436665cd382e1d88f3a1e85,0
0xf1ee398de18c6464d8707fcf90cec7e3fa2d6206,0
0x805d148c42af4ecea9a47a97153c822099143874,0
0x17cea991843f9be162004baab028e56732f4e611,0
0x839875b4cd36fe847436c450844e100ec040a26f,0
0x555c4c0d8819a0fb41bdb5434c666da813fb151e,0
0xa146321e86941bd234e685b9bf8f0a34a1072e1e,0
0x03562bd84ef34fd883cd58f8f2026ff32ba2572a,0
0x5221539bea7de4316d752a781f46e6815e30114a,0
0x9ccac8136cdd362b449de617dcd2e74fb462bfb7,0
0x2e3c9a28be85633e6ee35ccd4285c8622f1a6fd3,0
0x8e5e4b5efa7168e86c0ba5e3223ed5f6582211aa,0
0x299363fa26489bef2be1208cba878661dad0796e,0
0xb3fc5e543349c2b119aee8b76b324bed3c5082dc,0
0xebc9ce4c3f52cbee7fb51501a9152ec5d2079bae,0
0xeb1fc790470a1440aca2c7ecde8110d260a1b749,0
0x650a8fa839f1c26815a0403bc483bfcaa7004330,0
0x5002c46fcc93e644a3dc1e86352039c94bb7f561,0
0xe5424f284f7933e7701e2f63cc2d482299a85091,0
0xec8769047109b70902eea893c3bae6cfd77de2b2,0
0xcd43ea9c9920dc4be68f28f28dbe8eae6663c08d,0
0x4bc5f9084491cb7fddf64d591bed77bdcd8f1a48,0
0x9cb8ec4bb9f7c7a708458773ad0f6d6af3e16ccb,0
0xc4188f31b98b9837d3f4c1de99e649f63f6bae3e,0
0x91aaa2d2e6d7e272b8a9a1f7cad916cc59d0177b,0
0x5b4dcb7643dc31108b3fde0398c07a8c132004ab,0
0x8d855feab95467906df9cab3fadcb4cfbf6c6a36,0
0xb2aeaa3766b6e5df4ad686b529145810adefe027,0
0x08f49974bdb910db8a676db87a9e53b56eae1e43,0
0x85e06b34e80da4bb17e1e6b85d1c3a7ce7ea951a,0
0xabc5029ad055abf6e969776a169ac486ed2e59ec,0
0x885b9732d504fc861efce1467d0767d7601001e0,0
0x951846e21785c6c2c0a38731cb087dbd56feb6c8,0
0x90ea77db3c50b3e10868a496fe1049bb89987f50,0
0x84293dc9bdc826004021263670f68c7e61d0487c,0
0xb2f0af2195852f8659ddd24dffcb2a6947326390,0
0x4bbb5cdd1685ea84b932b2fd8f19feaa49c9cbaf,0
0x4606d49104fb9f8fa5786aebf7856d4b7485c804,0
0xcb08eef6d7a48c4a02855520fc67fef39fe55c46,0
0x0e30d2f68f49e86be150c0604bd340968da659d8,0
0x2f867d6cea6147a38e0a64147f4f99597d4eceb5,0
0x0c360c92b62c30e973fcbbc24406160223c7972d,0
0xf43aae373e83bec67f8faa3fd2033f742144f4d2,0
0xaa3861cfd8442226c1f5e748980b26add3d59d27,0
0xfc8033bffb9785b7d0deb7aed913b0bb33fead23,0
0x9d64c1964d3fff6cb2afe1897945caba8af17008,0
0x5b0d42a7f3a93380b260b6a59399019030ed80f5,0
0x3ba8a00d2632e5e63abfb117b36cc62b66a22b2f,0
0x8a10c939014d7727dc7e18a9f09aceb2db976b9d,0
0xdd98258401d654fd7bbd8be4a3e2401761f1c160,0
0xb3f0de91098ddf62bb8abd0be4da7e10e5befd3e,0
0x02d441a27981d81354dee5ebe50d0f8f0ccd6f3c,0
0x28c6ba21de0e30a040386fb79cfe9f874c5a6307,0
0x9ac5ed03cc77b7457a329767d5c45c55d8456e56,0
0x39553d1bf86ca25a5510ae79703921c34f6aa0b7,0
0xb03e4725b3be5ea68c2ffb47a72679d57289f71b,0
0x540f7998df394c01f28f5bc69ce6389fa5af79d5,0
0x2a0c220e5234c861bf2d6921d5ba63dc54d9d5f0,0
0xf32b2f83ff778c5afd8a9adcf51822024d54ebbc,0
0x1f51e61d8dfc6ed1b943cb35f967155fafda01b3,0
0x6d14a20ec613415ab43bef280480d017a5355c80,0
0xdd3497278ae43b1374d6d99b1ff055506e912aa4,0
0xd79f05d9f5973ddd0ee2bc9945d2d4e814666d2b,0
0xd60e21c8e4b8569ac17b9e3b59f676aeff470baa,0
0x342944d0cab72edf9b7e0706d89fae95c757b784,0
0xf83e93edeb7b89a0efc8f24b465d21597a18204d,0
0x1f026c20c9b33d190f9b960bc017614a43263403,0
0xb89006132189a6d1b000b2eb9914ecedb1db821f,0
0x333d5a5d56c2d573c00409c9ee6eaa0b17929bb2,0
0xc909e30be23b16c9b8e087096746f8592cfffa1f,0
0xe86f34cfd63e025dca0ab2251df879dbc338e10b,0
0x1445e89c42a7e94cfedd37b3d7963a151c405682,0
0x661b64734ae3404581c0aea11556657630f3a946,0
0x9f525f2ba938357d08e2219bd199348495cf6c20,0
0x3ee7cb690010ecf7d7b78c96cfe80fa750274432,0
0x42cc07a80c30eca3e202a41c063ceac3d825d2f8,0
0xc12073a85a123cfeceec8074b0e3ef7fada13287,0
0x2af1da8e726610bd4d4d088943bcf3f050a1288d,0
0x405ecee5012c8084841bdf7064e9786843e0e6ed,0
0xa22026159772f43a580f31a9480de58d389fa7fc,0
0xd80cd63d1d6d5e799be45b93eeaa85441fdcef62,0
0x71ebffec1f3d47d57ea765678d9039df8447343b,0
0xb24f6c907663bb1dbc1b2d9a23948d187a0959ba,0
0x4b4ad262c0a2d1d3aed144e52417d6d76851a8a6,0
0x244796f4844b40d1d769ad9e604d16105f4c8cb5,0
0xa66aaeda6163f9676ae30e82db09d5ec43bdaed6,0
0xec30ab9db73dcfba7a5b301f66908ba719f80f18,0
0xb4318c97f187a4caa92b35216fc9f235aafe041c,0
0x1f6d9c03b9ad0305661bc743efaa26a988cedee6,0
0x3de4ee46957ea25d7366762d1101d3b0035bc938,0
0xaa2786d26cb9b54592965fba89b255eabddddc3f,0
0xec4c5b7c72af137282bdbb6451dd15432b2165ed,0
0x73c362d79deb513652d277314aac9cab0aa0da34,0
0x4278fbce130d6965a50a3a5b0cce46ce77e044b4,0
0x8ac48a76fa6262603deb8330b41175ee8b9c56cf,0
0xab94a42c47030b43ab3b6f0e9c2973c64f17bb7a,0
0x3439e88eefc28258728e7fda8af7ef7ada0f3fc2,0
0xb3971d703d25633584e3c491f2906df335645c4e,0
0xd719619b44c5b54559e4950c7a3bc1eb62eb5892,0
0x4a974513f323360bf4d401ea4cfd3cead1d59fb9,0
0x31b8c59d300fc4315c0e6f86422c8ad841c16ccf,0
0xfcedaeb5985f1aa6ab79d54a1edd0cd9b060cd9e,0
0xebfcc4b47dbad14ba01908763eadc36f38780549,0
0x97d59a6a239ca2b049b71e0c0a0800c0633c211e,0
0x7452a13e3cc9c6337db172cfc9b196d9f5c290be,0
0xe6628dc6ae49aec0b96557deee20f29a876b5061,0
0xb7649db76dca59ee38d3dd48673dbd35c45892a7,0
0xc8b4d49a565f68eacf6ce96f1ba4e80eb132f444,0
0xb22a1aedead951eee71a23167a3a96fcde34e769,0
0xbd179f2cb44ebf4219ca7be7f8944ac05ab3a197,0
0x348b45c85e7fe0cef2db37a1c19525ac8d7e65a6,0
0x8cb88f207394426bfceaad6e8a424176b18c80ed,0
0x6cfd0c73630c78a48cbd4cc78e9bc5cd09d3864a,0
0x29a15deebc260373e979ff7fbe6fd06ea178e6f8,0
0x4ae8097c123f08f518a18d6b890391c31a80a890,0
0x0343fffad4a10e90f88603733212c895e9eb28cc,0
0x348861fc792bd927b8bf5daea03c1cc0772b0721,0
0xf12559cf0bb2efa0d95d511f198ed791ac36133d,0
0x44e9e7258f9d3efb9a4796eb74fe56f8dd4b0bd4,0
0x7299d247112178fe9609f449f6b53c1384a32d7f,0
0x6362d677678028797b8dacc65e76bdb8a6f05a0b,0
0xf2baad2e24e6c7951fe9d516d5752eb8aac0aa09,0
0x0994b50bd0c71bbfe2991682079b231c3e714f35,0
0x17a36f77347c0038c48b97ce8f4ccd09bb1513bd,0
0x79658c3bd594d63c3c5ad080f89f216f9d09c55f,0
0xfe9e72242db50f571a50a0fc61d2c159f4d6a46e,0
0xfbcc6967a62601d3e933974568ba328ac1314f51,0
0x91c2a922b6fdef3e3a7c7393150070989b55c02e,0
0x42ea04d6769caf950b0527622280a56840dd54f4,0
0x60207a6f1ef1b3cce5e8f18c53116db0fc903eb8,0
0xc750dfdd7dc70b1a5e8de9e4d4f939c89ad641e9,0
0x2e1014fa90b9056be27984e18c8d9a9e4e080cc9,0
0xe5a537284894d3f80fe29d6e9b9f76f7eed44b05,0
0x8eafd18eee781b2313884c954f2e2d67977ab0fb,0
0x6e623c92090400511999df2eca6f32fc1ed6e093,0
0x1c04236bb00636aabf639a0915c8e4fb3e2fc8c9,0
0xcce0a31ee7e93be0607362474736f94b6ba57f4f,0
0x1efe30a542d74140774bf471108960b773f7b364,0
0xe500b0470d2730e5c741387f96efad031344a693,0
0xc050ce06a967927afd3410f6937898f43e6a94ca,0
0xbcd478a549875e639a83bed952650241942ec62e,0
0xc307d75b54fe8a42fcccbdbe96595645ecde330a,0
0x4e019f8646d7e3d8d23c0cecb4304191487bb44f,0
0x4c3093468e40d0dcbb84b2c4b3ed4f6d865e19c1,0
0xb490464d4c1dd0c83b6b2fcf708971a5ac0cd93d,0
0x4179474c2922759d51a7f7815af21e6078cb3c77,0
0x1ec0c4260c4e626d0db9f9cbcd51bae6e4fc720e,0
0xa5181c80af120596a49fd373a49b87679a150830,0
0x7c689edfd05d3b5348ca083eeaaf37ff381721f1,0
0xd77d587cfc71fff755f9ff557c7b7a7faac37168,0
0x7d490aaeedfc2edd08ce2815f99bb2a2ef0c99e4,0
0xf8b825d54b3fe7a291fbfa8b3ae7c0dfca0b54e8,0
0xee00f16942066a5807eff389fa6863a108675b24,0
0xd0e66717ff18bc5898ee4aba8a34eea3955012c0,0
0xa44facbe588c295880915921089eb20b47909613,0
0x22f058889e927dc8fdca283045196c7e6fe097cd,0
0x7fd157889a8f07bb16a254391d95f04d5542e9bd,0
0x7345731a43dea039a58a3ee1aa836b8d70e5f970,0
0x5abeb7a9a6f7b2c86ecd1d80f92733fd2c7f5334,0
0x8a2c5bbadbd96807878a400602fde09e7f0c5700,0
0x1098b9c055bd97b83a89f7356318baa08502fa65,0
0xaff237971ab3cb42ac77246085fcb26ec51e4d3a,0
0x978529ce00aefb141dd960bbec462f2dd801ec6a,0
0x86c01d1b589903e1b290a3b5130f73272bd0a6b1,0
0x346b93bcc5a68a8971f7d58a698492e800d1a1ff,0
0xcdcd82a8d9bc365c7bbfb1b7319e4266be2cce86,0
0xb4e3ef86eb0dff7936d64f90b28aa591e6570612,0
0xb8874cf743481b961aab83ccc3d9b7423b2f513f,0
0x891713ac5b07959763aac3c0a1851f76c98fd30a,0
0x1c960c06ef2cd6d1eabca16dc320141ff384a1b0,0
0x4df0463e47ffaeebd2642cbe5e91f527204951f4,0
0x66499e24bef45cc2724ce35c5d9c261b421f1bb1,0
0x74f2a683ab647e966ba8417753140da44ce4909f,0
0xa3ff6b0b88c9851668fe62603233b557d052a812,0
0xdfc0d50d6c202cb87a8149358b8882709a98895d,0
0xc11dac4093d7463ed6f6f60ad45df5bfcd89ad5a,0
0x1607c99dd408f3c2cb338a54e7ecf1b758409509,0
0x89f1e276bc89779119debf0452b22c3a00772a2e,0
0xeb930d37597dfedf3a9de1f531fe186bfb5e63f7,0
0x5a966e65886fc1c90125b03b09ddde090dfd775d,0
0x97d559699b6ee68732804e057fb8d649d0ed5777,0
0xbaae692224f89743d40aabca30387d306f794192,0
0x4b459345ead109ed5cca07c68ede4fa6964d7fbe,0
0xb86252aac076f5fc244f0e7cadcb7609aab2f9cc,0
0xa15542458a680bef569cbc434a49bc12424fa3b0,0
0x8e6ceafdb812f6531ba94383b723ff2a603b88c0,0
0x65e5f2ab6038ced787deb2da0484947a7a833399,0
0xc88e65af9d76c15db6e7323ac9ffad0522c2d407,0
0x55e89a4064ee6f12de5250d19611352db0d92845,0
0x4b3d37c76d452f88fa30b4ae41a7e43232a6ce16,0
0x44d7ee63836b12d8c6f6976c855f863192e15333,0
0xbcc75f1d14866c4b5a07653fe992ab90ee3f3b22,0
0x7f9ee3462cb22930e7e166804c9559d0e91759f5,0
0xa41036dd454fcda5eca24aaadfe1dac77382c040,0
0x5db80145a6c4a91c20aeb0a0a52a6fdef4d33bed,0
0x05ce293aaff40d0170b45a06bfc970c94df9edd2,0
0x20643a48cdf40d1d4b3ca19543b4eef59739ca75,0
0x4e8a415c1157e0fd4ee526257dbaef946f7e7e7d,0
0xc9691ebe41b3c5e230d9ad394f2c5c3b75123314,0
0x68cbb1f85e52bd4cf92b6239f4f77d3784c468b9,0
0x64e7448793c89c90fcfc8b20c4949f989591371e,0
0x38a2f4fedaf27ad1d86e59d9183c09b29a76b908,0
0x68e6d52cb424665d34bc5de206b05ca0a137ebe2,0
0xac8041308ff9b688518bd5ce5f8e7ec7da3127f0,0
0x0b71d659001043cae62c40fc8695f4d6fcad9f99,0
0x0ece2c1005b8da6d92166d4d0330bc8aa17a35d5,0
0xda18a172299ed45f6a3391e8c7969e327bc37bb5,0
0x5534005cf62ffc615fda06072496365bfd30d878,0
0x4bc48b2e13bf6e8b06fecebc903c31e51a48b137,0
0x6563fc0cc4c787eb9a7e270e475afe0c032e501a,0
0xf9b9705cab227b1981c3e84f8b1940fe778ef05a,0
0xca0e2617e61e61379aaf1a6ad2360b90deb4639f,0
0x58874098e3d67b8d4b8dd0faa5569c9562ff2700,0
0x9f6e59c3dde1a6b7474291f4e34086521731d8d0,0
0xd397ae25d6415286b6b89e4a0c2857c6e329bda2,0
0x4822908c7aa1260b8fb4d610d5813954d86162bc,0
0xc9ad2447291d42e6c78721c988aa3d48b088c18b,0
0x54369287e0341f715626781a99f141b6f25e6676,0
0x92b1e626ca48ba1e7adb85e22e7c254ff56dd7f7,0
0x590ceb56e0aa70721c935b56a96612b4269877a3,0
0xcace0d3f386fdbf354bcb9eaef24b1641755276e,0
0xe6f438ccf189588d4f0ca828bb93c268b14fc883,0
0x7e23eccef09e631a15c7d550c9d9f60e1dfe561d,0
0xe4ca8ffcc88b6d6dfee3408c0997a49c817377fa,0
0x52e4103e6cda2e3a3030524d8f6dd6c95e7eb2cd,0
0x0413eb65679b916beb8a91a6a3f88af2eb2f794f,0
0xba6e4aa8fcbcfcac06429d1cd462c128eac76ce7,0
0x70baa327bfe397febb80ee084922cbc395475f63,0
0xda1141fb6f59f21ef1e3efcd3d68fcc1c37e8515,0
0x51c17aca0629a9c40b26832213bd074984282b8b,0
0x9928a04be9556bf555b40b7e095a9e1355deefca,0
0xad05a59b74f4518ffcd3076a82e255a1de52afbe,0
0xa02a8518da87824fd1d5f485475c6bfdff6fe7d7,0
0x64e7eb63415c90edfbe08a298cb74402fb49762d,0
0x39edd08e60c6d02a7ef02996b21fa3e6aa5b6896,0
0x943c151155c6452d9176b9fe2f07ada2f6effb71,0
0xaa12226c75e7d38e27e20c7d7dd5208ccabe34d6,0
0x633290f10bcc2898cf7226c65ea74edec74d4989,0
0xb5931114456653b0f0371aaa55f4fad1122b0d59,0
0x97f0c25dc3b7eb2bfdcac6cad25dda48152f6bd3,0
0x3d16a9c70290ef22645b489d7f46c6668e7f43eb,0
0xd16a95864669eceffc44ce0e171867ce12be5b38,0
0x748dbd42edb4f210c5f1a358ea3ce99ebeccbfa0,0
0xc515fdc80000457ca11c85f719d9900eb7aad039,0
0xc7b302ec13db64a5b7460fac2d83190f342ed9eb,0
0x9526fc87f16e80dbc60630fc272faa4b61c2617f,0
0xe0aff0bb98994387b335794a9cf927eacffdb756,0
0x6ae3daa1757ab3bd8a962b8c91379d88d5332dfd,0
0x8a82cc58f87eb128ecaab7e659502e5fdf2e307e,0
0xce58a3df927f4a43dcdfe23f6090fdbaadfb376d,0
0xe2e02636c084351eca0de343061269e3050a5568,0
0xbc9fb25ef98ee83e45c71893c71518d310a80220,0
0xd5c75bf0e8ac00c64c1ce88b5a01e62843fe7776,0
0x85f15def18133b3f25c57bee06bb95878bff85e2,0
0x175011572815a0db80c37c37e9621640327ecaae,0
0xac9fcea22d7d1f8a0bbb7824a505b7ba2931e3a7,0
0xd9933b2b5ec3ff8d6b7b3c93f3e582a46708f9f9,0
0x838eb721106c07e756b671d02d1fc44c82aa2d6f,0
0xedbb59d996e2daf5a96ff76b97094e5ce68c066b,0
0xbd776d6877fada344c8472cc8ed028b2a08d41aa,0
0x7e821cf893a167a8abe61f19322efa8517c857d0,0
0x3c3c4f282df593b4d3f6289998ddd9ea38b74a9b,0
0x273bd8e8d396fa9ca8ad7168d01fc3a52907253d,0
0xecfe5027999bf21043186307e177d5db33de8926,0
0x92d43d04d0dadd9e5e527d29fbf62540838dc45d,0
0x573e62b0d205645dd4ee239de3281bd3f7b33c1a,0
0xc8e3a405640a61b77bee690ad3d2a54e177432b5,0
0x3dce8d0b0d4045838ef7d1e2bb313a53549c73c8,0
0x83966c6f3dbf80be4ce6515d52fbde932cd1550c,0
0x0c7ea1b1504db07b683ce5455344ab93c3630eb1,0
0x87224488127585b1af547141de6b21f04ad561c1,0
0xc88929cffa1bf74a4380f3d69831d64f45875a13,0
0x3b85cf7a13ad6e5c54fefda2d8d35abae2e86ea2,0
0x9885ead86487effe4e997bf02172e34c0b5622d8,0
0x23ab07bfa786ea1fbbc117be35e6731b2d0c41b0,0
0xa32649a69f4a575e40fd3c4e1b531dd13b83b249,0
0xa412df11532be0fffdc33bfec909a8422dbb1bb6,0
0x666ed29d2e317f2ec160cccd210d05abbff7c685,0
0x43ca420944ecd0bec3ef7497b2fa59698470d2ee,0
0xc981380521b4679ebaf109547937a088e1a1054f,0
0x0a6ba253f7ffe23ec313d146a189ce857ede3879,0
0xf74681698737d27fc77544184bc3802fd0481ad4,0
0x74d8a535135d078ca689089f2cf26a4afba1a6be,0
0x759e6574499342e3859fda387cfe57a304ecb1b8,0
0x4408424f97677e5b9477898b81d48a2d4f8d4c2c,0
0x3d73335916ce707a3f86cfbcf28536f4c821001f,0
0xf14725c3ee334c6daedb0d6f133d8839692786d3,0
0x4a6bf0517aa19adbecfd70e49f6ff58c8ce00cc8,0
0xf1ca0450a7a112b368b4f1dfc47b4594ef45f115,0
0xea52f0ae21f0d31c9d15fffc5932f59eb02fc460,0
0x619a960d73a88c6fbd14b777651216685cb6864b,0
0xb71b4a3c44ed1c779c806a673656b31bfb96c69b,0
0x25c59cbec65928f566f1abda8c6626a85751804c,0
0x98834a05b3cee4195906d857922d8c97cc0d3fb5,0
0xc4b3f0716b439ad12363a4a897d6e1c08fbed8d9,0
0x234c732afe3fb66bd485c05a5be4dc266306736b,0
0x7317131e7456d0531b3669cc8648f62aab17e4b6,0
0xc23a2abd80560ac86fa61e6a0d73de152b202928,0
0x0d979dd76c3dd021fe5477a29c6a6960fd7c11d2,0
0x9efef0ceec41d737d59e734e45ef91b7f5458f2e,0
0x94b281b9ce1e43ea05bbc9b5cb0958d3d187fd01,0
0xc4ae448bd022fc4ceafbac6ac2cca02fe0c1914e,0
0x23c55935fc62fc9370c33f3d3b9695c7c2a04624,0
0x05192503359c94d162a7f85f20b96600475963b9,0
0x1e9249bc30feebd8b4f834731727c132cf616e50,0
0x0e99d20168ce36ffe15bdce7c75be276b01b8eb1,0
0x361074d60fa2954a22a8b44cd8e4367a13ca54d7,0
0x977cd4df806ce8e23c1fb3708f73d7d9a49b5f9e,0
0xfe342ba6c0e3757899921942e29208ffcb1eaf63,0
0x9dac2babcb155aeee42ce29c39c32feccf726612,0
0x359872e13de77b9061d6334afb4c72ae78f9ebd5,0
0x6ee15d4815b2a003512047e6ef8f497a72c8b43d,0
0x4f4cba21582cdd6ac2b843a2322b785e326598c3,0
0xb0c4370df70e4e5a698556dc6a5676e95ac2992e,0
0xbd2bc91ae943e40c0cdc6c72cd0a7ccc197e3d38,0
0xbec0ac79099ee2046e5caf80d8c1624da22c3c9d,0
0xe2dddf6c1f708f984669e6521e67793eba657d6d,0
0x1f0be46cce9192a004f26517a574950d585ea904,0
0x8dfee8024211dc311581655319c87e4016e134e9,0
0x7dd073c8a24485999239fc67198b0966ea55cdcc,0
0x4ead2f6319df8ecdc84c93f6154cfbbc85ea3147,0
0xbb2ef4f866f490085536f3ff70d374970dcba3dd,0
0xbe0d712b7824afc83ce4b23896940a0fa1629191,0
0x46d96be921ca93bef3f95b18c178434c00267dfb,0
0x32173c06951ee09e53354e440ad7ecb8cc2fdc4a,0
0xd004e6a256bb1b657c8655d094228802b2096110,0
0x28de8821f75b5a59dd87e53ad676af0e7bd9d63b,0
0xc6ec527b9d1eb0f55cfc7cf920717489ad90d7a6,0
0x109c3adaefffb14b74974de77ea9dda7990d9c22,0
0x37d43774815273073efd7ff4eeccb5afd182aea0,0
0x136a8bf577c35c38f16a5afb34e99fc5bcf1ea10,0
0x7758bd9b417e3dbbeccc933f6d0df98d7c50f954,0
0xc28a4503ed365e6f7445085159e071c47071031a,0
0xfd021d09fe466edc2f98fa0941ee977fd979ae82,0
0x5b5790e81c00e2f109f7fcfd3ed59ef7ac179b94,0
0x5f4e1bd78695ea60027e9cec42ac362660cfd7de,0
0x1a09441722183cc4543000db73427e06b221cbd0,0
0x5c80c4c5a6dab0a26bee8dcb2d793a94d2d71248,0
0x4b1680baa55923caae6d83bc607846ff2684cb26,0
0x8b2d975ffaff6e3360535483c8cfbc662bb03341,0
0xe1b8fea167373c594e4ebe5f77f70dca2898c1da,0
0x3db0cb4163e9db8b40eb3ae77c2eb10701bfeb14,0
0xeffa27a03d8192c686e53c1b1cad6130b52d09e9,0
0xc33b3ef6af74c20e5829a75ce2296479886a58c7,0
0x3cbfbc610608ef9563b3bbd63496ab24b5696504,0
0x7683fbb37e4046ec42a82b4d8cf976cf41b38c31,0
0x7bdb0a16fabcd8d3ecb9205613bf4489bc34cd10,0
0xc82249b43164837f6a1a39bb326850d1279f8be8,0
0xcfe051c18c3e0a9802a2080a90c797bc4df04901,0
0xd34880b5a30f3216b39484f8fbfa6d728717bcb0,0
0x73318703db50e3c5e44d053385248a22c6ac577b,0
0xc99d6a6bc61523ade4e811306ac054b5e3d292cf,0
0xf07a9721f836dd0f93c60961985f8db90b0a203c,0
0x58a6c7883fefb0d10ba8823c3727fb3d162e095f,0
0x8b5ebd89fbd8d5aaa167d2d94f00274ecb527a15,0
0x9e9cf1a559eb261b98f388676fbe73f48d405c83,0
0x1566c8d14b302b41994c9ccb0c6a8fde0e56dd3f,0
0x8cc76eef83917b7a9b938ccce4fc4152971f9d73,0
0x385d16d491e7b8fb7c19e92669fad827933cb44e,0
0xf78faa14913f36f2354afba1013159a02f6a2eaa,0
0xb346399c58df99a4702c41f0b1aeb084582f441f,0
0xcda9a96565790a1e71d70f73e2255cb69350e5cd,0
0x746b88b08e90e2500c995f92e1d7bf2235705c4e,0
0x418d165f2e5b843134639a6b2610fa63bfd16f39,0
0x208e5613eed96f7560a3b8c31e476cd893870ebd,0
0x82dffc811c763af10390ddd0aed5610c44207696,0
0xa3239c5915ebe72c3d7aac5fe5c42a595be1b36f,0
0x7026b9a09bdb4c020a4beca1a2301174b13d22e3,0
0xef58508f958d4a720dc84fdde5c643d903de2b1d,0
0xfc0b6de85be6b77252807931feba628c287fc304,0
0x82c0c2e0d9f51bd00caa6aad3a5556ff1ca79cd6,0
0xe1094d7ee58a774f2c205a2cacebe065d8a52b09,0
0x73752c7cca60f209684db4c6ed35693a4d78279b,0
0x00269c1abb234bac0d1221f47666f65222a895cc,0
0x1cf5c583670964a484857880bd8c36ade0a5a850,0
0xfeb98fc9c92b8284e3bff486fa13fd4a543b7467,0
0x352f6719444fdffca7fc65fab105bf9309728f82,0
0x1a96007fd5ea0bbc323711bb91b470e76eaad8b7,0
0x8898f5232bc5ed7ee9e0ac79281c8a7aafa2a21f,0
0x677a967d6762d8071acb095f030cedae152ecae5,0
0x8881b99b789ebe97685b26d6f7eaf1cb8602229e,0
0xa24fbab49b8f4c403680bbece718dc3854e264d0,0
0xb92209325c993f7a073cc6bc151ec0293088cc83,0
0xb421054b895354df0439831caced099d3aa48c8a,0
0x18b585164eab65585f800d529eb20ca9434ba423,0
0x83c97bf19d0b3e58d6f99b82334e692f4cf72348,0
0xc510f6270af029fd3a17a47fd1cc1f4f4c9f2048,0
0x835835c783575bec4e93cb28d6b54daae86465f8,0
0x203cc48ae8b3b878881fda3de3a7658d5096acd4,0
0x076448032e90c616dbb0dff89d399509a3916a5e,0
0x5d4731d3e9462b09e0f972189e944e6a5da5b93f,0
0xa08417061f43091f1f3cfb9d744e72e5a8673346,0
0x1c71746efade64e8d3602e277ec268b96d66649a,0
0x086461de344c83b31947da67e756df465b32765d,0
0x6cea79015a6a7b4b2bd5185ab65122f9695d4cea,0
0xe69ee782a2fe5638215b850bcd94f3836bd86e8b,0
0x53501bb8daf1996b71f83a634ee531fe09ace384,0
0x822904942fe27b987744a21d4fc0a386f58b74df,0
0x0764aaa670c08125d72b852b0562bc57e0580ad8,0
0x27d6e2f26f3c20415587468df54efe9ec307b097,0
0x10f694ccf83e4b49f2f85a4311557b91d51f0d06,0
0xc9ea713dc30eb81db17e53115fca354a1771e10c,0
0x6428659a5612a08bd1b33371768518eca6750c7d,0
0x74d33e32e8c1b2c565ce5cfbe6b917871cc41516,0
0x74764be7fdc28b7c6a5091202a21ac12e9fb1658,0
0x1b709197a4f94fd6ac8117cdd75918547f419cc8,0
0x584a9c9f1761729066e053e74d466103cd890f47,0
0xd3644941794140833d517ebfbedb5e5942116f2e,0
0xc5084579e9187ca479521275287a2cce1ffe6d46,0
0xe3dbf465dd425b455a2f487f27aed768cd00b710,0
0x2433e17a4cbbdda52d597d8a4c1340cbd7fdc2ff,0
0xc503c3ffd0ab6b7085a62fc0edf943dedb059167,0
0x5e1fde1198211a7d45e11296f851618e25c406fb,0
0x1355c5fa9ca96145abe20690000104b2c981bcd5,0
0xbfa7689b946c2ab6d3a5ab916307b2075be5d21a,0
0xbbc41011470813c6f9203b3f1f328ea65c3d1ef2,0
0x3a137bfbc6065a88505cf7b1811da8eb1f3ca6a6,0
0x4fd76d78fe3c9ef011e0abf7e599214cb6c962c2,0
0x0547d7617feae168f09c69c9f08b8e40c4ba7589,0
0x47e602867bf2dc0ec2eda3d8077e7acc324bb30d,0
0xe72c68df2dc8fc7c5e9caafc4a39f8ee0a15a24b,0
0xbfd411a7230ccda79f1accfeace4cc4c18237783,0
0xf803f9aaf018f6b6bc4450d25e6169258030a59d,0
0xc9200c2d980fc9091b5b6ab6a5ea95b50cf8a209,0
0xbdc9c4b61f144fa0b4df521b9222e1c925e86875,0
0x3caa6b1f2d57f0ec4295220e56731ba5bf45a9f2,0
0xd11c0794d799375d85cac421581a93221352aa01,0
0xe2366a1be9d93ba86d04ac9701a2125e8a1356ee,0
0x64c1050b5c86ad5d8615d78f6dde7f24cbf1c010,0
0x5910efaa422bcaba39ed63950f4a3fc146059b2e,0
0x31308d7f58dc93108b772bf6f6f387aad1a685b5,0
0xb3591dce41684436c73977e65d91006c6f324017,0
0xe6268c053d3f45417c419499f217d2b1fdad738c,0
0x26a4961f43f928e28d7833bd49b41973efc27518,0
0xee0fc6849a9daf26e8ac6e02740e58723aedd66b,0
0x800939a3acaa8e51c5bab5d843b4e80c08920136,0
0x9d2fc7e6d928229f691220404ce6e9953debd526,0
0xca069c4d8eb8c3ee11d75940005fcf17d88f2231,0
0x799385b6d3838f1acca8c10e9af7a8d691a2661d,0
0x66cecd44eb857a03fbb01d3e6bc3328368ed8533,0
0x6346a80711b4394d8fb6ec9a0fa1e9aa71257d60,0
0x78fb15df6b69746c6a71121725e841f8a9f4e1ea,0
0x61d342a371490b31d99eaa701291b84ea8f9c8c7,0
0x8e73d99535f3c2768547b62c45b1d553da6910e3,0
0x5165793fa745d30a1f6474e648eb3b22e541d38c,0
0xfe1f44aa7e83457986809cf3ad651826511873fd,0
0x084410d9d97ac899f0cb313b8dd9756318f43a94,0
0xc6c3f6705709a171c5980d2a6abb4dcc7ad056e7,0
0x02dc16395b84a54b2f2507325d2da160604899fd,0
0x9f12a69a449da0648a7c40827ca52d7040d04009,0
0xf4120795aa4c971c0e963f7bd2f786b966632eeb,0
0x3ca144eae1118f16e98d574b71cce5b6bf1853a9,0
0x81c126d1dbe17a31a6f3f8616c25bde7f062964e,0
0x9b3bdadce5cb1198deae0633c61ee0485ba0a0f5,0
0xda40baf97ae7329781353993a370506947ba815b,0
0x7997f3258cf17d9ef5d97b33432b0715739ad065,0
0x3e4b785ca7d41d865ea1cc42887026599073da5a,0
0xd55790b03ed1a0c4fa32eceb722ba9c56b33ec32,0
0x7b3674a5084bacdefbfac86a62141c1ae2587851,0
0x4c3d194a0652874ee7aa7b47cf11aebe5362ed38,0
0x2f4d575e4dab15eb74c3c3665058ff6cfa594331,0
0xa8383a1bba9cd82a15a6998596ac9cb023bf0a39,0
0x946bd3fa2590c4ddbd088528c55edb1321d9323b,0
0x71419007b8fa91134c914f9e5e2f334ecaaeaea6,0
0xcf45b19984caacda5f468033190d3fd4220a7f66,0
0xf53b9fcc627e29120216a92fd963b540617b9c82,0
0x9cf8737b5c541c23541571978969223f1aae3896,0
0x146ede80791575e3b49e86eb1af0083ce460c428,0
0xb6b9d790e9bed68b630dab539f0b984ba7a41044,0
0x37f21e28696059e074b5f58934c53e2bc14f0d41,0
0x3999ff46e0789b1d82cef5b9bc09432fd73d85a1,0
0xe91c33b874f6736ac77e4335c869bfc2468798d5,0
0xde507de801dc47642b4f1eecc39f88671be7a99a,0
0x4bd5ec07cbb224360c543f8b3757e22518443809,0
0x94666871f9cbc79d7f77e2622bd0a3d23503a4ac,0
0x934f742842e5606703b2233920d1a2783e17bda6,0
0x3ffb2e376b22acb10f9cc3d6553cfecb21c279db,0
0xb3dfa9780ceb94ac81e48f7a34a01189bfb2f87a,0
0xa574a2da8ec8eb838e0b26c1f418ec2038e0cd99,0
0x96459ef7d1a1e7eba455ffeb2745033f4d0082ba,0
0x81a0bed8a32b2f4538690c4695ce090ba06e0c1c,0
0xc735be1983b11ec04cc0ca1b0cd434de022ab54a,0
0x367f3ffe496a5330b648d37eff70536c48085b24,0
0x388456b585118d3892921453f49fc020edd4858b,0
0xc75c754c74dc402bee8519aa384d96fdf71314a8,0
0x339f294e4a1491cdda7dec31764f6f05f7329925,0
0x29c40025160520345fe7c5468b84ab97546f82da,0
0xc565b5d4d5a1bd46406a06d64f7a501d9fb75ea1,0
0xe5ca5fdcbd33392666d98a4ae5345cf615a094ee,0
0xe62ab042e058d947234c07a1bfffedca92113b03,0
0x6a637cd55c2f385f65db4837228f8e094d51ee4d,0
0xce94c4d4da2cf5394e425477d21caa70d7ddc24b,0
0x37ebb2e54a33e6e8a6c36dd2ed7d6a9f64ba4e9c,0
0xc5589219fe8d43dcbf5d1fc31749d5d5ae7c2047,0
0x6c30bbe59dd7b48d8e1a2ee4b09f80d194f81d25,0
0xa9d8a2f4df6b364e00ddd5b89b9eae4eac5b5187,0
0x6368e0a5953d674f7975abf6ee81e8d9d6c2be13,0
0x0b00f2cdded2575649daa4aa75d44dafc2b90c69,0
0xdbe11f919ae91686e9cb666eec416efd099b21ba,0
0x2ba80629e457f67c22be39e45fb1c66f4d654f28,0
0xa5f60f68af25e4e33bc7ac35d25091969ed7247a,0
0xad15f0e7be3b732feedf6b5c2a90b7587756fcc7,0
0x5406e8cb1fec7fab5221197d2e421b8a73676e70,0
0xab951c687d951d5155531789cb7e5711d90c7389,0
0x5514daf1a9d4c901ce511f8f58a4c5f88255a346,0
0x69123081c28276aebb632d7bc3281fd9ade8ad71,0
0x8cf6162c80f92d5fc8b0caab9955e075f19eb3ba,0
0xdc16db3f7d20aac62ab440cd2e99c87404c6f949,0
0xd9f789cc7bd097bf5f1f259608b21bcfa59547bc,0
0xaf575251f6c69c64fa9a17d0e648c93a6706afbd,0
0xaae4c9af4eeb9c28f1eb84b2ddd74020b3ee24fd,0
0x89b8a4abb9bd8288f049d25fdf1309a7ebc580bf,0
0x0c31778fe335a3b1268875ebc873875fe125697e,0
0x9cee3a4149a66a7a9b93516f8307ffdb3dae7f1a,0
0x5329a0bc2d352922c47a35f6cddc133bb611756a,0
0x3f2c6d1b2af55168f53a908388e6b264c99061c4,0
0x1ffc9a6c5eb5a0c8b18efdb8228456a132866def,0
0x7305ff8f88bc509342ea15be107ea10f69ec1ab1,0
0x83c025e753cc08a67914c92ab733e0b6787a2617,0
0x7a8178067e50c063da6419db964d8cb8cb6b4545,0
0x5051f5c7e39734a6f101901b13ee094023ae2536,0
0x5c8c0b960df8ed904dd7a97ede63375037da9a28,0
0xaaba5515c4c6df8c615cd0d1459f794ddfc49ea3,0
0x5f7204924a2439ad38ab9691de2854d06371e8ab,0
0xcd1e30c53a3d8e3e2d65177fd96c6cd7817b9433,0
0x49413db23e8cb51ba134cfd64fddf2bc494cee78,0
0xbbc3ee531fd00922292c5f6a6f8e2c275c940085,0
0x29d0df43cdcbf0c48dca09f14635bfdb194faab0,0
0x6d878dea4fa31b7bd97a9dfa71215caca2adb95a,0
0xfe3ca99674fdd0bbbf4e8a41508ce4aa8ed03279,0
0x16ae5c0b211f6b80a769ebeb54c8afabdd51155e,0
0xdaacb8cb6af6ba735a6c97c6a1f2938dacafd2d4,0
0x7c104b8e9f30770c9d93b4d09f88838386522e4a,0
0x6bc482a4517d7a2ea92ff4986eaa3abe358a1e0c,0
0x559a3f328be1050628cd2dbf923858cd5a30e621,0
0xc05b23725553cdc58cbab434745cd8896305b0c2,0
0x4174c99beb2d659bd8f8b42f161ec4d99076c433,0
0x48b17abb3dabff7957fc21050134d16625c05664,0
0xb4e740ba4dd19c8abd376d35d5dbb2c2b27a5e89,0
0x2a7b9a9e98b40e075bb4f447a651d3798ea622b2,0
0xc89a35723653f9ac00111ed85aac980ab1fdb419,0
0x43f56d8176d60318231bf131a9715e722ddee21e,0
0xf6b98a28588be63245e164ca57ef599c66cb972e,0
0xccf4ca1e304abb4839163115e0f1deea5632ca26,0
0x68e86df9e08acd53c192bc42e771e780c2fb0ecb,0
0xec9bccfcebfc1020820e67624b1b09dcfe57758d,0
0x3b915718272a8c4f1cc3b300cccd1f66adc1d59d,0
0xc09b1aa942b0014651894d7bfd833a3adf709383,0
0x360b1d946a6e743ebf81dd9333e915640c22f783,0
0x5a14233edda996b4fa91e87a1bc225eb909fa17c,0
0xb60b38d9751ab04330f9ed413acd95761e72cd54,0
0x0d85f9a93ac6b34ef0a54c6f88376dedbfb9080a,0
0xeb88849d5704a4e9f3f8caadbfa5a7a6e81931b0,0
0xa1a433d4e07883268e2abf17e51484c312ff3ec1,0
0xe0c73ec10340d83155a0666daa7227b99fc6adb7,0
0xaaf878e0c6eb0197041df4ce738a157c3c3bff4d,0
0x1f5565847a13ad024bd3687e24b8167d3030683c,0
0xaf51d05500a632ffc4edc80b7dbe81d3388a5298,0
0xff0ee90236139d38a7965ea791926c762cf97ed3,0
0xc57bce5b7a098ee93ff19d0c7fb72557768fe6e3,0
0xc90051df24ceee6f77545e7d8f4adc0603343df2,0
0x756fb7a38cf06b288371bcafd221b790115e1702,0
0xe58fc1429b63cf904cfb968e8e9bd383d2d73522,0
0xff9a62a8a7871983b17fa3770d3ae31f1ab4514c,0
0x16071ae489c655c872835fb96ed351cd67cc5471,0
0x5698ca2a38d6fe9afec23f61287b38d9ea133957,0
0x428396c4682a62ef4ecd9a8d6e2bd029cd96b963,0
0x957a2db10df6d84f40d0a9cc5bc5dc0d1b72a9a0,0
0x60e7706fc1f94da293c2a5bb04d7d467356becc4,0
0x8e8500a7f750dd46e36eccb6f2de6c8eeaa25c54,0
0xe4830cd54da5c2601a49f829eed381621373ede0,0
0xe0397dfd972d3f25cf3ef87b97ff6b3060e2b7be,0
0x83a4418fc575c56e43a76a4c1144bbbd537264db,0
0x23d272887af389504abef884d252501a0a075c4d,0
0x8ee70b155b917c06a4b7b3570a916820f3e7be8d,0
0x76e48785ca8f3315f036455faee88fae21eea3ca,0
0x7b9ef268c6fcaf03be35884af8c1cc0d13bf8e48,0
0x36e54ed9227bd2c9c6782b6799d82d20f7276e27,0
0xbed4c97967af84722b72c9c7f401263f425bde93,0
0xbbe5707f31ef1374699600ba914dc606d259c3dd,0
0x0ad3677e2122d0a7ad0c7dfe0092b137e94997ce,0
0x5a903f284506c32054abc1b3cf223c2df0720222,0
0xe2529dab668fff6a1a9c85e4101c8fbd1688a3c0,0
0x9f19d6acc3e48ff81e499d5607632ed65304711b,0
0xb992df1056b2d17dfa394ba677680dd60c12daf3,0
0x0d232677e0b2b9dcafc19b1ff36b84cfe4a91da3,0
0x89d9b12f301654bab7bf3540250615dcf86fec14,0
0x8c31e4e11d3aa0a1cbc98bffa4c0cd7f9fe05bf4,0
0x3ea428fd9c7cd606eb5056b50696a173f180060c,0
0x1670a4f146d24580897b09c0dd7ef83306ce7606,0
0x0f7b84acbf8a0d88d6743d485dcdb3ac6d5e34da,0
0x24266ceae536fa7334521902c5286f370d0da137,0
0x63968b8919528fbfdc4daf6faccd58d8438716b4,0
0x0e0779f9d4c57236c67735e36993b35f04f930fa,0
0x6d4df9e0131962813526658f284ac47b26210bed,0
0x2c974c7e68939f1916788b6d692993bfd7fe5306,0
0xe2668e0d6ff1a36acbdf6d2b5d487c4f57881358,0
0x3a06d4a8d56d63e03aa692232b7562f44666d903,0
0x248cd8cca89b9e026700756c9e51d8b5b9a5651b,0
0xa3ed46bccca2e5e33f15624fcead7b8c5caff68d,0
0x84a0fcbbcd762ad132c5e26ab4d52d8f4b24c915,0
0x570687973804ae809fab8e101b4fd4cf72eabca6,0
0x3b1a88077cbe2a03e828ad8a8ae206fb8db734cf,0
0x3d26853eac3613906c03203fd4824ba2769b0d41,0
0x9bc47d60a4c84ae1efe60f74390760b26b639f5a,0
0xfa9e740fe6285ed1347c0a8fe4133edccb9c1141,0
0x944a58bd551229337d824191fe8b791cac8861d5,0
0x48dc5bf2ac5013e5f13bdc33701a4425f5bb5271,0
0x1603b66e0b66de2a6c4ab8a6d64401ba4360c182,0
0xbc6cd800bcd4087238483a93039d9ccf10fd2e56,0
0xea6468f37be448c6a23891999c69d8b9c56b859b,0
0x857f60d0a392951408034cabfb2e913b43b1d9b5,0
0x168faa6849bcfc3937decdf3f585ff0a46f73730,0
0x88c1adb197849668d1902e9ddf2ca441e03628ab,0
0x104ac3eae5ef8ca2a131f0ee4de3800c7b10633d,0
0xa2fa1080e4cae15f6d37ee4844d731163731ffef,0
0xad3d7e7a519375ceab093e53977550a0cb0f36b9,0
0x040de9b8e407060bfba41509dcf1c0f8a65f27ae,0
0xd8e14ef94eba39204149857870e21a6e003d9974,0
0x89c8c204905568294da159741c0efbda531d7623,0
0x6c0745c85b0937faae01302134eabbbf8b8a0515,0
0x2f0a6d92f08c427e044d245225359c9eb66b3631,0
0x68f16de333be571dfd9111cc787d9568e32ae3c8,0
0x850da302b88d1f299bcfd2ae63671be46c24dae1,0
0x91af2763eaceaae48068a381fc7ae3b7293ef1d4,0
0xf3521b0f749235a982ff9cdd406322dcd427baa8,0
0xf631c94d0dd6974169a11bc05168d57451806eec,0
0xadba6e3fd834096c676e0ccb9f6e35c74b5428db,0
0xa2493a6bf8023813db831ad6f48b1523ff26f39f,0
0xd671cc7b7efd155d4fd8e1786131dccbec455d1a,0
0x8c82d5c83ede5f19b5f9d990057724eea1b5bc3b,0
0x495f2dfd69b382fb50222fbf06357031518da0cc,0
0x73cd6fad8964ddc6a5ac914eb341d92205479bc2,0
0x6362e6cff88567f9149bc25d03e44a16cb2985c5,0
0x1259f31c0f9ad8f44cf1f4ffa5b3cdd5e9b06f61,0
0xa16e29d2330c7fa55f15dfc898ebc176721a2615,0
0x1068a7eae02ffb7c9872e634487a1a32e3ed569d,0
0x4e524b7f861f5d4ff7b34679085a934abf9dae6a,0
0x98bee67d9ce191f4a02833e5886ef84a74106ac1,0
0x6752e8fddcd2ce9f712ce4ee92e02c831ecafb46,0
0x817e59ec564b96656417c3f3ce44ccdf601984b4,0
0xbebec6c7399e5f92b0b7cf6cdaeab0e625a6ce39,0
0x9144781c2e34b7201b91879c7eebbdf95ce63fc5,0
0x7237dcc5a2a2d54bc9bdffeba95c750570cd89c2,0
0x567ca30cb55424c7597e6307f8c02342fd46df27,0
0xbb590d66b6801e26443692a8c95a8eb8b6d12675,0
0xb0e8b33ae8255e42c8cf83a8078d41765a87d351,0
0x19ece5aea5d7647b48c6b00a2541b1f6efad7a0c,0
0x200e7cb4626bcef471e7ede5c01c680bc4da6c9b,0
0x94faf4aa7b742780e87dec565c5bb43885d5ce21,0
0xdd4661330325ed62ad979fff55608c269d8690d4,0
0xbe2e10c3adeebc2e2868e27771c0ac8e3a940bb6,0
0xc206c9788e2708c890575f093dc574895cb2884e,0
0x0b02599c67cfed56c01018fe551695d9420b3fa6,0
0x964f75cc026d1523b85ab05d05d0965a867ae92e,0
0xd86cbdddff41d475281c4ffa3cbbda702b7bd0e0,0
0x7200ef034360c0b670e2b42ac87f8a207333e994,0
0x3c855a62be21745d393823f867d218cfc2c06b24,0
0x0ac0c9fee79ba8e84ed7ad155ec3d946c112e88e,0
0x0956d04b8be14ebe5c0b23032ccceaf9f37680af,0
0xde8812b1ca0d24204c3b3a686cf2792447d4d06f,0
0xf4748b93c966dc760b5077420b5ec2588a59832a,0
0xc712fbd1bd8485cbbd9fbc7e3800436852c0b4bb,0
0xc5f7752ac02be5dcca011147aed612fce1c62324,0
0xa1db81c43a3013103e8b863273025fc8c8dd96e6,0
0x214cce2b61e53070b1573db66a92b1060da1e614,0
0x9d8b8f1d0da9947a3d109b54c4e35dc13a9de2ba,0
0x5c83563ec638206f1259a5ac63ca4a441ef9c67f,0
0xb97fe8290fb3a3c436e252abd0d0b8bd61fe3ed8,0
0x0f0ba73e0fca9f1dcaa982083b8481d5dc731cce,0
0x480421adee2be39a88791ceb3dbca73445d73462,0
0x194a9f0486df1df564ce8a3258ae38034229c700,0
0x20e15974f5b7ac44e8acaf6f2d2c5ad7ae58a394,0
0xaa92887cb77cc9c9352bd082fa61e550f4961ed7,0
0x164a149f456e2086b9d08bebd78e553d76efa2b5,0
0x585f380010d821b3d3ed56e576a6502aa7b73bb9,0
0xb70781542bcf349b17445ccbaa84162a9cdfda74,0
0xd60caccee2c86d0f952feb434f63dc01af7bcd20,0
0xb03b33f97220b54c2a0d897fbaf431d237b41056,0
0xa47611777b84693aa5c6d0157767c12bdf700030,0
0x47e1c65e39740da48f5ca5e143acb8bede880fd5,0
0xd37af064714bcb1e74192505628790a428492185,0
0xf8d92fd68a2e44be1083aac8d7caef45ff37d9c2,0
0xaa86e5719d6af3d7018199c87a0c29b2f078a4ac,0
0x82dff8bc6737e254b7ee091eb364a9bcdfcbb502,0
0xa80df12c99bcdcbba1d5351967033a22b0ded10e,0
0x27c6978be440a93c920cc70472ce26bbe9253339,0
0x01c7bb446654d7d6fb1cdb2faed0970e6c612b36,0
0xa2f2fe943b35dd8932634cd8dd2035a817c604af,0
0x40a424a2fc81b1c21898ada68b285e5f1ae8e517,0
0xf06e0b7fdb15726e7c7a0dcdedf4ce6248a1f381,0
0x44cf4c032bf2538e8563944d9f0e7f173803e83d,0
0x73777f717320a008525e7b057859f478af265326,0
0xa400b0555198930fe030a65daeade48347b9a490,0
0xe97e16f87ca7e018df4ab6cb11f5fc5915b7a4e2,0
0x1c16ef989646cb46f27cdad8c29f2175bc40073d,0
0xc6d08a8552ab378dd718004747bf0fb20d9b855f,0
0xbeb3e1fcd2ccecb53e15e47dcf3cfd40410e0bcb,0
0x35f5916351e6cd8723fbeff2bb31e90cc06a96ba,0
0x90e725db282cc5b584408471089ea2050b89f499,0
0xd4d560adac9af85bb76cac4103a9a00d0a736e27,0
0xaa46ffdcff288a5a7b80153095f4c23785bb8e4a,0
0x2a3f094d8fd779bbc8e659957d7aff2e04fdcb42,0
0x5cc4b5bf4259dfbce7d86140dea1e17cb872a669,0
0xe72b428a34b1ff496f9db958436407bffd06909a,0
0x96972f77c5a9e29af24dc088f18de7e96c82a1a8,0
0x183a36bc2e5e041e2f77d2b89d4fe1d827e3ab89,0
0x8ce44362a8fd93e6d5cbeefe1676d24de0660031,0
0x92c7b9c6132774feb062087050bdac782bd3ca41,0
0xcd007d5af7664b70ef6d1979619b354816444996,0
0xa36d85d55029cd21925e850f998007dcdeeccc9c,0
0x70c49f48d35d62d526f766d6011a002f9cdbb588,0
0x598e93b9a1db1a1a46cebc16ec8fc4a3845394d7,0
0xfe7c9a3e3152c8eebbe335d4af9fe9e35b91844e,0
0x97462cd6c66afc943b046546d491d9f462169c4e,0
0x37cf7dcaa6c2590e8904407e19d291cf3e3c876b,0
0xc7df926d7a19a640d94447983b5213aaf115f85d,0
0x5b330d723d41774ceb1e4799f24ad0393b92d16d,0
0xd85a4ff66d9c48b15594f364115576218ddcaf66,0
0x3d1b7c1ad57df84baee69c94aa208c63b26b6ffc,0
0x27fcebb0303af33177397ac1bafcd2cf4c6b45e6,0
0xa5e3bb99d49e6d3306e382c3b14ce7ff03398e52,0
0x6387979d1ccd244ec86062f88e077042fe227c1c,0
0x84b22ad621ce1a21eed1768554afb28863dcd2f2,0
0x7e9dc815cd79f9f527adb543b27caec26d03ffcb,0
0x057b449b00a7edd85dc52cf69f4979a4c945817c,0
0xbcb3a174e9727b2fb6eecd209c0c2ae9f7c2e87c,0
0xdb53913377e64e8072cc5229c49737085a20c397,0
0x5a44ba40364703ac29efc92d857600ec12b3bff2,0
0x4afa3acda03f256b9fd10066b81a8dc17d8a9138,0
0x9a2989ec90e4921f07253d7e585e06335c74158a,0
0x5a2ad16b7b99468cd6957f5c21546d330bb52207,0
0x64c4ed10c3ba5ad296fe8fda3ecff2d5382a4267,0
0x4a6ada7095d149d9f33d6cd661ccc23ec2f270cd,0
0x106cc30bae084877760c5a0b195aaa92de9578dd,0
0xa9a29022fc4df25ff41d7f047a416b070f507095,0
0x167126213406d672528e512a6a6a7e47b91f8c5e,0
0x8b26e8cd55778964f723e1a9f0a785182ea44e58,0
0x05cb2bd230bc44105ee33e9053915e25b260c3c0,0
0x75a89415cbbe942f57d9a69a4a121ad0f9b57727,0
0xe960a0c4d955a5a3c85eb7fb65d995060350727a,0
0x52369eee444b841b378f77896d81c4acc83c71ad,0
0xfcb38d57abc8211534079a5804548777d83fc02f,0
0x1b50f53769bdbf667104c60aa7cc14651ec1641f,0
0xbb3d94ba3a26ea4c11a6896f2505fc8a2e619197,0
0x6a5f50cfd02339ee6fa7e952929f34f67f48a853,0
0x60f217df3d1318b24e126ab6f106495a97c4a8c2,0
0xacb01f56cb1ac2795efcb2c72fea00dfd70278e5,0
0xf6028fc27255a69f2f3b0ee0c7663742794bdff1,0
0x6b2246bd51252562415ccb3a34ad062f731d8ba6,0
0x8a74226dcafc88c1652075bd515d088b048b2fed,0
0xb3b80d7da298e56ed3e458083134810524ac0525,0
0x159e0a60b9227136b67f98f8d3efa42d61f9ca9c,0
0x439ef49f1236580d437e23754530bc9a81c74be3,0
0x3908caff03aaa94ca49175d191a68ba14daf8a90,0
0x278d8d941ced78b8c33691cf0ebada20ea935f24,0
0xe96acb0c499a20eb0dae2623c38e3bf01ebf9114,0
0xa3bc9769bd4a1f0aeaad093ade14f5c17e00b27f,0
0x824a79373ed785aee1e19f18945adf3d9b1af3e9,0
0xe5c5e0fc42e37690203f57dd5b5cd7cbca327e7b,0
0xc3e044cc34185397fdcae285881d377c01addc67,0
0xc63f7ec59bfa91ee05ece70b1b4c9cc0477f6011,0
0xdfb892e5f1f3803691cf305c6e59dbe4ee3c7ee7,0
0x09cdccf616b936bb67023a7658c594f444113490,0
0xce11a14c225d35af7089a9b60dff5dc01beb7115,0
0xec3e79a46182741a09ff8ed0c2a9119de3b421de,0
0x52c5dab3f5281905a8b3c3f3fb753a87c2dc9ed1,0
0x0c05693823e887d32aefff45f49d9f82fafe430d,0
0x92d07bf33bc94efa7f82749aaf613cd6d54e7390,0
0xdefa9eca1c2be09d5f6cb082a22d9c83738328b5,0
0x581bef6e77f23661a3c933673e09ec48e0186a17,0
0x61b38d066620e16b9c4e341cc3916b96b9b8ef3f,0
0x1ec9481332e6802aa79edc471852cd50e9159522,0
0xc44ce8365df1f3fab458666b9589d7bc027d6bcb,0
0x770b59f39bd712e39d5ec153bbc1221948a6d69d,0
0x9a35c0eaf65326885eb88570cf6e3e12229c6a2f,0
0x4b57d50b3e3b0f15d736bc09ccd34fdf74844051,0
0xfb88d58a457af424d80d1d5dd11fe9c4fbf8afec,0
0x340323821d2d5f631369a8cfe341b3747a32d1cf,0
0x63032fab2bd705fecb424453a81918da28efb53c,0
0x31955dd1b4b5a5b56bdb8e67106d50eb8d09353e,0
0x02a9ccb74ec0b71812e027afce11d915f03c3550,0
0x12924ab5b0a6c9ad629531c7343f99c444a59231,0
0x51af74984a800d5f44fe659e64f8f9ce827cb24e,0
0x95df25894cc3e825d93bd43aee70298f81d61dbd,0
0x4c89a75bd6e7f18b76d039a237535598cc0d73ac,0
0x26f112abbb9beb371878e1a3ba7dc0352dbfe8e2,0
0xeeac74eb9728f46b0a502728a572ff4f365964d0,0
0xd5cbe661a8a6c0a1c6a0da61ea241bb80d23e837,0
0xa3dcf2b41b262f444d8272e9e1b4619a0a8dc217,0
0xd2b10f945ab66d458d4f74b4c67fb837619749d4,0
0x76eda86aa4203e4ab4cb9f1beded8e9c7fa3b437,0
0xd1b9d0fcde611777592654ea7306de65813cc41c,0
0x933337f00064fa726a0d66b31d71976c1c4c828a,0
0xcd5113144d4e71c746dbb58e0fe851ea0f10d2e2,0
0x464c9dd2c82924e0981aaeeeae87d6e64a3173f0,0
0xe60be0f4bab659c12575e308512b4a6fe6866a2f,0
0x6e03995229d73f21f4bc53d26fff60f4ec45661e,0
0x1e893fb9769df2f10a99603e02e7f0d9ce18bd6b,0
0x9c62f6107e524619da7886e32549bb93b782c5e5,0
0x61615502557d3ed20b83b3ae1f0980f91a136f31,0
0xd53ffb3c95116a2a96a8b06d5a288e0b954afb97,0
0x69d21dda5574b9d1f9b83d8491b209e00c451661,0
0x076d5d133db9c7a4527b3d924c775aeb2b598812,0
0x1725f6614219fac20dbc5c27ef02caa714421f1c,0
0x75bf67138539419192ee9b2b671aa67b3098bead,0
0xa72e237bf4884765db624fa9c67dc333c2aefed6,0
0xddcc7bf27fbc156b439cda538762c206f1422cdb,0
0x7439d49c5bd473e25ae02ce7aeb57ae94771fb0a,0
0x948871f8bebe582f0c344f084d36b1da3430d860,0
0xc8674cdfeedfc593c3a27aa056344d35e09df822,0
0xf0e8795f4d97986fdcf004321bd16948680822b4,0
0xba324c29128910501f0c43cdec31d9ab8a7fdaf8,0
0x718d2e7690c3c0c1e42048955fb142e599d05e96,0
0xb206bc1e2fb3cd8a1629735a918abc41ca2e79d5,0
0x9f93304dde5fd657a53bf368b075607a3e5798f6,0
0x065e608d9241b449182a3ed217593f4fb0719943,0
0x3096f5088e80f609e954719fd61a7cf26468a712,0
0x3c2c7607b9fa60c8700c11994207c3af362a4d35,0
0x8dd4bb7be8913ade91102cb6c7fbfd1846711fd8,0
0x324018ebf08e7f7268d5bac6ef149d0fce99fb79,0
0x2b9909d8cc2027afd3c353d3e1ee21219732ff8a,0
0xff0b006a9e9cac61b3146996ca6164e464a9b5fb,0
0xf175dc796958c8c3051ee27403551ee6f00dcf0c,0
0x6aa08a83c6284f1bab504cc87a32ba05ca9f665e,0
0x20cc1612ed655f4b4b7769e9f885f5833946c0d7,0
0x0fefb07f8529ccc90fea7084106e804bb4e70231,0
0xf69e74b2d34c93f64fa207fefcf97b15785b446c,0
0x164397dabb26fb192113804a47929621c8a67fea,0
0x01360980fdb56653cc35c54174ca74eed62ed7fe,0
0x3ce86f92325e9f7cfaa9a4163f3a5b8230221640,0
0xc604fd65664e46a9b572b5216d053a425a9599e0,0
0x91b557ea5dc3f41d8facab2e692f64aa9f2f46c0,0
0x7a7adaa6bdd90452b9259557d559dc0aa00b6e08,0
0x611fba90e23ceb99a6336c701545b260e33db394,0
0x9cce0df54051e2f958a2c748ab58dcafe0fab213,0
0xd70c7a4b6b23d002a26f28c62274d43a8d8ca2ad,0
0x613805e4ce804d77bfbaddf50f779776407bea61,0
0x8a21ba785d4604808db4eb18f44f0d6f1c460ab2,0
0x1112efe77f359da6116d4d90745d410fcd4bed26,0
0x26246d40abc3ab3b29cd535c6781f0a7b5617fee,0
0xba3c3a8a205fb45705df4fabc66401e01c8451ea,0
0x2569f12d986fa35448da7ccb716ec97de5c53e27,0
0x2d9e1c27a5df8050f69d35a7dd960853b6dd4621,0
0xe57c83012124806d92b20bf34ed02132279d1a85,0
0xf2ad7e1f0f098533dc1a8be3d6753105abb1f37c,0
0xe5dabbb4116afb81ab8c5c6a32f353e63fbc8554,0
0xc2166b492cfb59ed6432fca8306d7c94878cee6e,0
0xdf6bd7c0da4a43c184a03ae93440ac62c14e0784,0
0x4e76ef66fce7b4296c89635532902c3c4e26ce8f,0
0x1f82d25f9a7b628acd355c9b55c758d0ad9a5c36,0
0x15b10b035aba9fc2143ed62e8e4d62f55487372e,0
0x5a04d14c43e9d023add45d3bfad2d113daa86eb3,0
0x214f0f49091b672e4a88045fd0da9a982f5d23ca,0
0x2a9c2fefc9fa7eb932c6e5a2f24af5c3037fcd51,0
0x258a4e824992dec7a6d23064edde8e2ffa5c94ab,0
0xd5ae264272d9dfb165e70fa5a9a82b9a4641b7fe,0
0x866f112ae18d2bb3ae4f7d20bb6673afe5caf711,0
0x6b6bba246a3ac191c172c3a7d432de48cac25c80,0
0x471ec2d41b4c18af83bd5630c4693b55057f7006,0
0x91e80fe925f6e549587425b8d370a127e669d18e,0
0x539248722e819766420f8d1df76195f336c4cacb,0
0x81336724c49b876ffaba20aacf32d2a80b9cd4ec,0
0xabd3a87e4ccf87220dc6d94bb2d77b6187df7e26,0
0xb72aaa087f554a3a91da0fa539ee36b9e25041bd,0
0xa1ebdbb441e4cc6334dc3e4ac8cf1985f174bf5a,0
0x491ce23a5d7b4a4382b11d62c01a645ac97e2032,0
0x689ba72f5b29d7d22084e8fbb26a8598424a53f9,0
0xf7d2422a13b157c5349a3d17efe61b1c1d3bb3be,0
0x0e30e86e0dc3cf3b1d55f5fe292b007df5979059,0
0xac318ad4318c86e6d70c1ee551f18f89cb8e849a,0
0x5ff012d1de9c07902df9d60adc983d94d95efb0e,0
0x0f0f1b9cd7b1a57d9b9c4acf3765d36491fd23d7,0
0x3f5f8f3557b6684073ad553d182dd39afb5e1d64,0
0x6dcf52087a9f6bd5c8a9b9e7c9cdf2b444eb98af,0
0x055231ecc2c4435c5762183317539c4b81c65184,0
0x3d2a49f6df7a3b1c39e51cc4caa9f9209aaa908b,0
0x3aeb22f36a833e72319d7db82663adb241f60a03,0
0x765980017a941e7c1221a4882a301b263db35f2c,0
0x8217b3a309d09b96aeed26485af52285383f191b,0
0x3fe40286135c8c13e6a64019d29650d0bc4621a2,0
0xc9801d7eaeb4e2e698b97d70a6af6817187d1e40,0
0x6293b1a0003ccd223f37e56f32694cabd6e0a9f1,0
0x16a62cad848b1c406e4917ae9f0a1c5efbff65e6,0
0xf4779664d0a72b26a7997226d19f9dff1942b460,0
0xb5de0e85fcaf6be92e4554696eb277acf51cfe1b,0
0xa81efe956b5ae1ee4d2ea2a316bc5cdbf57a69a6,0
0x177a02495e98756599944e62ddcc1030767c8ba6,0
0xfeb09bc4a8474f649143be52cb6d09f96d1a6b5f,0
0x505e09407250740fb5401c8f8996321a9675be42,0
0x244df1ce7757d45fee6f5ebdf411c638d58caaa1,0
0x8b65d2431e0ed73a4361840a2eb5c1d3d65d5958,0
0x32d82591308683cfbce0a247aa12efff448f49a6,0
0xc64aad262316d1fe9f7890064f613a765936bacd,0
0xee69c8754b57bb6e22a7ac376cd3398a70508c79,0
0x154944460984e8d151302672dca37bbc638b727d,0
0x008b7ee10216f528d2dde0e17e6b464558208a7e,0
0x8143384766532580a40cdb0c055ea6bea14bcfbd,0
0xc470d4eb6dffabb6962a0b76c445d5e4afb4a291,0
0xe9bfc0e95e85fb5b8e05a039184125cfc4e5e3b9,0
0xca6cc969c0216f26f84a92bdcc012442875c6a22,0
0x5b2b590942f035518c0c68c31440f931e5e8e108,0
0x14a72ed49ecd2887804a24a4120a2f2fe542b5ba,0
0xa385790658c55a57420c5c80cd7b19b6bfc83bbd,0
0xc2cb89abfa007ffee52567bb5e4a9ba5a13b5b7a,0
0x070ff58a0fbdf06b5450c9be4cf29d4d38e6ee9e,0
0x588347e8c24e82bf1e8691598ad511c457424d68,0
0x23b6ba0494c33657d5ae65d62e7d839fae6f3b5f,0
0x0c7567d5f655b860f1126a9c14e46368e9806102,0
0x024739956689733114871ebec1f938b1fb309836,0
0xa832f265df405e70f3a8f25c8c47043b3a56c1c4,0
0x173bdf607487e3082b080a7c1c4f510ba2a5ab76,0
0x8dab105445c1d6e2dc7efc9e0c6c428d25e42f22,0
0x04bc7e1a9649048f4203769ad4bca8257feef072,0
0xa3915ad435f74fdb53059be7b695f374d870c9ae,0
0x8473e22a5c2d0f6f7613f06461c6ec3d0f58268d,0
0x1edc9c6a595aa3fea1f9f07a44933c6964df284b,0
0x39fda1913b5013828f0b0c133794e4ef0a940bda,0
0x15007204fa970d1ddbcdd0dd16b99c614a405aab,0
0x0f12e94ca87ab26c2715fdce73196a3dbb1e3177,0
0x2744eb462aeff862aa2d20240ab1c2c27cfda9b1,0
0xb3806264d85415b6e0bf1e015177fe679fbaadff,0
0x7e88ef0d72a59d4f7b29ff4eaadac009ec6e6e6d,0
0x18e669d8124d639c8226a443439f39d41fd37ef0,0
0x2c0f33bec8d7113c527baf0bb79b0b44916b7755,0
0x2bb59a61bcc09504744a7efddc1448be346de002,0
0xfb4969079335fb101de2bcb08bdf9912fbf1576b,0
0xe9f2cdf3ffb68329a3d9a6ab89fcead68d7c480b,0
0x62a5d2fb925d3618cf258c896866e5e512188645,0
0x6fc5b587cdb7ca8b869f6e093111843310e05201,0
0x34d0a0ad22981bdf8e9c62aa01522100e616a574,0
0xd4b95591505486f5e8fcb35f9c0b105bae079d20,0
0x1752f53be9cd1994fff3d4ea774ec4c46c3e777d,0
0x8c6b01925cc690ec98b8bd3c0020924275fe6925,0
0x625e4ea73d72ecf71a87c1ec64a6f0492361749e,0
0xafc4a167eb1eb3eb5b6ab2456af5702924d5c681,0
0xa3bb886cd76714d361f72f3f1180590c008d0604,0
0xd9f9d6501583c4095c2951b742176954159ee70a,0
0x57972ed8c3b1fc66487669890da78327970c75ca,0
0xd78e0ace32f59bec08f10cf6cf8fe71d6c732d4f,0
0x7478de433ad9c4ded28651bca78f271b682008e5,0
0x5e5108decae03a97e72f0f3521ec828ea7f41adb,0
0xbd21c392a3ee2741441ed1472a5b936115bfc2da,0
0x4a9cf1992fb9ced60b551d7c5fb17708c4f455eb,0
0x3f62e0675418315d7312401776d71b4985d449ba,0
0xc9ec849bc141e0107bedcd1b6183964c36b170e6,0
0xf0436b35386367011d496710d7370554035e8aa0,0
0xc075eb4b9b4d67495252559164320052efb4dcee,0
0x7ac36f4fd205125ecd7a629caae8d385106c5c7a,0
0x8f362d368bee869d6c06344ff2101b444652f5c8,0
0xa9d03fde765c6b728358bdc9c64a6fb0dc3ca4d4,0
0xa468daea97a12cee9e331ba857888c5fa872c211,0
0xbfa6e98fbfc21986b0bda98b4036bffa218739fb,0
0xed536520b5c7d2be1e11ca04e14ee5a0ab76a861,0
0xb9639306a855b857e66840fcb0f68676a776212a,0
0x7d627011f9dd6afd6d423f51748bb81c03278d1c,0
0x186d2c986e6eda978d7d193c2d2b9f2d4ce7a347,0
0x79117fd016fd830d68045dc8614c1af7b743c800,0
0x69e6c2c94958ffdffc13a14f33e1febe641a39c4,0
0x089daf4c679bf5d1f0d68679b98e791ad31b5c88,0
0x5b41def8c91acd3cbf11702f84fb9384f3ef0b0f,0
0xe858ec0de73a169271cc6f569d5bb57b7df664bc,0
0xec63b517d9c93498af7c69f895aad8793c60879d,0
0x8aab8a8ad846099ecee39cd198f6c71b90c9cda5,0
0xc05284854ce0a6aa9068b9d373fe7deb0eae38ed,0
0x003293f580daccc78513ae338741dfdf2af25da9,0
0xe67009a459e938e893efdefa6ea91e64f73c6a26,0
0x9de021916356ee211b94623e70afe42afe186953,0
0x802b9534804efe9bc2cbfb4efd3332c1c56f3e13,0
0xc4dcb2ca68f48ac6a8ab854ad75084a9d6834d46,0
0xed52e1d77757a0b57e296a438b719f514193d112,0
0x2fe9573f8a56ed181fb8e90ccf7506cf260e7852,0
0x403ea15488466709dbd9498a274dda5f9f0ce4dc,0
0x3af83e9e722885ffd018567b08992a5036cc3560,0
0x2f9c5275682073c8b5b63c40a0a9bd85d2a404ce,0
0xcff4e7442663f0362cbe06a55101d0c91a685ed6,0
0xa69b7bc2b6de34903ec6da9b8b5d178a87e177fd,0
0x49edde75630588925e710beda21bbc76661571f2,0
0xb7e84a2fb27c738eee6907428b02e1df0d146727,0
0x33f074d2fbafbb2c3dbc69d0513d0cafca039b2e,0
0x70be9f2ca83c4cdf239463010d2377f21720671e,0
0x15c8518b7c721752d64a90a0420fd3a830ba3939,0
0xb6b5678e69489142545f69f4c4b21a344e1df4c1,0
0x2cf970afd494f47a1117fa155adfe3b23b3318f7,0
0x363c7a1b9fef5c1ad6be063c4232e818a75d3999,0
0x4cac4c295a098810d72b0419db6b3b59007d3119,0
0xadd6de1b46364d38b05be0cc09630bdeb54f5ebd,0
0xdd6baa13a598d946a2b5339b2a0462437667a321,0
0x058293924cfd0dd10029155b9095d90f26d16f6c,0
0x1606c435311eebcad2970df46001ee034040a00c,0
0x62ac92d3500a75c891c17d6157f08d40b90c6143,0
0x7cb1fcc04183afae741538a0bd7255d747620f09,0
0x7ed09465fb58a2f177c4fc08839610d05766b78f,0
0x522c9979aa78ed4132ca3916f2914e6e29fec18c,0
0xc977656f24218df6e26e6821d7d96e524046e34b,0
0x55ae8ce08fa77f1310831572f98cf462c0ba3d5f,0
0x1fbd1ea7bf1aae54ffec7061b67a741dc4ad99ec,0
0xcdb228d0e6d9be22ce66ade3e04ccb4f5946c7d3,0
0x26fe232a5c98a13b117b47db1c0599ce370035ce,0
0xa57e206b67ce3956ef9344a0db77a40530419584,0
0x487176ca65b8bfecb91179cd8e16349d4cf0757d,0
0x2d5f4680bb310d94479f3d3859fc09589762d2c4,0
0xce1a14e2599cd2f09d508bfb63e5127cc7564fad,0
0x0c502596a95a0752d91c14e9822f0c57f8508a23,0
0xb06221e797fe9a1f1c8b1c4dd059e383f1e687e5,0
0x1f8e4522870ba89f470e28a7ab2faa7b8b26cfa2,0
0x79d3e3623e33f554af9bc9bf2f8efb63fa6b150c,0
0xa250c8384f51357a4e89a696a361c5b55106e3c8,0
0x156ed6fa77ce4e9aa794a52037735d2e3ce3625a,0
0xa2abd83d4f8e96839b28ac6831720d6042e26843,0
0xdbb6261fc091bfb5a9cdafd72a41458769fa2354,0
0x3e81367d4b62ff734514448390829fbece4ba258,0
0x0f892db46fa172bf94d4c6ed18c50709fa5f51fa,0
0xa8df199cb33b2dd7d163d9e2aafcf5d745445e25,0
0x7f9bf30609f59bf7bc5b715e90f3501eda8d5cc5,0
0x6ff79b405254a8517e726cf3b0f9e335d90565b7,0
0x9d173fd0568cf406a38461bf7e49aae6bb7c7b72,0
0x3534ea92dc20bf7b680657cb10a65d8267a6b071,0
0xba5c9ec81c053e907aee5f954c4fef92667f6a24,0
0x14a409056638e56c8f2dd876ded1f1a5b117219b,0
0xca84e226988fb96465d5fb836c647bcecca190bf,0
0x26497cb09cb2bfb701a8b73d9a30ed7828f9d1ef,0
0x707d5544f7fd3a7a29448b83662d38c56339cd54,0
0x2f1a8fd6e3ce4c25a4083ab79dc3fae7057471e6,0
0x852f4a5bc38531f9b1a3b1c4536740081158ca3d,0
0x962476d58d767993daa2678cf7686b4bb5358827,0
0xfdb287be4e3caa7912812c1c3ae56abfd37d400d,0
0xd36dfbd85ef4f975e81aeb76c9ae94daacc225f1,0
0x99129940eee753e43e25dd0cae0a2b9810ef45b8,0
0xe308323be30dee99ebfe42f33fcd88f8a7fa6297,0
0xefdc95dc1758d3b9f448f588927c7fc61126e2c5,0
0xa0698910ff16238716733de6d9ee64584227604f,0
0x59b794105571e5fc70093bb15ae91494549988a4,0
0xd0abe5a2df182656b0fda53a0173c98db93074d0,0
0xf43816c30708fa9d8956be59c9630d07acea8eef,0
0x0bdfa430b86ab664cf45fc9a4eeaff2baff4004b,0
0xb2c07d0b0f4be629fcafb59521e85f8dc30eb03d,0
0xe56911a8bc4ea8fc43c114c03ed3df19b5b5b8e7,0
0x4463ab25e8c79d3c895130ef13741a73f0b57bd1,0
0xf80c5b8acea1a86e08b6d9cd216e671295c36e2a,0
0x3be980fe62fd2beef4a9fd310c9dd3b0c14d9c73,0
0xbc0501a471a3812aa1376d7e15fb151c57b092f1,0
0x3d36b9e635c2052d1f2883c9606e7604eafc356f,0
0xd3f696d3eee9caae855056e65aeadd4213aec59f,0
0xa694611b65b0c19e23d3c39e9665cd6f1b0337a5,0
0xf06f2468bdaa4538479c39483fbf0922925a97dd,0
0x12811bbf6e6c6951fb60e6e24703e9f83461bbe9,0
0xea68094d5fb2f28fe884f76cc26fb43ffdb8cf68,0
0x40031adb323daefa8cfd81ebf7aa4e88e506a49a,0
0xc468f676ffa975c7a8c4e13d469bf80a28284c5c,0
0x68128b91930df3703a7fc3d779267a7cb0ee3906,0
0xbe3c80a92becedfd05e69f5b391b0c96bcb4f53b,0
0xea29ba55c4af5efbbf7cf876a4df005d88478fcc,0
0xafed8f2ca09a7b43e920e7bf2923c8c0ce226ccb,0
0xa31043ec071a54fb97bb0fac6a17383a30db654b,0
0x9ce60624f22cd379db2532bfe862a0e6c8a63b1f,0
0x4e5ddc06e842fa1ccbef8e589a3e627ff44242e2,0
0xee5de39f940902213bfc671bea4b713213bbc0e6,0
0x746b8f5cc811d1a1b729c85822507d529c8d7d57,0
0xbc6648240f2fedd5a9e5b453548d636d0d8e30ab,0
0x5d22b05d1165bd71a6dde2160e9182051af6cdd6,0
0x37ecf50e8e3e49100c0a92a126bdf69a1eaffef5,0
0x879c0745fede25f4a8846fe223a0e8b0bd912730,0
0xbd423a223acf21b686ac1f28c00e97cd3c61c28c,0
0xe7300dc50074b6c62ad01f4dd3fbe20027cc5d4c,0
0x67ee084a301bad3e007d202ba6779edb6a9b66e8,0
0xdbde6d2f8c81cd93fbf98ee23e7689911b4a8975,0
0x23c70e9324c50fd38d8a0f992c4c29a88d4fa4c3,0
0x5156c1041cdfb449885c6c2ec89090219845a138,0
0xfba63a1fa7b56311678aafcc5f2f5a4de0c6cf73,0
0x94cdd82088b262197d90cc6d621c15050eed1d71,0
0x2618f5c6181c6645f252d130626ccaab148d6e65,0
0xbdbf0c4c9033a4f94a7687bffa3ac5b2e5165d77,0
0xd5471a8779e01602b602ac7d8ceda7059fc64589,0
0x7248353529b3957d4b9a21f1209847e0e23fdb27,0
0x8fd6b72dc262c33a10244f6f09a7cc01361ce020,0
0x3729e1675c7f51457dd191f77aacc65e9d10c2d3,0
0xda0104a1de02323d6bd3256d8f84f56f5561589f,0
0xf1819293287722b482f4a2a5e57ba6c2d03a0887,0
0xef940970e7510e14a498bae5b1623a1211fd1bc1,0
0xc280dbde5036b38674420c468ed978eb25388c62,0
0x8c5787b59c888f46c9ae6c0516e3df7dc694144d,0
0xf96dca206580779b1750e0bea211a390a1b2e77e,0
0xade1845a398d09d8a351941ac91f51b25b5cc454,0
0x9993538ae00bb2aa9c67cf2758bcf06c7a605efe,0
0x3c9b437ba53a683e67eccf605fd0ec1b6ba85a04,0
0x7175810599b32766a8a0d8412aae9cd147e67eb5,0
0x37130ef1c87548a03bfa09a9546e44c96489f33f,0
0x7e9c9fb0e170c8b283c1fb34c11bcb6b5a7daed1,0
0x84b38d29c89dcea333690a4e80b41f6406c0aeb2,0
0x3ac0031f2b18dcd41511e43408d0894484a94b2a,0
0xc6f5c0cef372c1fe07180dd4daea70e10e8d7128,0
0xb48b840e37807a0f48e454b7b702843dc6ee1021,0
0x2d7f588dcd6d939303daaf363bf686e37a94eb94,0
0x403625505011e9c67676d218f3db55f9b7efe8e2,0
0x2e0ee232f3416a2b79943cb068c49437f4e17a0e,0
0xbe33459991741946f0d57ec56dac9518463f315f,0
0x7e8882a81559e29285fd3494a3420d2fd324ebf2,0
0x5f596ab9ec7759e82d151f7e807c68b5e79626b1,0
0x8fe199b8ee6a162f28d5e2a8a99dc3a42107b464,0
0xe98c091befef4abc66e956de291809126b3636c6,0
0x3fce89ee6a1bf5eedfdf4013a72c6ff9aed64655,0
0x2dfc1014f873c27c4595507d9b7bf868329dec97,0
0x48391cf86976c9f90f065eb1ddf6a1e789a4152c,0
0x5428d9a816413d2f9a029d775a0ee3aff3c8bee0,0
0x6212be3d7eae68cb86e3a390d21fc47e110b680c,0
0x7da0a20b0a5e6f334d91dd520970d5e0fd90f9c7,0
0x701323dbeb9d9dc71790abe4830a2e5bd7a05073,0
0xc785448dfc30ea1734c888c338d03fb303ad5fca,0
0x1d280ff6d494a033e698ebb9f844ee36704baf72,0
0xf1221b4baaa995c5d98876d1477f9318c05eb456,0
0xf9e5d093e42922885bc9446768001b395798a2c6,0
0x61fc863cd24e6dcb641c82ff66015907b0557da0,0
0x062ea416c4eab96fe76d091f317ce0e7c591ff0e,0
0x3750598be50a3ece0184ed46c3e9f7ecdb56d806,0
0x289071f38caff4933fe56317593144eb2ae421e4,0
0x6bcfedb9096c3c4c2477410f99d140b7d2f5fd33,0
0xc5b515de45ea2f08c28ecb1e67ec07fc91d6b0a0,0
0x121934997006dd95438f12e5111c419ddd07bae4,0
0x46abb52b07900241bbdb308862d05734e9ac5b9a,0
0x1e0e52018b34cbfd96ecd822ea1ff3b0b80dfdd5,0
0x55053ebfb8da3e76d4c496974c4f2a7e8bc11e96,0
0x404f248605bdc12c5aee8dfcaa6d0233805816be,0
0x2fbe4d394bb00190f613fbdc280ce4d1ee84ebfa,0
0xf464de2298a11c9c05b906f2de0d3c0b42d67264,0
0xe034a1e3c821bbfd9b04c5072fa25c1569c5e02c,0
0x3bfc6a119fa986ca0bf5f09b35f17b2dd9e46a60,0
0x8e3c433a15f446515736f4c46d5f1f1cb7f0e636,0
0x7697b00fb75b5298a556b97c989a04b2f748f692,0
0x476f6c5a0e2a6e3db260b5f8e2a4f916cc372d3e,0
0x696bdb79ab7c34fdab6a7df0b473a5201ced45b4,0
0x45b55bc6dab7d9abd43ca1811ed39a21482e05b1,0
0x0ac466fa98ad4576e651a96a084ccc51148c4fda,0
0xad153c7f38a4d21271efeec9b1bcee678af47fae,0
0xb4cca90c3b68f9180b4c1e9b81978bfbea18f004,0
0xcb2291eb74fab25ff38639fd9ece29abd2b6ca7f,0
0xc6e84d3ec59142b28334e8ba8a12ad7b188ab88c,0
0x9ab6bf9d20fe4259c2b1a2a3e5dc3ce02d9df819,0
0x392b70a673d82847d2d71e5bdc19dd592aa95803,0
0x3d06918c40290e78c627a083d954dc4b10715562,0
0xfb09d9a0e2e5ea2d3bc73b27c44c06b2300c79af,0
0x5b9f5a399e31374c4e7710b10136d5171f13bf47,0
0x401f64ea79a3901fb67cbc9fd679ea3113a0a472,0
0xcba86844f4304ea6a3a2459896dc7e04dc3f8975,0
0xa2282c856bfacee01bdf371ba6d2235eeef01f73,0
0x0f3b0b5f9589f9af538b19eb4dcdc8063e08f584,0
0x0f0c7766a216a15dd4688cb8130c6605b6acd42e,0
0xc01b9fb01919b4db11a415aec85d335c3b821faf,0
0x23fbb6e87597dfccaa50576065be949c53878175,0
0x00e2594d572a19b577414a89fb7bf7543b2e7924,0
0x914c9149dd36cbdfb4d1f02345b2e7ae302ce204,0
0xc0cd633eabaa44475bbc4b2e970ef22d02977eea,0
0xf8dd2646ce0b20931353b7daa585a211521c90fb,0
0xb2d4ef53abd728981f2716fa39aa4eb654737fa5,0
0xbd1968a909794f7ca1e8b8b0fae61f181dba1eea,0
0x87668ba8e8df9729ec6ffbd7ba2c9ad79f811e87,0
0x4d9812b32c0b79a7a262a4e3ef7a35f9cca3b034,0
0xd7ed93b178c330f1b0d6a58c9b3e6605de571aae,0
0x16dfbda5988556bdab934505db4b7fedf86eb7b7,0
0xb709a1c495875369835f72065c12c5c79d0742f5,0
0x6c2741a26f39af006468295235480a065469580c,0
0x1253b45b7430732ba6690aba100e953928e54b4f,0
0x39c8d97459e024aa06bb4874ca3e00e94730230d,0
0x1f30b8b499b9fee0ceaadfc44859747c23bae5ac,0
0x932eb639f6246c4341174a126752e044b863a135,0
0x857ca0ea3ecaaf82966770f2bbc49a7664270532,0
0x08e4eb01b060fad2d3a0e87cecb08a0a06c6f382,0
0x55a7a313e91768a5e95c8662d1e25cce5cbf8810,0
0x8908cf16f31eec67957900f1b967c40994f770f7,0
0xad07c73533dded27575a729f62c12511d6fbc7fb,0
0x251e16f5ae8742cc9df07dcf24e91e9d89edffc1,0
0x3bc64948a1f917ed29a0cbbb10b90096bf49584c,0
0x99d269e22dd977399ed1f30a6c08ce6d4a3d6ce2,0
0x7042db611ef0a66f6ac62bba345a684f27c9d73f,0
0x9f86d6173e91c7457fe1ae2d3026995cc69418b5,0
0xe186c159a751e8157c0f4e64a2fa524c73d592f5,0
0xa2899e5e8fa32814a052286c1ffeed387f84b948,0
0xcd5f57dc0250714cce7c3793b1400437919b0b22,0
0xd7f62644e7884506d6186a9de3fd993048de8e1e,0
0x470758c2be2b77192968bf680e392a36fdbc1f3b,0
0xb12e5b795f534cec58f5b4498c5318e1c98dbb9d,0
0xffec9ab8c0e1816561884c1e80d01b6503fd1e2e,0
0x387f9f6ff7355bd9d4827107761e10786be2bfe2,0
0xa6c5f3f11608efe8026564186ab5c40bea0028cb,0
0xeee27751b6b79d7b37583861f3105ba89fb03cdf,0
0xa0a25ca962089fff69e533cd3f21ad05da01b7b8,0
0xf631ebe2d78178ddeba9b5f81ef2ed15297187a3,0
0x3284e45ba2534dd188ec431eb55fc6f0fa3e8079,0
0x9a8199da7ee748ce0f8dd0153b2da6fcd1dcbe28,0
0xcaeb5cbfd537011a1986707b9ef402e23158e8ee,0
0xe6b7580e58f6d2107c7b5b57147f1c3acc3ddde0,0
0xc49fa5adf525872b73bbd19c9cc058de0d14d3e4,0
0xb6c68fba324f86e0603fc761c4d2841ac3962f92,0
0x6837e88513ac604fddccde9bcc2c8f9e6f71fe5f,0
0xcb6680703bd4fb1a788e412fe693f4c480f1c3bf,0
0x24bcd0387dad29c8ba80962bb71c3891a22e88f7,0
0xd3935435b0fd8a185357170fdfc4aaf6044d95b8,0
0x6f3a10da2493232d8904457c009f7fbcf2806117,0
0x7c9dcdbfa32747daff0484181440c31aba4727d9,0
0x9d99b608d1dbc6186046b97f437a8499fb049d1b,0
0x99bdbc991d07aeaff8756e62dcc79949d11cf3f3,0
0x141b43974327dea0f36c4f6beddfc86f42b6ff04,0
0xee1a431d410394bd8a3046e2ce65da4337431217,0
0xbb331b6bf2283eed8dc6ecb63003a02de1f4618d,0
0xf9e73479f3b8173449d313f365c5feabf6cea9c1,0
0x3dc094cba9d7ec460960bd342545d839a703d4f5,0
0x9b2b2fde13711c44733139cbff88ddb90386dfc9,0
0x7dacfa2f99cfa30ba6939b6aff2da71874355745,0
0x5e90cc33e576cf925c078c88c351b06f2ebb487b,0
0xc090e4aae05e0939e1244827d1e760e83dc7c7c2,0
0x39c200d41e71721c1668162976b4fbefe329ae7d,0
0x3854a1a99ef04854150727284b17a19a85518ab4,0
0x3605d36bc88e207476ef0f478aab28e848f2404c,0
0x64c23fccbd15128d767831b7705b12c986aeeb82,0
0x59319b7d6ce03eacdad5dc6668824aa8c850432c,0
0xb955aca8e8de711ef739766e44bdf038dc3ec426,0
0x319f655e1b4c34bbf74305941993579cad61080e,0
0x504c8207513740ae02cd0e1872aef9cd38a6a82a,0
0x8c65bce972a2644a6c5f4728d34d90a88c823b48,0
0xaeb9379b6d47dec406c3da6f89e32385555580a2,0
0xb3d2f3961d027a6f57bcedf39bf177bb1dd80711,0
0x8ce892fd88d31d0066568f51d25ace2379ce79e8,0
0x5409f011aa98cf3bf39807dea19e32be1e296ddb,0
0xe7f8d5433475ad826536b43a2801563a9c422729,0
0x33c9a94d345ece2fcb96f12364243d332260adae,0
0x1468d3a254cd639b91c8bddb2d2b807fa0f4368e,0
0x1f332f05781202a71696a38848f05081931f17a9,0
0xac2dd6e23b01b74c7650fcc81910a9e43970a2b7,0
0xde7465073585a54186978c476fbefa4f510361c1,0
0x9f0cfd2eaa2473f4a5e4fec4e497215472c9090b,0
0x20212c77d1a388de24faec46094b51f32f743f83,0
0x98290bcf668bc67da01bec67731226110d8c082c,0
0x7a097ccabe9787cc3d9a81cfdfabb7a675650176,0
0x920096909c343df1c7dec6e6736a30eddacf6db2,0
0xc4e12e8a29f13fcb23f2b9070f483f8f1ab2fe12,0
0x6593cac32a2b360b3b2e5eb84c4d007ee234f233,0
0xd386057d6c07bf91a66fe965f64a7d29d30e960e,0
0x0908fc8719d9e10e202ce8178d720ab82fbde289,0
0x4fbd8c0df158ffcbb39cbb22756f47b1f46b34a4,0
0xd8534e1f6d1f2f5853ea16d29a19146dcdb5cfef,0
0x2b24e42db2d69e682f4c3f2505d6cbeb8f228e00,0
0xfe40464c5c9c2324ea67e0deb86c840fecb27bce,0
0xaa018a65dc5428e23fadc4849918660df6100196,0
0xe4d1af893b338693b5730a35399b6628ec5f5f72,0
0xc3d7f1dd5b3ec0bfd6124c2ce72734af24ebe38f,0
0x855b937fe7c60b2a943c1b7493dbe1ebcfd986a6,0
0x00460b918385ca07f6a067f7b2418647b34dfb2a,0
0x788d74b1955aee2191d4e579c0c2a16175056254,0
0xd3da12be7f55bc313d0cda2b04f7bca592baa403,0
0x548f5f63692f4bd19f300913c2dadbb9fc82665e,0
0x6e17ecc2580830518b0a8e905a3010cca74c5416,0
0xe5e7e159dc382036db0e687ea12c5f58bb2f8f3a,0
0xbc935f12f1c943797f1423adb48138fb38e9e684,0
0xb11695204c417eceba0456eefdda52a71fec4e12,0
0xbee888ce0d7010c058e387c416180c7d8c72b813,0
0xd57c928e718bb6d6481aef6a97f00bdf8a18505c,0
0xee09b69d01804359489970d6fc9bc198ff3bd3bd,0
0x040e1e68e1379facf7627f395f2e7f7f7055235d,0
0x1eba0ab44030a56d7f0d944c95e169fe4d58fdcc,0
0xe705a4ac22c81d138e3737ac56da70fd04e1b88a,0
0xe3b477ed26a6d94d1f2e0e7c981023993f7eb152,0
0x83c952250d82dbb85c006feb455af146f34ae22a,0
0xcd2403bcf0c9bfa2ad8c2b67656e2b88c3a3ba3e,0
0xc9d7418d85503d6909fc15c96bf74157860e88ec,0
0x20168904cbaa7759540c995a87e601352d4078f0,0
0x82dfef61e4ea655effe681657101b090f82524fe,0
0x94e2c3934d0b7bee38f05657140cbd5fd13ab806,0
0x89d6d401159a83fff2466258190c3eb455967fe8,0
0x8bfd16664ec0df7559f9ed2b411adb6c2f870e73,0
0x9365757ada69f2ee01d07e1a7dcccd218eb0f920,0
0xf32e9d73f69a4b54baf29b69ea2c8fe3d770d1c3,0
0xbc11d4554c4387a8c862b2c26c4ec693e82794b0,0
0x15d8a35321fd57ae0e8fa9eeec6ab432aaf295bc,0
0xdb0655162ec5f67a613643526be8274d53461aed,0
0x2c71b597abd59af9f1a3f1483b6f5cb43ec0bf1f,0
0x92924e45735a5fc8d00b6c9c193cd8a480a20010,0
0x6aea7b272eca64692769ec5563255e6ad80895c7,0
0x8bb23dbffc9269cc047763ac9a660f83f056e13f,0
0xec53cb00799b213c6ad73aef4bad3afbb39dfbd2,0
0xd0f9326213f23bf4c2e93070dd7a6cd1a7e85228,0
0x8d9bbf5f7b263c92617f139bf7eecda8fded74b1,0
0x6efb99d3b9cdaf6fe8d090e493218a6da6712120,0
0xb87e04226b823a20d60910c03f8aa6bc53f3b79f,0
0x3a93202d38397a7dffd7171fd6302a6029a0e386,0
0xa20f3da54e75e4567b2ac0820601c045008d653c,0
0xe564d37c4f902614c42679b6bf3d4b071e5e7cfa,0
0xe54c63755abe7826a3f91340e38ff6db17fd47a3,0
0x440e975fe6556da22b74cc2709b659e22f535664,0
0x13183e5fe0c03aeb341ad4defc8ada5360e9bf9c,0
0x5f0cf7ce8af0c04e70a6642de7dc71c1f4a1ca42,0
0x9077b564e59389b9182b4d5ad62669803d2fc322,0
0x56b119eefd48287c0ffb4f407930a84101bb7693,0
0x82714032f2244d3edbb662ba50f20604add1b5a7,0
0x806a6f39ed726e1874bcdc09df51935f5001fa07,0
0x5bf2974c349c73f90f498933fe3b5d08561276e4,0
0x518831d4bab92f72de1ebca44ad466dccc3c4cd0,0
0xd61e4990aecb9cf7cee47b1e6a1b772cbbdd51c1,0
0x6863c4dfe5d4c8d5aa9fcb23338e4e0aa1ef01c0,0
0x152530e9695b51108ae2ab1fb528b8517fcda6e8,0
0x42d197cd8f9cec4419c0292449aaf570b12a639d,0
0x718ec29413436f1e76aec9ea846ef55998856c38,0
0xe263e3693f4dc81bd166cd6289800bd8f4676cf3,0
0x0bbb8bde01e3127fd19bac33ba304990686e11a9,0
0x0d8901ba9e162954fa4aa97914accda5c2e78443,0
0x40d6b7a48ed7fd8ad601b5de1f78e16887f2fe8d,0
0xc5ad1d2df8718d67796a2c90ebce89e3727084c2,0
0x075d9f0bba709edc1729c8b7bba1d9c5597f63dc,0
0x93a0153c04a239915b9710ff1baf3604ea7aa373,0
0xcdd8c5541a0c3a4e6d66dfb3220e42776bc5ad1e,0
0xf506df0d82d6dcfd77594af1faa4da2ed8e2ed31,0
0xab520d6a04543b0e7975850802a75b26e17d4408,0
0x0b0c1d168f04de4427dd68fe81279a22f48f7cf1,0
0x343c38df16a1208036aaf47d9595cf07291e9448,0
0xea475280f99a4ebc55608e2b07c818dde8a357ca,0
0xf57a9946bb37e1d310a5d0ed197f3133ac21c66e,0
0x57b417c84c5c4efe49060f254be5e5b5068f498b,0
0xde62f15558566d2f1542e616094f00eac4e54063,0
0x32f2104a6db44c05132fe5c1cbd91e1cd43522c1,0
0xd04e2e71285691395199720c511c9338ca7eaf59,0
0xa9975358d360a81b759215d26e87a5363052599c,0
0x79580991fdf69c2952ecd800116989a4c5953b1b,0
0xd645a125375be6876b2c7ba6ae6c7c1ef68ab195,0
0x307866d104423fb8b988f8dfe7fd7b614586a4f1,0
0x9b57048c865e367b2c37632e1cf770d054754c4b,0
0xd31578fc43ef293ec42d55892c958f78def2db18,0
0x30e524be2eecac37c290d2e7c6f4cb5387f67ad5,0
0xe11963c0bb1cb8cd18e53c2b1a3e09a4ed55cd3f,0
0x1263c675a683d215309a6e72336cb6b8f369c6c7,0
0xed260776891669edc9635df74b74e78670b449fa,0
0x10ef6d3dd88ee6faa15a9ce717870c0bef848182,0
0xeef5e16d89920912bad207ddb09538007c6c894d,0
0x473536f96ac6a7c073b9f0a32025f4860b790974,0
0x91093ac60681f9658b495d8791720ac3ab96c862,0
0x5b082f7af282e93c9bc787ff4238aeb2db2d155e,0
0x79f053ffe4f34efa9ae1b6bf3b1c496e3cf098b1,0
0x26381ffe73a8e40f5b56c8f1554e5bacfa85e672,0
0x77b54fa9a7751dc7153959115b32acb0746858b5,0
0x31ff6ead843e79c713c0becc3fc5f965c1ec4361,0
0x1e1ee2cd64147e36f0ac5ac6102a0e7f7eb1376a,0
0x395a0bfc75be7853683891fea4eb76c3c685a2c7,0
0xe3cac4fc0b77c8915452b099b72f274ee7d13059,0
0x4bc266ad51ba404ed496529975fc5adfb3e5da81,0
0x5d8f3afaf7ffbf2d0c0292e39bfb2130f3b5b30f,0
0x85f56d5699acb00312bf4dce74015287a869783c,0
0x5d28fc7b452bd37a14bc492469c5c8b92db1bc09,0
0x321f3b0ee987170f65925e1daf6f24ec150d5079,0
0xd7b3a9a528d225b4832c77fce734482158b8569f,0
0xcdeff816dce2a162250f47703611de760ab01cf4,0
0xe8224f8f33f18b2152db176053941cf01396a3c8,0
0x883d57049dc108bd183384c6ebf37ea8226a561f,0
0x036f399eeaa444be3dad6074057351c9061b6dbc,0
0x508787868812a95ef78e3691bd49d299b848738a,0
0xe3be6ba48734bd6df21c3e5d2c3b7ac891ffb2ec,0
0x121e6d0babb428bdebf8d68180b377d7cdc8e675,0
0xd5764257df03f0090f0609f3b6082fa1ec993919,0
0xfa122e4f73c03c1074563b4126796f14a3e3d229,0
0xecc87627392928d4fc2a9fa06ada84a8f14de2ff,0
0x7907d8eaeb83ce7eba8eeccb4b6996123de6515a,0
0x9d37a39fdec11ec890b8fa45895dcceff95b2af4,0
0xcd7807bb6e0f65a3dc3124b466465d43e84f1230,0
0xc695357474d39299cef56398105514683fd8b261,0
0x2c2a20daafb42c00c7a6fb2479ca4aa284f553a9,0
0xee5ae9b01d2768c37b8568718738d03981b98c23,0
0x5cd3ff405c63a8b1927366e9af7b17cf2ac6a020,0
0x89b6a29776d21b011e711cfa4d9f4a7d6ccf6bb5,0
0x9d8cc6b2b6d884fac33c240862f9b5ec58ce4960,0
0x8e25dac6cd5942ff66d8ed3ede6e5779c619e72e,0
0x70ce331baa8ba24008a103c1595974f122df395c,0
0xd12382b70f29dd969f1907d807dcad90b70a3c36,0
0xa76362bffae0aed672f72722e699ad3412f4b6a8,0
0x6904c5672e596c8cd0147bb7cbac4e1b42b40d13,0
0xea0a1e493c3e16830436617f363c082736d3780d,0
0x41a39e09835500a879a2b72233ee4068c9e514ff,0
0xab1e75cf3e261cea7a7f0490ade111bac1c485c6,0
0x432f3908b9dddc6095399979f846b7c0a3b790ae,0
0xccdf8078bcce05438ef9463b6bcc1e68a761954d,0
0x55b063510ed4492606fb255a277babd2780be3c6,0
0x1cb4ecc7b3b01ccd0402e091ba8b7126cffab6b1,0
0xcba0d2d948c7cb0948ce2019d02fd50f0ea844fb,0
0xb71860e619107e32a4fdde1367957b62abbb4089,0
0x10bf741f4ab85d58537045eb6fa80dd60d968dad,0
0x0bfb3002a31c032fc931ccc6e972faec14b4ef4f,0
0x18b8487c15677a721fba6eeddac28ce29ce08849,0
0x850bada6a1f4b30b613f06985688e6dd0488238b,0
0x084730cd7b972a1e3851af41d97348c67f09fdde,0
0x1dcee67434603981995e98d43048855043de2057,0
0x836df0ec602010d60479ad19edcf8c1e20d34203,0
0xf2ff5f31ca984c15d1d25ca76113a3ac3ddc0035,0
0xf625c87acd52d8d2f58ae532f3cdcc2cca73ba28,0
0xee8b0a3f58245e46fab891629d8dda299b0800f7,0
0xaf23fac1e9fd3f94a626aea9010f5ee34eb5779f,0
0x486a3ef25a9936fa940c40a99b32725506ada150,0
0x526eb51bdb1e3c04d37aee022a73c01a4a4843f9,0
0xb1a3700587db7e8ecd58fafe81c8e87d8a9b9669,0
0x63ab086cf20c176f1aca807f61b9f9f66298fd36,0
0x6ab68f4e66361588637131d9f63f66f9437ba351,0
0xb468dbc9b76d9cd9f70f16c203e9db48382cd5b8,0
0x7babda9a5b3638130faae14ec6209e0ecfecd49e,0
0xe401026fa57c0fa4e6b10a275bc7313e08acb99d,0
0x86ef330b03b4af28b056ded97a97b215db855212,0
0xc6427b22137bc986d6e718bff010066387d5a943,0
0x2e6468e60144f43472656db1c8357ae22df7b649,0
0x1b70554cfe382f9e08a2528b0ada2daab675847d,0
0xc63ae92341fbbfc43bdb8b87657bb9c69b0bb0f9,0
0xd1404b0c9d8dbaf98572aed8c866135b00d88163,0
0x002813f495866f196a3c3465bcf6832b6c836b33,0
0x3dfa71c410baf5e8d8f72fc291549d1b4796e4c0,0
0xb895641557d7f3caad3b0fc738e6079d30bceb1f,0
0xfd365571f3c27135997baaefc46fd2055bee873b,0
0xfefd92b26b3bf531b1e185721d77833bc3a37cc7,0
0xd9252f6d3bf0d925f8fa8d5625451d99b1ae6745,0
0xcdccacee15b2ba8c6861ff2d47bb3e641c5e993c,0
0xcec1f964d2887b091deb7215739d8919941e4e5d,0
0xd5d132c6ff8895c1b8b81b7b7b6faf7708b0b165,0
0x4552bf392f0dde325df6dae228d5cb1dc5bc1da1,0
0x717b858df00a84254e33e07b610b6253aff4cc44,0
0xa647cb1815eaa17d8c9ad11a592fa9a36405dabe,0
0xe4c9f07b552b424be3eb110fe11af25bf4fc233c,0
0x140ba19a6d5553c45759a167fb6b41708e91ff16,0
0x6151fed9c75d24307458f43c27706f895c79f783,0
0xa68ed001e7d47676ed40a2b8354dbfa7a7b8f215,0
0x808126a1900217a650cc7fb4bb726e20d2e5bdfd,0
0xc1fa2d4148f3711dafed48e64e3b6cc15fb2f821,0
0xda4a9ea5d78b0812de0edb8708173a919e738946,0
0x3233586383c2a28b10cdab77865e0be16768546d,0
0xe0a583bae7811fd9c3c8de552b15e794fc1bf800,0
0xf77d8fd88eff107a0ad012e7b4bd3039a7afba92,0
0x7d95ffb4ea57b99b8abea9924e59d87898cd1d48,0
0x60ee6d1aab6d7f904c8939a00cc5e44d67acfa91,0
0x771964fc967dc7d01ab5d0124bf705993341a893,0
0x6db795035eb42cf14e0e9307d68bb8f4249f686e,0
0x2ac0cf00ac5bd89ee270c2d96a87dd6a2b7b775f,0
0xb0a94aeb1e589dac3c194157c1385c2a35cb10c4,0
0x28983fb970fd21a9f4b121b2c2b438d7725764ac,0
0xd51d610e27ecfafc29d5645ee9d649cffcfb3e84,0
0x2d0f03b7c52f2caeb4f53257f14e64be65a03aa6,0
0x018f50eb8f80c1048f18710e6de8832e0f336edf,0
0x019e1085ae1b0df7d4390620df0f207849374031,0
0xfdde243b6ecaef1e7c099ae19b5695f37dda60e4,0
0xc5eee53a2feeac7d800c756106b0c0134ed04e12,0
0xba35b2a1b5c80b16e7640e02fdb18e52d6565f2a,0
0xd9cd3e9572779cca921b3eac1fbad9a7893c769e,0
0x29f7d6e99d7fa8c499eb47237853136abe1a3df6,0
0x8742f47be87deee88e4ae5c3d7cae10be743103f,0
0xd8bd9f058420170fb3f83898478a6a5a636587da,0
0xc6ba6502cccd949f203b90a10e08fd00c41fce07,0
0x858cf91edec7b645a7d1338e3b1f6ae75d8e601d,0
0x792a80219402e6d4b2bf012d0a6cadad6b38ff4c,0
0x8d0fab74cec99e6ca5c1ecb6dbb186363afebfdf,0
0x27b8fc9f744365c1c3c1e6f2f48d8dee3498d0ef,0
0x19f1f64713e47ded034c63836f2bcd6f19d6ad32,0
0x0e2444b6b4c2a22334919aea4390d766630764bf,0
0x8a7f9b2445702adf04ce16cf0437122ad5828fc4,0
0x052e035fa9575dd424c409b145cb3caacb846048,0
0x440a070cfd130f6a20b7a4f8ade7929de574c1c2,0
0x88500384a46454db7de9680bce6bd61ee246ef26,0
0xa793b77c15a40b6358e1731047588c86fb6cc60a,0
0x68d26612bcf47a8ec9c20e6a0e3f261d70bc416b,0
0x0e31dbd221b9985dba75a8fec1a1bf2a4a8de05a,0
0x4ca90969373047d4f487f3653c89add5af0deec4,0
0xc8269648cb739cf8cc9f6a1237f78e72b0230dd4,0
0x8dd1533137adfd5aaa5804eb351157b118da8d02,0
0xe28b68d3ec515a9b2331fc0238bed1c0dd49a399,0
0x89f74bf07e956f181167d3a107267fc857d78f47,0
0x4347029d21c3b36b1bd32cb2d9ae1f850547bc98,0
0x97241d1531bc112b2e84d06390c2e6a45f2a14c7,0
0x63f674f885e9cdf65b07ad0ffa0325f187e4a2e2,0
0x084b994d367d0bb7770faa0facfbed24c62fc5d0,0
0xc4243616f32c0d8f61287d464cfad2d7a50a7002,0
0x7f39dbb82699f78433a2326ee56819c088bc11cf,0
0xd3988ca5d883956a76ab7aee9aef543301423d03,0
0x9e27f68a7313f985b44946c7c98ecf7fc6649897,0
0x5da336d422732202c3492bb82ec48f1b61fa52eb,0
0xef5feaa5f86dba327003b0f628fc40c261796819,0
0x2ae62a69295f020de77a00b57f9ff58ea92da512,0
0x1775785bcd354f6e0e2547e8d7078708a6a51414,0
0xcc77cd3622b9071080991ef482283ee5dc44969c,0
0xc9f56c1bbe2570f1156124fe033b242f8b1a7b99,0
0xc16896fd24f1cfdd144796a6d0e990595dd932e4,0
0x7792fefb420aeb312528ff85263333eb48854c0f,0
0x546f8281d6c79b6307d496aa0bb1f512d0bd65d4,0
0xa84eb94d8f711b8daf5d2de4bb490e8c97f6ce70,0
0x10592d2e4974347116fdb09d2bfbec3b68aa2bf7,0
0x9d25c47c18b907b5045b3f6c02aa9802bb0b9fb7,0
0x09da14e6ed7ce1425972243ee2aebbfbc3f434a0,0
0x3471d40d0ab0698990f143d1e75fe77cecabf603,0
0x303db224490a4d124f224de9f9c273515d5d5fd7,0
0x99b6e1ca344178b20401e7d0f1267ecfea6cc5fc,0
0xce088daa70d4c51cbf000b352da34b510a773bff,0
0x1a83e17813d323d99bc4f159d9967deae56fa0f5,0
0x2a1afb324624d02460ecf23ed1575a1a09899c3e,0
0xeecc9a9b8e76238e48654ec99cd5910091763beb,0
0x4afcd580efcebed46f58b9c954b48556bace9412,0
0x548cf440e78103376d14f3bfcee84ff5a8cf3d2f,0
0x49f05dbb2cbacfbb8ed80b4d294f2befd4619450,0
0xf5cf2e7635cb7260cf65ae5e4b25084c46c8651d,0
0xea229387d694fa15b6ab1046faa53357f97ecf05,0
0xb62adbc58f7e1a1ee8c67d3bd513c656f3e3b760,0
0x76171cef6d430af7dbccfc513506661eccb2a2c4,0
0xe5b225995e24abc99e4ce2ecca8d8723afac3250,0
0x5c3f5479ae0d4590058775f7b30f1f59cfba0354,0
0xd45bc3082f68633059623885c408e3b977e4b603,0
0xb833c67429f87fd7354333bc9efc5c36cd62b505,0
0x0d3430709c41698925451e96d2f7d75d40ff6a41,0
0xeb2932b1e9bd2b914eecb5fac6f7e8185b17d005,0
0xcadd413d40973893e5d7b91107af9705866fcc2a,0
0xe8d76b28cb3f79857d06eb7598cd393041bc865e,0
0x4165cdf54ff4c801f4c115cc907602039802c0b0,0
0xfa491090b1f1929278af08a35d2493cf21433547,0
0xa1f540d3b0904560e4ce38b39f1b2da3521abb0c,0
0x0d9f1b120818345e72c504c2de1a18dc85e8df9c,0
0xaab9787a28aff1374eec1a2eaacc23ae97c0e9e7,0
0x2006ffcfc52d1907afcbd7643f69678c32fd7584,0
0x09cac4d8442da2521cfa0d8efa77378562b85032,0
0x785617f9cd224d0f815c0fb7f8530dd1565cac3a,0
0x1fd3bfb5f22650d2c846c8901aaa39102de09c2b,0
0x3931ae81f455f84e9594196a618489756a56d941,0
0xae6a0b015c98f90eb63ac7861a7b4de677504144,0
0x10601134155f94f722f989c11e9731fa0cc8246e,0
0xbb0df948c0ba06ec6d10ce8ffe4bb76d0762eae1,0
0x184a439666244c94a3207a70f47a4cafc1d36c52,0
0x9e8d7d16fe1851e8f3db4c90712bcaa196ea826d,0
0xccbb179bd702ef2e839d903d776d30cc04d22dc4,0
0x0835ed70717105bb540806f2feb0028d1dda8b38,0
0x323e20c090f720a0a8c03d2fdbb8915a8ad93db4,0
0x758ba18eaa4f01c2b66debec9db6af989f290f73,0
0x9bcd19290fa0675406776f1a55072757edda13b4,0
0x7b19c394c90f57723434b4f678c10030cca73365,0
0xd4983750933476fc0d742c9655ec0557312adb7b,0
0x68ac923e856e1b78034a48d809e93f529859538e,0
0x0031af9b19282978fbd58029f8ff2f3f454cc77e,0
0x591e10b375abc498681d9a3706836ca3380a22ab,0
0x333e6fd4d24c675477939e298024fe9602ad025f,0
0xa599197d7ca3aaf8756720285b6fc97722cc5136,0
0x8c2e94af1518f8a00a8b445162e82a5b9372325d,0
0x4474c18fc1308d9e962708c111236da076dfe3a7,0
0x43fdd5625fe68c34341ef484fc37a339e634098f,0
0xc581cb2706c4b80387cf8f8d00eb846935144b04,0
0xc31932e34765ca94694de8140e5127f0cdb7c3ba,0
0x8147db39b884afa16931a45e306d4d88026d9cae,0
0x664ec4babaf2af97513126f6dac834f042bc068b,0
0x5ff0fcecb823225b4d0d8ee2897b936382c7fd4f,0
0x609d519bceee0da6d294b5630f2a4f8598c2efef,0
0xfce56530d5ed88d4cd67f99e062ca338e72d961f,0
0x79ed5c9e7c1fdadd06fd39e69abd5bf7986651e3,0
0xaa5785901d4cc76b4bbea6f9405d6c98d108c824,0
0x44d7acf130f53fda73d90bd3f6c35899e0ef8df0,0
0x48649c1dbf21bae2aa186b186d6248a08a2c1ba1,0
0x1c3810b6d7054bf83002f4581ccffb0176a41bdd,0
0xba7d910ea9460f3708ceb06655b1ffd7dcc3ff20,0
0x6c23b3cb8ee28e15a81e08f1d2826198541a0947,0
0x263cdf23261950ac9d11527d9c85cd9daa7244f7,0
0x04ab1eb6aeec7571ffa7adf5dbf78735d3e59538,0
0x9c814a00552e81166f6b320bf3981ba431dc22eb,0
0x2ffbe27a851d2422a902a8b455360b807bad5d94,0
0x67bec97e7d07eb2619649250e6ffa52a5c6edfd6,0
0x66d1dfb95b9b0bc88302146a398c31e3c4f46a67,0
0x4c84963246fdf9c6a8e2aaa34505f2eb6b1faec7,0
0x9c03d6e873823e755b1901fc324cec69015148e5,0
0xbe0f0ad1894db26bee8b5eb75ba47e4dbc938c80,0
0xf8c7007addbcba1f379b3f47acc1983af3a2e878,0
0x8df1719f43c448a45216281841085d495396bf59,0
0x76e43b95d1ca7487f3d5ead3dfec445654a5342e,0
0x99f3d6214ef0eff98a2d9d58b4f162be28d2f1f0,0
0xf7c0d267aedad70cbada5cb385c1c632b132ab9a,0
0xbcbd1a521fd68da9e2f9ac49d4485aaeefbf238f,0
0xa1132506b0566415e8d46de5902c9f64a0b3c126,0
0x8106de083dd69f4c457c5980248819bdd788b01b,0
0x00f8bf777018415ff2574736473173f8e4e926d2,0
0x25783f127b6c868124e63f9f54473f0d95d9fa6d,0
0xc7e5826fc79c23101f3b556c0edaabaacffc3b05,0
0xecaa09053edd6d409d4f5389875827838280b6c6,0
0x80ca374dbef482f5690d04f0ef6e1a7e02752d0e,0
0xe37dd806b1ab6c79c69836ca61619434f46b1d86,0
0x7b8c89838046c4a4ac69f60db56c20c0a6598546,0
0xd7d90d0d06653206930765329661f6df1aedc6d1,0
0x072ba5c09d9234f02d9631b4bb5c305d9d4bf8a0,0
0xad2a7cc3195483df38e8c66739ad00dd2c01d554,0
0xd1835fde89981c05fb4b04047c05e18b246990b4,0
0x80a4776a89d3f359ea15ff8b1bf0ab19745bf376,0
0xd420e3a69ce2bf9e6a931faeafe05c9d8dcf97fe,0
0x835bfcafeb44c204571a4ed342ebf9e6cc4eb749,0
0x90d9c365289a1125da2818a23205b7bdfa269f2f,0
0xf090082c624ba40ce5c108b9ccf4e319d12acc89,0
0x419624e0cf9e78a4b59f0cf199a5ab5df38a1699,0
0x80030635d22f285d4b02a5a768069bbc83ba61c1,0
0xe8d9ee41efa7ffdd35d97eec539239b92c3755c8,0
0x154c653aad79400471c131899e9ac29d7ee15a29,0
0xf2e575a3d42906f9b46682197a48a8a14c230a2c,0
0xf5900309292e02d65f7724281a4dd98836d723ce,0
0x28a8274e43770c7919321328398e4166e1c2ded6,0
0x0a092522500bbb7944da05a4a775be227d7e7988,0
0xec3d1645231ab12295979dff9a5a983d1151b6b3,0
0xae6ded696c6ab40a09adabac9a443951813867c5,0
0x353a4a1b6bbfb8edb973ca01cdec5b74ad015fce,0
0x70c775c9260a2a07d40a9b7331380f40ee8771e7,0
0x61cf730af9aaa09ea55b4545f0a0927f34177d96,0
0x99abf63d6e741d9fe9c3dedb29bfd4ca227deb67,0
0x4d4aa53af22f6bc5ffed5e3c95ac8511ee6fa671,0
0x1add41e9eece0fa7b849b44f7486bf4988d48772,0
0x45b3ef9c76ed6403621bff8fad0e8f96aeddf281,0
0x7c2f709ae2e99973348ad330b604135a9f6b70e7,0
0x56025b27af244d7f0c30ca34fd550f9f5a4cedb0,0
0x7cf4d3ef39e4c53cfedebb8ba8403b38a8e72ff7,0
0xbc631e2c60ff5e80d3bfdaeac9099a87fa3da63a,0
0x4289c874994425575d09c0521615cbae1b12462e,0
0xd7829483838a630bcf59c42d0ca4d363ea91f06e,0
0xcbe29beea4ff8fe87edd3a6f2069d759f2b75235,0
0x3cac46829b969797c99098c60bec67a09c5bbfc8,0
0x686f434c4eea86e11f98d7dec532af158428dcbc,0
0x123ba7aacb3204aa9bfd5564b592418808c25485,0
0x2d1ba0bee4b1eaaeb6247acb2222645895a49d04,0
0x6c762442b7f081a6d2b3991a2ad96469c08f7536,0
0x2b8bd3f042d60066ef4258b2e0d9c49932f32b08,0
0xdbd635f4d0d63e0955e575ef75bbe1b2ec0ce321,0
0x4d347ef38556ec43d0cc6b000e95b520b9617af7,0
0x2fdc910707a51cea18cceb1b820029be4c990d96,0
0xfb0446c8d1d2445dd350f050feb59602af21dc79,0
0xeeaffd63d8029be52333ed5a1cb7a339c7937ef1,0
0x2b2037385af8c4b2ac88225bcfe9c76d080b6817,0
0x96f4d62579da87d92b56de0fca67149678b0efa0,0
0xf14b1a4f4fd346e28d880995e1a7eac54a760cd0,0
0x242e7edd457154cd1998dfb7752827553d11b589,0
0x2b794d78b4e3ca6889afe6d9a7b270c5d38c3a14,0
0x80c2dcba23de5eaed099d70ef4ffad7c1e4527d0,0
0x25937a83c30498a2d737e7f79e119b8046a2eeb4,0
0x90f37bea257676d6490eaeb876e909aa40ff2186,0
0x01084c0a2cbb6238a36c875fc28e87b91f963bcd,0
0x9b8abe11f1f0b54d4f8c6debd22065c47a282017,0
0xa0d8d18a6303f834f6e6f13181947c292c58ab08,0
0x0311e8345d8b2dd3ec6e34cd50f4e3852ced1763,0
0xb8c86ea490256c4fffb2047efde893b636e2a16c,0
0x058e0b922e4f761dbf86f15963b5b26849df0438,0
0x0ea04d6f01f3d6109dfe3ac0f2d30f07c7d99d68,0
0x12a8edd0d9e696e9555ecc5ea8c060a96e8447db,0
0x4b056a3bf1c66d0264dda4cb0fa2e8386b169cf6,0
0xc50cf83bf5da467019e138f654f2328cad2815dc,0
0x76871afa6c758625855691eececda2f0b6bab351,0
0x58999c37502e36d04ade36c16d8be87b6ae251c3,0
0xd9b7a4d479cb97caffc182c0d5458a7b73bf18fb,0
0xf268de8a43a70a85253eba63f81a6d6101a27360,0
0x926bb651725539d82873f0986732efd182572364,0
0x54ac884fce102a6bb036c6a754eac05b7d3a76f7,0
0x5506e1d47b2703995d02bcece70b27676e880b21,0
0xe1a2f43736de02765c763abcd912b40f0065c9b0,0
0x711bde6647c779e461837771e8a49043c564c471,0
0x155e4b259735ec69f9e417b2c240c41f0c1663b3,0
0xfc2d81a77faeb226e6a9394e76e918edfbb56ca1,0
0xac6da45663549438a0476d46e1554daabb9a877d,0
0xca7f38fc22acf880876cb0f599246c740064f91e,0
0x6ac0c86cf24fef288d0f7554f72ff8d7a3b03b44,0
0x5b817624cf4a7184af0f3dc1d8fa6f6ba9c8737f,0
0xd49619b15918890cf1224a357cdf2180c3cd3bbd,0
0x9aa4be180bfe3e549ead17866c8c9a6bf37a92ea,0
0x42e1eb4861c42705cdf3f5ffec72b0a4a4b3515a,0
0xca821220e3f0a08d0b30cfb0c671e7df139c67ea,0
0x69ee38fbd313200e8ddc92ccb5d23a99cb6c597a,0
0x0d3b23b52ac0144c706b1ff1f99cb078f44d3162,0
0x47435808b9c806924e3c1bb2b4e279f8bd857614,0
0xe17f3bc5a30ac8e8bed8b770ebb4d45ec28e86f3,0
0x4e3eba51f12eaf275d1a2df75a143354df5d98d1,0
0x12d54fdc8175790a62073f5e4884132a4932aa5a,0
0xa54deab1614099aa3753fffc6842610d3f920d37,0
0xefd51aa78081b79e328b52700d694cdd84020eba,0
0x8ab891993757583ef8e4ba1fd3fd2b111b07b9ec,0
0x7b9f9d52ad08fa2fdc7e2f915f74552c688c8d34,0
0xed1a81c624cc71b77caba9e68270255a6cd76005,0
0x341318392d4bf711f0aa42d7ed1f66ff96f27098,0
0xe5c67b4068ba0b273d272ac1d1ee1d5eaf24966b,0
0x91fff1e9ab415d67335524103a0852fa52563cbf,0
0x2253b19603e492bf25eb411bc0b8814d96f1c17f,0
0x48b17e15def433fca25e6933f507cdd176fe2b45,0
0x59dc4cf368a8d640c37a2debc343e35355b15474,0
0xc737ec6eb51241effbcfd22eb5a2bb616a39eb72,0
0x3639eab44e3f51f38dd995f4368f466b6c02a859,0
0x8760667093aaf8e9c9d8848835241493e2cc21d7,0
0x15621f10911a7ca9596aaab1ecf104e8bd649703,0
0x21a766b74b0aa52446b73294e349e4b58fd13a51,0
0xcdf18ec9f979dbb588cd5cc3184436773c38935d,0
0x48e877f93032aabb26d69dfbca6144fb7bc4ca83,0
0x234c07fd0360590ced3e0becc7324b7b432fe8b3,0
0x688f8702541f94e64e02bb5766d7712ee80c7e37,0
0x88dccc58aa0cea879901346034e9b3eb0c622885,0
0x56cfa46944d51229228b4e8e233e0018b18a6fd1,0
0xb194318377507674a189738ba269b178ea5f25b6,0
0xa5ac0488415258fb25adb3b00691b4933cca1886,0
0xd98b308c2ede93bc1efef16ffe34272a8a284edc,0
0xa78259fa9d1efab366a579985629cd47876dc9e6,0
0xe7749399bf30aace297fee78e6ca38306cbfbfc0,0
0x2ff3fe21ec80e7da70e09dd7af53b19d930a79a3,0
0x0e9518447a85912136ba25f8316124f4d8b5b8c3,0
0x47073b9939b3f50c1012660d27735b4ec59d44ae,0
0xf8a4b48f0efaa0bfd5359eb69055fc12a738efa1,0
0xc7d503a52428cc97475db6795be052e3cc69fead,0
0xea579728378ce03f89e29736b007cfa0151cc074,0
0x580f5855a665d994d67698a5ffca32a523768a75,0
0x0c74f5f0f9105ba1a7eace305667ba4b847f801f,0
0xc67f872ebf94893edd4b56d27cd33fba2ca4712c,0
0xe1efe963924f08c623a994dd8a95e80a5322a666,0
0xcd5276ed620c6dff42a0e3b66db03be27ae0e33e,0
0x6aa8b7ff3ddae9b160e0b543e71aa0c570d8f69c,0
0x3d416a91d47615d58ef501a7d16a0b595da6b3dc,0
0x1ba98a04a36184a34d1f29d1feeea9ee1437ce2d,0
0x4f9d46edf649e542da3566c6a6adfbafd0b8e296,0
0x64ed199253ec0c04406e548ba22652d5cdce7e92,0
0x1660791e8156f38a0898162a05dfdc55749a8b2f,0
0x3d44123be649d6826975c31e840dd993535ce14a,0
0x6338c8f34a4ce9f3249c2709586688e4de05d1a7,0
0x3aa01da2b4ff1cb0b9ad920a118d0e41e21d8b18,0
0x199e2d8fe0335fb440c1caa038449f223946c4ec,0
0xba723d8bc067c9330c1a94fbdc58463d3bfa8ad6,0
0x6a98a1ae66a9845cc9c408de481e5a6be67459f3,0
0xdbd36e52ce9db7f562b1180e8c669e53d6f7147e,0
0x8690e929bcc77c51e6389cb430144aa10f9bcaa5,0
0xe909b92123078b876a8377197a12a6a46a2f057f,0
0xfb980d4325c70ed7f77ee3db764ea58b90da1b20,0
0x3845e860f436db683bda99f3e8ba4185080ab55f,0
0x6f3cadbc51c1cbc7f5c56436b7bcc645f9ecf4a2,0
0xb0a2cf354fc7ab1b76f49c609c3699aaca307345,0
0x36c3850737520a5e15c98bf80fac91b293f7b967,0
0x754b84a086d7af70615c72600cdbac147a6f7cef,0
0xea0844baee1a194ed6e59c75fd515c36bda9f4a9,0
0x1fcc4ac59a4938cef35efdf6eb52c90a02e95903,0
0x159515634a6fc42566a8ea0a47a3d7896127e3c7,0
0x449496793602c54ed4eaba574ce072378f101ab0,0
0x11af13b4c85fbccc9e2d9b6be417cf2feba951ba,0
0xa29f8102cc667fff1bcad4d6092a6ecd2c38beef,0
0xe806fdcef9138a5a38b41fcfd6840db464dc105e,0
0x719004f9d3d46b30b9a243268fef4bc11a438269,0
0xd4ee32568ba3d3ec0331ce50c111aec94cacbad1,0
0xfb02f5fd37b35c2a915a212c9eeabc4281229385,0
0x91b6fa8742fc87269440b53eb46483e944f421c5,0
0x42f95a5838918c59b755c1a82fd2607151142902,0
0x1f3d13b3f1b76a381ea30e9c111d93a864a757ad,0
0x518caa49b9d6ad5e9befc8857ca21c48518a9a60,0
0x6044f0123cc792dc146ce06e1c80d7228734cf4e,0
0xb2e2d2af289b19dc7f6f83d67f5afb72ec0b8b67,0
0xa8a93d85848371aeb0defc6dcd16d8bb665fa113,0
0x553bc85013d1a13ed5d491ed9599973f6a978bba,0
0x9b1734b4194b2c9e6f533abb53661618360f20c3,0
0xd38d480f214501c7729895bcbaed9f9ad49c8b76,0
0x5e46dfb16c2fa7771af15c98c9bad3947d45f356,0
0xe885d7dbf5e28a2c8b8a27ed723b15b8339aebd8,0
0x18b147b2cbf7141336ebea5b5600fc25ba869a23,0
0xd78e35a4cf16b4b452f6091036a78a07a27b906c,0
0x8330cd09c0c9a7fd2f81b4a2af9549899c4d8e98,0
0x12b40d43dd28d824a485eb752ee74639a86ae009,0
0x58f0e0f4fa15c66891aa903b018b3effdd09e8d2,0
0x318203c302c3d7926809a1e413acf44b437e336d,0
0x7e02d2e61f7f59b1e3dfafcfec5d57ba1cb74420,0
0x0029a11e8f0013632a070fa2a038481b064c547b,0
0xbe4551582f4386e7cea443a439b9b8bca20979da,0
0x3f788ddb6670e142004b38d0a1c549609766a29c,0
0x0e2763e1af88bd130f08071408d16d70dab08ea1,0
0x81e5251483546484f9296d073514c5a494fb79d5,0
0xae6bf460f23bbe9e9af91d96bfd5b8716cc412eb,0
0x869d3a9b9611a4ea0dfd7ed2b60a76f088c6eee7,0
0x0a2ee00d71111c3d481b98d93ba5cd7a0a51d3d8,0
0x626dc79cd94c133e0a509531c429218f841e1fc7,0
0xb48b0ef2d2f03470d92a623eb970483de5992d4e,0
0x6eac147dc07948a214992dbf00103fc119095e28,0
0xb4c2ef5ba20b78b924365f4af42565e930e1d992,0
0xd45f26d30b0c01b9c581dae3e359219309dee551,0
0xea18bb00c7ead481a9642611f85e500c406855ff,0
0x9db5d1bf427aa906f62e8b6e0d77a4012f375937,0
0x861c1359875e728468b10b4a4aa54bdb04f7cbe1,0
0x69cc5f01889c3d17aaaa255e48dd559dcfb7cf80,0
0xe8d1cf7703dde706f19f057c56466d41fc67f410,0
0xfa16d5fd239f8109e14118b62f340c7c5e59f1c8,0
0x96dbd4fb6bd23a961a5e365278de432e27e49068,0
0x9388195dcd298ca0e136e7f4c45f20fea8861f38,0
0x96ef3119097a54fc5538240cb5cd625aafabafc9,0
0x3cec91b320f8e80ec853816f79b728f8dd5ac863,0
0xc34993f2c3a3794d27f78fd478dcd7b92abfd875,0
0xbae9fd4a6f277328eeffe88e901e11813fc08fb7,0
0xd0b109006347f937dfb0929e5a70104e7c30c71d,0
0x3bf1e93b91798d178d07b969fb5a61497a044d8f,0
0xcbad66bc100704180d370fb53d1600da249c7d27,0
0xf7ca8304c4ce8013445f01c883227be809394759,0
0x476e69067284bcf8e830ceb65a7cb5f4fda1e16a,0
0xa14b4919481dd3799e458056493ec43081bd8110,0
0xf31874514da22f4c3d8517698b9d6471f1cbdbf9,0
0x29e32cf655514cfc9ef74e6c899ac38e10861f4b,0
0x40f834e89c32af8297bd258822a8013ed37ac3e7,0
0x954dacd4b6c7b546b863ed38bc7efbacc28723da,0
0x9e2544972f914d722c52888a0e4cc896ce317f65,0
0x8949c94fadbe7a4c6f5cfbfdf6c8dd7610457d0c,0
0xf4d465245c16d11e8ec96beeeee8ec66b759bb5d,0
0x728c0e38a803f4c15192b2fdfa1b448b074fb6ac,0
0xa4f02b7472a7ce67e7ddf5959073328b0afb2b32,0
0x3a708e995fdca5493e15277d6c7df6e31dbdaa7a,0
0xd99715c70a151231d1b4b3596d803ba86fbb6b10,0
0xd58abc99faea11985fd52a99b897e409f25bc23c,0
0x12df7aa0a12583974dcd29c316fccf21ecc69d6a,0
0x10e270670d7cfe6fec1e11577501ac9754319ebc,0
0xa1760043928b89099aad46ba565e36a597a2b038,0
0x0da1b640e959039c682c26b81c76b723665cc086,0
0xdf1ce977f4fc5202d9c9c5c77178227ffa21893d,0
0xa9680c8936cf313d353ae4aa00aec57b4c7328db,0
0xc88e1b1cbbaeed1d2ef1f14e386b5ae80c873b92,0
0x02d2a012c155e6b5fa125e53bff8a85d58371a88,0
0x3d9df6111ff9409a73eb1224a70061bfef93ad5e,0
0x179d8171e0a1ce3091ddb399a28161d56ea1bb71,0
0xc3a284cb907806181bd0600f0eacb7763a802095,0
0x9ab8b87db3242d135d20592641a31ee38321c00c,0
0x8668085ee87fd5919647fe301ad42d8bd4be7e97,0
0x01e416ca2dee55339eaf6f04c96bc608751785c0,0
0xb166e46ece407753e2035e91b026205ceb9e1e1b,0
0x9b9ce9784bbe9b9784243365af6a80e2ad4c4855,0
0x7031b038960edbf6f1aa2b5d9d779cd38e95bcba,0
0x0a262799cb130f940abe730ab1376cac007d2061,0
0xd58a7aecc5d4260e72218027ccac6cf2f8fdf658,0
0xed436f654bb5c595159d3dafd2a6761fbc9c0935,0
0x602b614f023693097dbff0c1c363ce7f4e759cd4,0
0x3ad33cdecb2f49c2b320d7de3255c747ac8eba5f,0
0x80a42b7941d188608482ad1b429706e5aaf31eca,0
0x62758ad02cccacd501749d4a1d2b058f304f1491,0
0x3c4227bc9c65accf3aa980658f9bfc1205359ddf,0
0x42e7e4f2420da4f0a2ee95620d96fe82d14bc0a3,0
0x74e476543c942768e7eabe84faaf4b8a25f40349,0
0x0322dd7b7b165b918b71ca5ace049a379b8672d7,0
0xca603f83261d59a72e662dc3e8da234e8c0efbdf,0
0x60fda01a6737b3c97509be8b1afa7ab6ad117d51,0
0xacfe6477ec9f5f00a0940f8ee96136cb0514c967,0
0x3cb44129b1212b8f0c0a09c26814b3f0786db6ea,0
0xfff5ae2bc64ebd1af8a687d571c1fbbcc76b0067,0
0xad48894f77b63c3aacaab5942d7cae590e0abcfe,0
0xc4d97c31dfb6462069b89f31eb04ab3be58655cc,0
0x1297c9c3b6c89d206b92041329de61efc48b6ad8,0
0x475a9533385f68683fab9b961e3b2e125a3304d0,0
0x2226cd12873733461cb9612eff557e4411f5d005,0
0xdc355855c0b842435e250d85369f93beed8274a4,0
0x922acf0a1f2eff5fdfbcdb4e4785e40efaa2959d,0
0xc4e9e0aa4086b0d1bb365e6da117d5363cffae9a,0
0xede09d51d1777536dedacff9583db5eaedd95aaa,0
0x3389cc492d9b9cd7b57f310f360c2e22c4cd9b33,0
0x615bcc017125519d6b4101a043478593c1b894f0,0
0xdd10f9da5d24a11274a1f9ea2c63eeb6043ab753,0
0x47a081b9962743f2fe3dc1387ecb45a6d4fabaaf,0
0x2ca35728ea422c2dc3bc62fb635835726b63f709,0
0xe7fbbc1ceae972a62e2056c1ee8e5ac7685dbd07,0
0x66da420ba50a3caca104e9df0b453e2d00448753,0
0x33ef8ce0e29f706696acf441dee8a7263a33bb2c,0
0xf16f79514d15eaa5c5154527b69a5e6c33d9ce13,0
0xc6e5ceaa94863ad37a5334a7139a6829cfabebe5,0
0x15f952a69b28124765783572b41edea28448bb74,0
0x771c6b47bf58d4a25188bb0697675e9ea09a1df2,0
0xe60e7029a86b26f4644b8ae08a5291ca1daf19c1,0
0xc203e07bd5c8c067b60aa9f6a7609c08d3e95341,0
0x011cc6b8d51d63e675011ebdd03a3ed0273cf1c8,0
0xbbb47ffa67e1feecca5e1a5b186b801f6cbb605b,0
0x295aa554a6a7cbf55f5cc53ca711db19a1e00f1c,0
0x11328b82419b811d6d785bff0b6cb6ba8af06b38,0
0x020dc0edfe838ddb2ad7c6e47605db7a48819a91,0
0xf636159cbc7dc5ec049d82cb0566fdc57d6d1c1f,0
0x8ebf3730d0bbf5165db24f583fa97279f375bb04,0
0x35fb3ce5560c103137d9b47939b5647e141c4e90,0
0x674e256ca22be4bf59d5bc9f8ac41d7f685ef273,0
0x64abd42f3bfd5b109ffd2103967bc20984731517,0
0x41dc557022e3a8e26bb969de1d9c199abaccf355,0
0xb7e421fcfdc072e221b53dce8e88afd69a11968d,0
0xd82c304cf5cdc93f055abfcf91ed92f1f19d9c42,0
0x4da3d482684cebb71ef8dc41ee467f66960be62b,0
0x9be0676ba6e6157b814759825b44c654873a0828,0
0xa24ec451dc6900abe81b46e29b18e813a0b21bf0,0
0x462d050145ac134103a646c01eecd42c9a0c738f,0
0x0cf4fb263c897b254ae1b129fbeafe022e69e3cc,0
0xffb33586a5c194ae6b3e4b64f7a213108337b1d0,0
0x72b18f51cab2fe6b5ca53f854543f4bc14bb57af,0
0x20292ff251c9d8673adeaf64791bd263221f8892,0
0x37b095ddb77f6626918dcd1a1f2fe682779a46f8,0
0x8618aab02ccebfbcbf23e8d22046d8029625ae46,0
0x207730052eabf65a15101628c4a59f2641688ab2,0
0x0d006756171de910c3842ee465967ce8910c9f2a,0
0x930dd13eb3e8725a3d6b86cca0c947e8ab97bd35,0
0x2f4c4dcfca9d711e6ca8629492589b7911555d41,0
0x790d3252d067b68319eb1a935252c9c57f56e482,0
0x2b2a6b9568a7bed676726a4ec42d6d76fe3f9ad0,0
0x6f7026cd11c0f634178d441de17b8e3139dd13cf,0
0x6e5f900dccb8e47501d63d506eaebc0465f4f0d5,0
0x202243e91804af582eab3e7bf67b391252b6e841,0
0x3e8d3048089d84e175e80c844374b107f4ff5011,0
0x13747d6311665815bb41d8c2c4d27a973d7cae29,0
0xa6fcd94961a91ae76032ef1c75fe317fac7d8ed2,0
0x5d51e2f899005867d9b62912d88d250103607115,0
0xcfead7b44f4ff4462655660930b1340932a8cc90,0
0x03ab509c5817bdc19b22db5f7abc360b5fda8f4f,0
0x094ccf2dfa73a4aa7b269100a39c5be128845f8b,0
0x43a63f135b6858a425df2043f3fd5afe51d24b48,0
0xecd690d3febbec708065a314cec49aa90cb52f2c,0
0x9f451ce6ae95d06933bafbab7ea8984188c7e5c3,0
0xd679d509482ac6e084ff60cb806e356aa6713474,0
0xda4b5c5fe80f9db52de50a2f69c98ddf80337341,0
0x849eda655c3ed33cb408fbaa2417013e3b4220d9,0
0x3fe50d93a505d0457e8496757f8ae80ea4ad2f5b,0
0x85132dcd4d05d639f1343f5d15777ab67e9b5533,0
0x7b7ba5ac10a5c0b0442629f360d1aa703d97c0aa,0
0x93f29ecc79dd2309e73de1f8a759f6e75d2e1d01,0
0xa32335d6b4bf28eb0575effd474b0751ec8d4336,0
0x74815523a9eacafac67f5debe9ec87736a2d8100,0
0xfb17be0675024c6a32aa6c23cf4bbbbc44b3a0e1,0
0xad3a0112613989288cb4e185b690094e5f31d146,0
0x7bac58ea7b7e2db6f6f90cb092eda6445e76d530,0
0x228bdc5d40a804d376185f427636047063848003,0
0xf6578dd4ca1e510008851308cb2d4f5409a0e0fc,0
0x6a917dbcd4404191469813dea4e3e3ebd80128a2,0
0xf9517fc2fe52cc30e8619400b51919ebfeb842d5,0
0xc11a2ae6f6965bfdf7b1147e0594c5da5a356e7d,0
0xe8157e7e8726e0bf4a1e0511162c91315691bd62,0
0xdfec72c177cdae31c7f47ec462e8a4f5731ed88c,0
0x193bb8e6026afb05dac9afc9ef175016a41e51e8,0
0xc02953e8fa5d0f98c8b98f5d42d24d9ba71211be,0
0x7a368acb64c6f120b38dcaa9609a3b59c34342e0,0
0x7f54fb0bce5cf0677ba3ad1e8d717a86431c115e,0
0xf8ceb859408d5b65f2d66f33ca36766eefaf19d3,0
0x58d5829ffcbdbb53cb818e455bb7e23694bfd1c6,0
0xd44d45a888a18d22f76921f50396ebe3e60cdd7a,0
0xd838aa566e93e5b95b0ac7a53753baceba07599f,0
0x07fc33a9d5af0c54c0ca8be1e6132d8fe64b7b73,0
0xf7200445890b428153e6ec12a5bced1249dcabb1,0
0x6db033ee5d9be261da5c156dc8266a799c4cc68d,0
0x22ad9106952668648a309a7dc0ddd884d328028f,0
0x6c3d59154dd8a741772e5fbf71bb1c9a4a65b413,0
0x4341cf512f30da8d4b16eff7a3c44f1e362c8626,0
0x9c28d41824c778d9cb6c9aaf1284f79701cc43fd,0
0xdff9ce91f6bc87ff2d3627f42474e4e66f10314e,0
0x133a33ff70e3fb7f22975dfe5e2fec8204456bfc,0
0x5b6f97e3dda7da81b887235b824e8ef40a86221b,0
0x6ff6fc03cafa56dee86bb8eb03b38eb2b11500e2,0
0xbd06f04518de7c7696684acd3238837bf377b31d,0
0xdf5db39f2665f51a023dac6a2e66a3bb45ff61e1,0
0xa9719a5e70964e417ab944e148607de9351981f1,0
0xb183117dac13f08a988ca6e252107a6b22caec90,0
0xf35ca62b1f6af3afb36c070c83c3b679bc889664,0
0xaaff3209952ed735406a770acdacad1399154899,0
0xca7a238ddc868ee2aa390d3a55f0a2568afee6b6,0
0x453b97cb851749e09fc037ec27df1ef5e5c46173,0
0x630b0a24bd7288ccb4f118f9fc8dc9803cf31573,0
0xbdd7306ef161ce458e373c85dda9130d4d6e9345,0
0x1edb1892b7306cba2f0b28f9da79fc056c4a4198,0
0xa777ee6d934bb38c30c799bb5b146a90efdf5f9f,0
0xf2f72a2f74cfa2e2bdeb60dcdba027eb4a2cc646,0
0x0721a1555e0a5d51e80fb8e6eeea6c374ab76b04,0
0xda2f404c69db9e5ccf95455d11940aedf4407dcf,0
0x3b92065f74d1924e673e1168d002678c4b58dc56,0
0xe4198f928f51154b5ad162cae22459ecd1b70d12,0
0x4e135a362caeab842542d11561e002aaf21f5441,0
0xb051e668486b010f5e5e53d4442536eb0c162bfd,0
0x334633df924a69d650ce4d82aed666df318ff5ab,0
0x677de8b682cb819f25e6220c031d7d948f6f4553,0
0x8e08ec661f9ccbe514471e316deccd53a7d47860,0
0x88bf729163d0c7281e1fd596fd517cf341f9b3e9,0
0x9e5d602f2a94f853fd6a581f5eb77c1ba1a75829,0
0xc67759e3c25dd9e9ef6caccf6974cd1e09dba2c3,0
0xcf682e544227f711f66cb09aceafd82589d55cf6,0
0xcfcc6784108e489ae6bab59b7b8e5b804b0083f7,0
0xb9b1c13dd948605139918286511110568c4258c4,0
0xc676098c97f9f858a18902ed6d92653e69e85208,0
0x8c3b62bd1686dfc56681ed17a156f7df339b0f65,0
0x7c72e0c2df8e214172874041c83caa194782eb17,0
0x7bdbb402ad53284c87482c24ea2001285e4deddb,0
0x057ee2a62367ccaf78d1b6d6c0414e353ed7747b,0
0xccd6c3e1ff9b6fc1a09852a8e2548937179c59b0,0
0x0df08dbc23a9aa322e99db97c9b5ebb909de8dd1,0
0x707224272aef34d4c17a7571f21a4e0017b6ca80,0
0x3d7a512baa5521918cad8902791289546d78fba3,0
0x412b50a7942beddc161b914a8175226e5b843ed4,0
0xb6fadf169e84b65059fc116b78079f6f9c070180,0
0xa5d20123a8d7f918d21ab1d6964187bce61c4e44,0
0x5f19a285bbb545bbd7d2614c50310c1d789c055d,0
0xba55c206bcc30fa3d23881b3f6046d73ac1287f0,0
0x53307a8f2810e4b6144f616692ce406296d00aea,0
0x6846ee560a54344d9a4b93e5eba347b572398786,0
0x6f50518e8c411a2ae8f5702368ba8182ca753522,0
0x26e4c816f1198bceed148c2e892789e90da86293,0
0x6dde3a0be17e78e5853b3c4aa6d6ade66bd886d1,0
0xd9df36e6eb880f5cb9bb23ef97407a5a170956bd,0
0x300e9c55b668a07e4f176040ee7826e213f07c2a,0
0xb00a80f50b3e342e7bbe38b5cc956a7f0b8b4fd9,0
0x4c9944c22c96c2d1203114f0b72c5dd71840ca49,0
0xfd95bd8c5541971a85c98d61378ee73e280548cb,0
0xa0a7818ca24b2edcbb70934a2712f42d07cc99a4,0
0xba9f6c1ef561eaa5b076cddb742f0b2e485fc42c,0
0xb34549702b2ea70ee92ee955dcc56b5622090a0d,0
0x2d8b4c085817bb65c3b8e55beac4880e11d6e3aa,0
0x12862dd1df2db3a7001fb4b08f1d6d2b71196fcf,0
0x90a595df1d623b258b772a0f0ddd8d53417252b7,0
0x3181108c849919cb6d37f8e62393b41ffdf1f134,0
0xfda00748f247b4a8a42b82ef52158198d7b3d98b,0
0x84eba87f53a48ce85fd5ac527272bc931d31e700,0
0xe45f80be2999fd50d7ec9d40cd67e6f00ea56f11,0
0x1dfb36268c1f4fe339868a02f9deeeac050208eb,0
0x3e6cd490f701aa5b340f32405ac1a326c3c51886,0
0xa5a27d0073fb98fd23172ab7c41a3d478ccd0c8b,0
0x8ed959592eedb8c4ed73a336c925cadcb4863744,0
0xbffb3fec330ac8d98c04e7dc0957c675903c2690,0
0xc90ae3dba7f902c7b205206da0f5d9f729c260aa,0
0x4067b2e3e7153c245e01092f3ec191e47de1f6ab,0
0x30f0d773dd05db08facab236693d52768aaf6010,0
0x13a4ae29a4895785a0a466e0c9445a3273f91db6,0
0xc97e1bc103dc521c47f74d3b500be67badb778bf,0
0xb88da47aa9dedde31c8d22a847600ad4dd47c5c7,0
0xb3258f17a28bef7ce0cf911a7a3dbd8f6442cf47,0
0x42b0ff02bdc8019c669e4d5fb2d3b1747d41aec9,0
0x0d310f21fd963d38f91ea1cfce81e3a011c475ff,0
0xa45aeadd1e56f27cd58c4b5625fdc6d2ace9a1a9,0
0x933f4c44e3b8424e39a6477c17c2588f3a63ae40,0
0xdb28b65867441fc2407ef6e1ecc36536e535ecb8,0
0x92a54fd696fb1532c857d5042bdc304f17451bc6,0
0x1c1ed65fdc50cfc14f38754fb1bddf6475d7e14d,0
0xcef8aefce927362506bb6d9eb5117e9696976f76,0
0xd600167371390ea6788774e9b2333ee75ce0f73b,0
0xa1a7214b93686fb768d02f0ae3f9c51f14ae909b,0
0xae0b347b48e54343e24a613f9ea247dfce62325a,0
0x6584b4857414025df90486cf25c156bcc0733f7c,0
0x4bb59ab10467bbfe9cc65980658326f699951074,0
0x3c92c596acfa336e9ca217bc0f2a359fb373b3ee,0
0xa91666ef5c8cc08fac5562996521917379841f8e,0
0x0b4c6c05e1d5b27322760db5f618d961d3b4c476,0
0x1a4b001d53e690d67a36eb78e7a46adbff568b3c,0
0x572e4c1a04f882d95ddec62f6b5de2c462ae4436,0
0xe8e71d3a5dc3b201a7c63e0a57d7ef28d22346a9,0
0xaf715a0d13cb72b3de3f1c77a3c49084b2aa004d,0
0x59495e117b7d50ff7a4567e4355dc40c67be0e02,0
0x4e86a1815700adcfd9a985061a7b38380708c31e,0
0xefdd49565ba71550d171bfcce6ee879d2d4e809a,0
0x86784a67bbdd113bf5f9924f113078eab904fbcd,0
0xffb020dd0b5650d06b3647dd3d73733a4f9b8033,0
0x2c9b2cc8183d253259fb2e8dbd40e8ae688e27dd,0
0x5b6b12941561a3a2ec1b3162aac8c2447635faa8,0
0x58c6f7a4ab4f872f55e840f40cc9ce632e111042,0
0x95b05e999eb900ed123ba7cb99ba842500849ea3,0
0xbf6ab5379d56928fb816382b1748e79a698170e5,0
0x13566da85609733e6abd741ffce23e489716226a,0
0xb37738a6ba997f82e9af81a0ba33dd5dfb45e2ff,0
0xda27dcb8663332ff167ac94ddcdb48963127218c,0
0xb3dc2a871c306599623c663c429edfc603cdda8a,0
0x12e26308c05dd27e6fcdb78354282146e0353195,0
0x167a04b620ac583163c148b49adcfdd9e5b1461d,0
0x2a772b9a80695a07cc885b6ff8029a7960596dd2,0
0x6f91ed87dbe2683ae91b12371d6b3d45fa4c0346,0
0x40478aafa17c8b5282add59328783b77f79843b6,0
0xe242450b9204260c2d186374ca20bf4d3101201c,0
0xe9055f9c9140cfc856fe53b13be87c231bb82d6f,0
0x20dcae2771cb29d3802aaa62f84e04653acd3608,0
0xf28a10f9e0b13d83f565440257e7c6285c5859c0,0
0xce28ce6a5a0fbc0c54b640fff3fc7e1aedf9ca3f,0
0x176de56d2129d26f21f1228de38bcef8a5e16c04,0
0x9bb017177a88ab0253f696739a6199e78029cb61,0
0x07a95ae9977dbc07e18a723c787404e8e663a8e5,0
0x13cb7a0e8353927e5052e5834be15af0b3d8fc84,0
0x817ec6c8f0b92d4b4694d5a4a0056b0ec0861dfe,0
0x523c8aa8fbf99bcbcff02e3b9dea47571a0f0958,0
0xf879d10822ceb82e020e5efb0868bdd1a1560153,0
0x4167b779968bb1434aab8e811c03488e1cf46f0f,0
0xbe5b031a90beffdd325c3776ffa8157541961593,0
0xadd61612b4683ceb65c879ddec4e320a47b4cc59,0
0x064943f68c25f0c1ac46f5f5f57dff08af2bfa72,0
0xde4c8db46d4a128be881473d2d130689e6cc1bf5,0
0x5347448f59e2b50880278193cd3341a10c8b9daa,0
0x531538983fd0091a0c94a4b22922617aef9c19c3,0
0x22e92ce82f8f6255aebef9e2a2c5c88a032eaf37,0
0xcb9c641fd8f958b6237521fa8356be74bcf54c58,0
0x1b469890a3e053984d8ed9269d7a1300a7570523,0
0x8678a8e4481775b576818735d503b1a27bd4bb71,0
0xdb0959321e79ce925f26ceb4746b84b9c5e16dc2,0
0xe5c747ef7b55018360e83e0edc135b36b4a42fbc,0
0x25b54aa7988fd615945b65d121814d239b381175,0
0xa311f5cce219ca80b4633575fcf62e9c09767095,0
0xced671d8c7dc818ff42408a538b91fa8d4819514,0
0x678777c22fff5c6e11f01f38be144e60c1008dea,0
0xf1b60c0ccb9e12209fc96b09f77e6c428a7eb2b1,0
0x38e047bc97b6ecdc3a26dc50eddb02b2a751b92e,0
0xf3fb99a3ddce47fcf031b21fcb852784f7b45460,0
0xea0ed1925f9daddf246db0061cdeb2d55d70b219,0
0xae8941b83dbdf00a3b46d615969a479cd4b19f5d,0
0x01d6d0172868c9ca63de5fd68008ba876ede8dde,0
0x8d4f11ce65489aa87cf2dc4204dbd4e3102f70f5,0
0x37175656ce5e469809f7a894c2658b66ee587209,0
0x949ce414a048bc1b7f540c6c12ea2ae4db2b84be,0
0xfa2de969d9bddea3fd3dc716cf75e7983da269cc,0
0xe41bfd8fdb34a184eb893fbdac3fe1890779107b,0
0xfdb09e2092b5b192da8fd55e5dca24dad0bfc476,0
0x41f927eddd3323e1b09f822e291e290376ba1e31,0
0x103c0e3c743cede7633fc14a7c2293519fb43398,0
0x05dd0fdee8813876e2a1582ccdce6f0b8ea50264,0
0x884b6da76b7c83e46709c7137f451d76065f8149,0
0x9d297994c678719f9fb493834e0cfc3cbc1bc00e,0
0x48b6c0e01a05c3c04b0093ae7b1887a0b44f1e6a,0
0xde48845d1593c2c133aba6ddca3716d9d4e80e1b,0
0x620e3e08e33cf90cc9a0b2606a83e9e591c3afa3,0
0x20954f7f9f7b1315fd5d44499381f9697729b1ae,0
0xd9f8b472c7cea7f0cd007232b310d84c29cea770,0
0x5cdade91b11ab5c3ab8998f621504da19e85e617,0
0x635504ce0a1ddf35c5baeb85faa49793e292f92c,0
0x275bfe4d6e9681958ddaa675cd79e3fcebba2362,0
0x71a6e833b669791f212c9fc8ac0b9e480583deaf,0
0x28468b02aac65f789f320b71d7d145d0960ef8e2,0
0xa21e999bf2960890e714321be38c0a5b58de443d,0
0x07513899abef4ae316a02a99cdd1c86aa9d49968,0
0xcaf29efa222d8cb70ebe5f1add6d3313ab26c503,0
0x43a67e1520fb4d73c6e1a7db9b491b9b21d850dd,0
0x2dbaa0cdbb17da6b298a85fd41152c9335f3d518,0
0x48741fc01737be096836b2426c34fbda18bbcc97,0
0x059cff38fa05052d8f5c4eaf397f4aeba1eafee0,0
0x5ea95346e34eda219cf9ad84e177bce0ee4309ad,0
0x7f6aa01044cc384401db56895839a3c6ff0eda3a,0
0x130f810c74207d806d1d868b2e1427201b2c54c2,0
0x15b0f9ecab6e9026f6164c9f832abb52bd3dbf76,0
0x9b2ce85e75b61b0aff8ab76f10d8090dd6c3a98b,0
0xa11d312930e7a07569d93ab27ff05bd28e1368d2,0
0x221edad5ef16cbde9947cecc369387978881221c,0
0xd69d03df925a21dc33ee065c4efce9381dc6c3c1,0
0xe84c9d7bd185588e995367d8516c6539dd0c78fd,0
0xcf23da1d024b2fbcced15dfb005cdce838aaa9ac,0
0xc26fe5c3f6f26fa468c0e4388625330b655e5d9f,0
0x82bdbe8a535b38f208d63ab57c107c713eb5b953,0
0xb3a38ca83a8ee1314ffec629bad4ff0e7b1d00b8,0
0x41235f606916a2c730122d0e499f3eea3d2b5248,0
0x3e99315ef54dd1ba2856ff8dfefe5916a69f2126,0
0xe90f1536d72437c4138e740cc446672ea011ff2b,0
0xaf7105f38c81c67e71c50ee5edccbacf41636a93,0
0xbdf7508ed46ef059e6722088f72785581d270ca2,0
0x8df08ca94491fb2fc5721efbe1d36945456664c5,0
0xd858a086e26db3858312f325b8162766edb43d5e,0
0xdb0365b724890efb770e735ce7ff23103bb7c5b2,0
0xb4ed0047cc21d1e104b1cd673b64a7d4bd658f57,0
0xa14653c80f941dd284a17a205f877f14ad1034de,0
0x5d27bf02f5930ab875d0a9ce48c7792bf00ecae0,0
0x48dbae3c419ae800784ad9e5a731c8e6a9ca9529,0
0x352db29694cca91b5b5138d717f1a32111028a09,0
0xaead6aa0f6aa4430c16a81984a466a805266c342,0
0x264230d7cbdc4c838948f2c27ca16d06b0fe9057,0
0x661019fda8ea583d69623ec804f5840eeec49849,0
0x810fd242d1f2c98fb0e8dd083c1b5b0b900af706,0
0xe56b9a07bee0dd6da91d89c4a9ec0b609d01891e,0
0x4e970d5e52743dd01c20f3fb265c51e5079abde8,0
0x0e666be6c3e9000d75b7e0eb498848622a9bc989,0
0x20afca62eb51a501e3c867be60146fe627b5756c,0
0x6c522c5f4b96dfd8816a34468c08d458a96f31e5,0
0x8aed3887d158631eaddff54e7af314411beb203f,0
0x746f7355f51e573e0f06ec26b96a391d0ac563f6,0
0x9a373fc83cf0463b2a34f6c881606ed1dcef629f,0
0xcd421af8627174fb3f875209bc0d5824fc43e427,0
0xa16606bd5cc1dceef822f11671cb7188644eaa95,0
0x655670052ca2c1842653d74b4b46c9641b5f0205,0
0x1959b05f4633b8da530cd9d115f468d9c060c328,0
0x1c2625b3f65cc3aa1347ab5463781746044ca690,0
0x346c7c1a413bfdec7b32c20c40ed66cd2de3b271,0
0xe11680ce34e1103ce684ae7fdb1876dfcc1b05e4,0
0x976e9e930d2255a4a083c8f19487fc88d2e90345,0
0x667535a04480921cc96384573fd13efdfa9d26cb,0
0x3fafc06c08f8455255ea0599be2f6894960efa78,0
0x0027fb7788662d170392a0935a9f782e5c566bfb,0
0x3db121793fc45731132db358d760c4b9be0408b3,0
0x1bc72d0992a60a2100b582d29d339f08ee2b7cd0,0
0xb52fa5207637057f6d98ba55ac7e605328649dae,0
0x3b7c0243fc3150b42d52b92bf6843dd1bb9e541f,0
0x94856f123b5e8aeebc1b1ba5904b793aba861069,0
0x14014b4346857a0311286539804d95d7c9233d44,0
0x790d59614c464aca4b02856e67f8228dbe1641e5,0
0x17b3ed9ea4783aead23e6cd5cf1e80c9ff464aed,0
0x47acf4f6f29d0e482a53a5f23a65282457363fe8,0
0x674710537e1dce4c635411c5215d0d6dd2633729,0
0xb239e03ddfc43ef41df89726d2062dcb7e195c11,0
0x60c58bebc7428fa6b168432058149ecaf3704fba,0
0x640a4d6d4a51dc0e2dffe5946c2c08e4ccf9045c,0
0xd0d2c22757f1b2efa3d2afae5c6a29ac4b84a737,0
0x9b8d1dba493f3240ea0d701ddb14bbbe34b49878,0
0x6cb8ff0e5cc9bc707ea948d42874c849e556cd29,0
0x141a1b50e68db52cb95ed0ca1510d58c416d7b8e,0
0x98dd0460fdc6a44416b09dc9f96a2ab8d0327fc8,0
0x6e93607941cc5fa5ec8bcbef1c03e5e1c7a8198c,0
0x0aea8cb966ddb77bc146fdef8fe4d05389201446,0
0x4e67106f43221ff62fb94f23a7d8ed65d135726d,0
0x5b6ca333e5258e1ee61a4c5df62081e179c2f832,0
0x0955fe17bd30048d12d6510aff6b0373c2eda0f1,0
0xcf078a017aa4fec171b2c3024f73b40e5ce2e176,0
0xdbfd23397382655dc23ba2eaa053fdeb1446db85,0
0x2943f6fa1664a8cb0b49da68f8b2edbcfb450773,0
0xb6520c10af4cf1e63b819376d3913f340ba44142,0
0xf40af4543fda73ae0738e0a245f38a4eeeb6f1ad,0
0x1cc424a5893d56b9a7c1af9f3aae73d549c4c157,0
0x377c53bdc1f364ef79d1e17ef6abd6df25db48ca,0
0xdef806c6da711e890b959a30590769d505c46019,0
0xfa4876b25bcec78454a136a9e8b9d51b537a648a,0
0x0ef7486f3c2380b8bea9e7d5de5d2c966e389153,0
0x0fec11d33320c56ff29bb4892dd8ec20a938adc0,0
0xb6fed27e539b74b946cf28ef79157f1077cbdf7b,0
0x76a587fd0ed28fd30f13c396977ebca1e93a9f56,0
0xa4037da8a2b3331b8bf0c831d5840e3eb31d9816,0
0x4b1ca3215fbd24fc84322d820d54e58a8ba5df2b,0
0x272a0ebca33baf07203127651587b97b0f719fe7,0
0x1002cf8e6f9fb1eb1943d9bafb3ae6c92a0772fc,0
0xda28f0d5c1592c0ec7155f34d09a93fed36bc0f3,0
0x55a4e5fc5660ee3b6877c4a19ee06d90a053285b,0
0x4c73e20a569845edb914e633464d48bfa5388f84,0
0x7fbac789791ea39f4833265b720990d297aabd21,0
0x6f4bc81af8e3d649b0c1fec051666f09754bc743,0
0x3a1bc92e9fb5878aae8a07241a638030e8a09823,0
0x2273faf18b72f60cb9efea1ba4113d634e00f0ed,0
0xe5d2fa369488a230d5c611fcc1599110c5bfbbc7,0
0x017386c3ed5e7536373a0288ceba5d3199c2053f,0
0x6f2ea9cf7164670c1eb544bd445f899eea66f30a,0
0xb45a0d1fdb432643f7a99071dabc14a9424f0042,0
0x88c3f5456376fe7875dedba3c646f1a5c0fb34e5,0
0xe7a15ca301e220c62f950fa05b4dde2ee6ac5bb9,0
0x440d43a249fee14c964a2524be5f6a3f93035b5e,0
0xb1cedff7cd955a1cca200a9d3a1c50418a96ac07,0
0x190b839d183a2021543a5e7315962ff4e7a914b5,0
0xa1ac28e9f314e8e37ffecb040524720bb85ce932,0
0x34207d36c941e275a21a49458756c2dce9cd0d04,0
0xc99e0b0d1e3b3f63a6f9d60e87a147b0d02636f0,0
0xf1884896c5ed6c7356376c004d396e174fc01ea5,0
0xef79e7a7ff9303de5ab29c9ad3cf64444cb93ea6,0
0x946f3e072005e155e360bf821d6463d712e27d13,0
0x6ec92423248c33333ed4b539552c93ac7d656890,0
0x3f74c4a001cc6bb99c95d1f311bbc46d9a3988e8,0
0xbd367e69c4b5fde7b8a41d8a1f6733404d4746c9,0
0xa4daa4cd25632c27547327fa6a53e99b678233c9,0
0xc7145f6b75b2b79b1daf33315f797d199bc5a49d,0
0xe1164af083dc3d77837347d875b6afebf8699369,0
0x0ff8bd0ccca35ea503863fc9de07a4b9b7de1d3d,0
0xd6c9e47b23297dfe7d0301398c54a13026ac846c,0
0x75d566e8c9a0c1c2f76fb510e8390c1f315cea9e,0
0x15f2154e4aa45dba9e7de8fbba9b83d582c349c7,0
0x1ced766f3650c2e0e67da677ffda00126a16044a,0
0xe32a65fd87c33e5d78b74757e89496d21ca2866f,0
0xc85ea7692e201693e90371b15332ba1f846f1d78,0
0x95af4ee8287e886baac1a1d73abb1422c6bc9871,0
0x304a497bd542fa832c7d3437ff10aa9710a3e709,0
0xac6143343daebd8f08d8219ce43641521338882d,0
0x80d17dc76c97c4c7be003fa05a4d3b9b015ac4e9,0
0x66f7d1d310750946b69d8fda1baf363a74c98733,0
0xc5baa701e8690b25680c2503887025b3d560a297,0
0x676e1c7b4b297ce36706eacdfe6d7fb93e0211de,0
